{
	"feat": [
		{
			"name": "Dragon Wings",
			"source": "UAFeatsForRaces",
			"effects": [
				{
					"name": "Flying Speed",
					"changes": [
						{
							"key": "data.attributes.movement.fly",
							"mode": "UPGRADE",
							"value": 20
						}
					]
				}
			]
		},
		{
			"name": "Mobile",
			"source": "PHB",
			"effects": [
				{
					"name": "Movement Speed Increase",
					"changes": [
						{
							"key": "data.attributes.movement.walk",
							"mode": "ADD",
							"value": 10
						}
					]
				}
			]
		},
		{
			"name": "Squat Nimbleness",
			"source": "UAFeatsForRaces",
			"effects": [
				{
					"name": "Movement Speed Increase",
					"changes": [
						{
							"key": "data.attributes.movement.walk",
							"mode": "ADD",
							"value": 5
						}
					]
				}
			]
		},
		{
			"name": "Squat Nimbleness",
			"source": "XGE",
			"effects": [
				{
					"name": "Movement Speed Increase",
					"changes": [
						{
							"key": "data.attributes.movement.walk",
							"mode": "ADD",
							"value": 5
						}
					]
				}
			]
		},
		{
			"name": "Resilient",
			"source": "PHB",
			"effects": [
				{
					"name": "Saving Throw Proficiency",
					"changes": [
						{
							"key": "data.abilities.<$keys(import.chosenAbilityScoreIncrease)$>.proficient",
							"mode": "UPGRADE",
							"value": 1
						}
					]
				}
			]
		},
		{
			"name": "Observant",
			"source": "PHB",
			"effects": [
				{
					"changes": [
						{
							"key": "flags.dnd5e.observantFeat",
							"mode": "OVERRIDE",
							"value": true
						}
					]
				}
			]
		},
		{
			"name": "Alert",
			"source": "PHB",
			"effects": [
				{
					"changes": [
						{
							"key": "flags.dnd5e.initiativeAlert",
							"mode": "OVERRIDE",
							"value": true
						}
					]
				}
			]
		},
		{
			"name": "Elven Accuracy",
			"source": "XGE",
			"effects": [
				{
					"changes": [
						{
							"key": "flags.dnd5e.elvenAccuracy",
							"mode": "OVERRIDE",
							"value": true
						}
					]
				}
			]
		},
		{
			"name": "Tough",
			"source": "PHB",
			"effects": [
				{
					"name": "HP Increase",
					"changes": [
						{
							"key": "data.attributes.hp.max",
							"mode": "ADD",
							"value": "2 * @details.level"
						}
					]
				}
			]
		},
		{
			"name": "Lucky",
			"source": "PHB",
			"data": {
				"activation.type": "none",
				"activation.cost": 0,
				"uses.value": 3,
				"uses.max": 3,
				"uses.per": "lr",
				"actionType": "other",
				"formula": "1d20"
			}
		},
		{
			"name": "Fighting Initiate",
			"source": "TCE",
			"entries": [
				{
					"type": "options",
					"count": 1,
					"entries": [
						{
							"type": "refOptionalfeature",
							"optionalfeature": "Archery"
						},
						{
							"type": "refOptionalfeature",
							"optionalfeature": "Close Quarters Shooter|UALightDarkUnderdark"
						},
						{
							"type": "refOptionalfeature",
							"optionalfeature": "Defense"
						},
						{
							"type": "refOptionalfeature",
							"optionalfeature": "Dueling"
						},
						{
							"type": "refOptionalfeature",
							"optionalfeature": "Great Weapon Fighting"
						},
						{
							"type": "refOptionalfeature",
							"optionalfeature": "Mariner|UAWaterborneAdventures"
						},
						{
							"type": "refOptionalfeature",
							"optionalfeature": "Protection"
						},
						{
							"type": "refOptionalfeature",
							"optionalfeature": "Tunnel Fighter|UALightDarkUnderdark"
						},
						{
							"type": "refOptionalfeature",
							"optionalfeature": "Two-Weapon Fighting"
						},
						{
							"type": "refOptionalfeature",
							"optionalfeature": "Superior Technique|UAClassFeatureVariants"
						},
						{
							"type": "refOptionalfeature",
							"optionalfeature": "Blind Fighting|UAClassFeatureVariants"
						},
						{
							"type": "refOptionalfeature",
							"optionalfeature": "Interception|UAClassFeatureVariants"
						},
						{
							"type": "refOptionalfeature",
							"optionalfeature": "Thrown Weapon Fighting|UAClassFeatureVariants"
						},
						{
							"type": "refOptionalfeature",
							"optionalfeature": "Unarmed Fighting|UAClassFeatureVariants"
						},
						{
							"type": "refOptionalfeature",
							"optionalfeature": "Blind Fighting|TCE"
						},
						{
							"type": "refOptionalfeature",
							"optionalfeature": "Interception|TCE"
						},
						{
							"type": "refOptionalfeature",
							"optionalfeature": "Superior Technique|TCE"
						},
						{
							"type": "refOptionalfeature",
							"optionalfeature": "Thrown Weapon Fighting|TCE"
						},
						{
							"type": "refOptionalfeature",
							"optionalfeature": "Unarmed Fighting|TCE"
						}
					]
				}
			]
		},
		{
			"name": "Metamagic Adept",
			"source": "TCE",
			"entries": [
				{
					"type": "options",
					"count": 2,
					"entries": [
						{
							"type": "refOptionalfeature",
							"optionalfeature": "Careful Spell"
						},
						{
							"type": "refOptionalfeature",
							"optionalfeature": "Distant Spell"
						},
						{
							"type": "refOptionalfeature",
							"optionalfeature": "Empowered Spell"
						},
						{
							"type": "refOptionalfeature",
							"optionalfeature": "Extended Spell"
						},
						{
							"type": "refOptionalfeature",
							"optionalfeature": "Heightened Spell"
						},
						{
							"type": "refOptionalfeature",
							"optionalfeature": "Quickened Spell"
						},
						{
							"type": "refOptionalfeature",
							"optionalfeature": "Subtle Spell"
						},
						{
							"type": "refOptionalfeature",
							"optionalfeature": "Twinned Spell"
						},
						{
							"type": "refOptionalfeature",
							"optionalfeature": "Elemental Spell|UAClassFeatureVariants"
						},
						{
							"type": "refOptionalfeature",
							"optionalfeature": "Seeking Spell|UAClassFeatureVariants"
						},
						{
							"type": "refOptionalfeature",
							"optionalfeature": "Unerring Spell|UAClassFeatureVariants"
						},
						{
							"type": "refOptionalfeature",
							"optionalfeature": "Seeking Spell|TCE"
						},
						{
							"type": "refOptionalfeature",
							"optionalfeature": "Transmuted Spell|TCE"
						}
					]
				}
			]
		},
		{
			"name": "Martial Adept",
			"source": "PHB",
			"entries": [
				{
					"type": "options",
					"count": 2,
					"entries": [
						{
							"type": "refOptionalfeature",
							"optionalfeature": "Commander's Strike"
						},
						{
							"type": "refOptionalfeature",
							"optionalfeature": "Disarming Attack"
						},
						{
							"type": "refOptionalfeature",
							"optionalfeature": "Distracting Strike"
						},
						{
							"type": "refOptionalfeature",
							"optionalfeature": "Evasive Footwork"
						},
						{
							"type": "refOptionalfeature",
							"optionalfeature": "Feinting Attack"
						},
						{
							"type": "refOptionalfeature",
							"optionalfeature": "Goading Attack"
						},
						{
							"type": "refOptionalfeature",
							"optionalfeature": "Lunging Attack"
						},
						{
							"type": "refOptionalfeature",
							"optionalfeature": "Maneuvering Attack"
						},
						{
							"type": "refOptionalfeature",
							"optionalfeature": "Menacing Attack"
						},
						{
							"type": "refOptionalfeature",
							"optionalfeature": "Parry"
						},
						{
							"type": "refOptionalfeature",
							"optionalfeature": "Precision Attack"
						},
						{
							"type": "refOptionalfeature",
							"optionalfeature": "Pushing Attack"
						},
						{
							"type": "refOptionalfeature",
							"optionalfeature": "Rally"
						},
						{
							"type": "refOptionalfeature",
							"optionalfeature": "Riposte"
						},
						{
							"type": "refOptionalfeature",
							"optionalfeature": "Sweeping Attack"
						},
						{
							"type": "refOptionalfeature",
							"optionalfeature": "Trip Attack"
						}

					]
				}
			]
		},
		{
			"name": "Eldritch Adept",
			"source": "TCE",
			"entries": [
				{
					"type": "options",
					"count": 1,
					"entries": [
						{
							"type": "refOptionalfeature",
							"optionalfeature": "Agonizing Blast|PHB"
						},
						{
							"type": "refOptionalfeature",
							"optionalfeature": "Arcane Gunslinger|UAMM"
						},
						{
							"type": "refOptionalfeature",
							"optionalfeature": "Armor of Shadows|PHB"
						},
						{
							"type": "refOptionalfeature",
							"optionalfeature": "Ascendant Step|PHB"
						},
						{
							"type": "refOptionalfeature",
							"optionalfeature": "Aspect of the Moon|UARCO"
						},
						{
							"type": "refOptionalfeature",
							"optionalfeature": "Aspect of the Moon|UAWAW"
						},
						{
							"type": "refOptionalfeature",
							"optionalfeature": "Aspect of the Moon|XGE"
						},
						{
							"type": "refOptionalfeature",
							"optionalfeature": "Beast Speech|PHB"
						},
						{
							"type": "refOptionalfeature",
							"optionalfeature": "Beguiling Influence|PHB"
						},
						{
							"type": "refOptionalfeature",
							"optionalfeature": "Bewitching Whispers|PHB"
						},
						{
							"type": "refOptionalfeature",
							"optionalfeature": "Bond of the Talisman|TCE"
						},
						{
							"type": "refOptionalfeature",
							"optionalfeature": "Bond of the Talisman|UACFV"
						},
						{
							"type": "refOptionalfeature",
							"optionalfeature": "Book of Ancient Secrets|PHB"
						},
						{
							"type": "refOptionalfeature",
							"optionalfeature": "Burning Hex|UAWAW"
						},
						{
							"type": "refOptionalfeature",
							"optionalfeature": "Caiphon's Beacon|UAWAW"
						},
						{
							"type": "refOptionalfeature",
							"optionalfeature": "Chain Master's Fury|UACFV"
						},
						{
							"type": "refOptionalfeature",
							"optionalfeature": "Chains of Carceri|PHB"
						},
						{
							"type": "refOptionalfeature",
							"optionalfeature": "Chilling Hex|UAWAW"
						},
						{
							"type": "refOptionalfeature",
							"optionalfeature": "Chronicle of the Raven Queen|UAWAW"
						},
						{
							"type": "refOptionalfeature",
							"optionalfeature": "Claw of Acamar|UAWAW"
						},
						{
							"type": "refOptionalfeature",
							"optionalfeature": "Cloak of Baalzebul|UAWAW"
						},
						{
							"type": "refOptionalfeature",
							"optionalfeature": "Cloak of Flies|UARCO"
						},
						{
							"type": "refOptionalfeature",
							"optionalfeature": "Cloak of Flies|XGE"
						},
						{
							"type": "refOptionalfeature",
							"optionalfeature": "Curse Bringer|UAWAW"
						},
						{
							"type": "refOptionalfeature",
							"optionalfeature": "Devil's Sight|PHB"
						},
						{
							"type": "refOptionalfeature",
							"optionalfeature": "Dreadful Word|PHB"
						},
						{
							"type": "refOptionalfeature",
							"optionalfeature": "Eldritch Armor|UACFV"
						},
						{
							"type": "refOptionalfeature",
							"optionalfeature": "Eldritch Mind|TCE"
						},
						{
							"type": "refOptionalfeature",
							"optionalfeature": "Eldritch Mind|UACFV"
						},
						{
							"type": "refOptionalfeature",
							"optionalfeature": "Eldritch Sight|PHB"
						},
						{
							"type": "refOptionalfeature",
							"optionalfeature": "Eldritch Smite|UARCO"
						},
						{
							"type": "refOptionalfeature",
							"optionalfeature": "Eldritch Smite|XGE"
						},
						{
							"type": "refOptionalfeature",
							"optionalfeature": "Eldritch Spear|PHB"
						},
						{
							"type": "refOptionalfeature",
							"optionalfeature": "Eyes of the Rune Keeper|PHB"
						},
						{
							"type": "refOptionalfeature",
							"optionalfeature": "Far Scribe|TCE"
						},
						{
							"type": "refOptionalfeature",
							"optionalfeature": "Far Scribe|UACFV"
						},
						{
							"type": "refOptionalfeature",
							"optionalfeature": "Fiendish Vigor|PHB"
						},
						{
							"type": "refOptionalfeature",
							"optionalfeature": "Frost Lance|UARCO"
						},
						{
							"type": "refOptionalfeature",
							"optionalfeature": "Frost Lance|UAWAW"
						},
						{
							"type": "refOptionalfeature",
							"optionalfeature": "Gaze of Khirad|UAWAW"
						},
						{
							"type": "refOptionalfeature",
							"optionalfeature": "Gaze of Two Minds|PHB"
						},
						{
							"type": "refOptionalfeature",
							"optionalfeature": "Ghostly Gaze|UARCO"
						},
						{
							"type": "refOptionalfeature",
							"optionalfeature": "Ghostly Gaze|XGE"
						},
						{
							"type": "refOptionalfeature",
							"optionalfeature": "Gift of the Depths|UARCO"
						},
						{
							"type": "refOptionalfeature",
							"optionalfeature": "Gift of the Depths|XGE"
						},
						{
							"type": "refOptionalfeature",
							"optionalfeature": "Gift of the Ever-Living Ones|UARCO"
						},
						{
							"type": "refOptionalfeature",
							"optionalfeature": "Gift of the Ever-Living Ones|XGE"
						},
						{
							"type": "refOptionalfeature",
							"optionalfeature": "Gift of the Protectors|TCE"
						},
						{
							"type": "refOptionalfeature",
							"optionalfeature": "Gift of the Protectors|UACFV"
						},
						{
							"type": "refOptionalfeature",
							"optionalfeature": "Grasp of Hadar|UARCO"
						},
						{
							"type": "refOptionalfeature",
							"optionalfeature": "Grasp of Hadar|UAWAW"
						},
						{
							"type": "refOptionalfeature",
							"optionalfeature": "Grasp of Hadar|XGE"
						},
						{
							"type": "refOptionalfeature",
							"optionalfeature": "Green Lord's Gift|UAWAW"
						},
						{
							"type": "refOptionalfeature",
							"optionalfeature": "Improved Pact Weapon|UARCO"
						},
						{
							"type": "refOptionalfeature",
							"optionalfeature": "Improved Pact Weapon|UAWAW"
						},
						{
							"type": "refOptionalfeature",
							"optionalfeature": "Improved Pact Weapon|XGE"
						},
						{
							"type": "refOptionalfeature",
							"optionalfeature": "Investment of the Chain Master|TCE"
						},
						{
							"type": "refOptionalfeature",
							"optionalfeature": "Investment of the Chain Master|UACFV"
						},
						{
							"type": "refOptionalfeature",
							"optionalfeature": "Kiss of Mephistopheles|UARCO"
						},
						{
							"type": "refOptionalfeature",
							"optionalfeature": "Kiss of Mephistopheles|UAWAW"
						},
						{
							"type": "refOptionalfeature",
							"optionalfeature": "Lance of Lethargy|XGE"
						},
						{
							"type": "refOptionalfeature",
							"optionalfeature": "Lifedrinker|PHB"
						},
						{
							"type": "refOptionalfeature",
							"optionalfeature": "Mace of Dispater|UAWAW"
						},
						{
							"type": "refOptionalfeature",
							"optionalfeature": "Maddening Hex|UARCO"
						},
						{
							"type": "refOptionalfeature",
							"optionalfeature": "Maddening Hex|XGE"
						},
						{
							"type": "refOptionalfeature",
							"optionalfeature": "Mask of Many Faces|PHB"
						},
						{
							"type": "refOptionalfeature",
							"optionalfeature": "Master of Myriad Forms|PHB"
						},
						{
							"type": "refOptionalfeature",
							"optionalfeature": "Minions of Chaos|PHB"
						},
						{
							"type": "refOptionalfeature",
							"optionalfeature": "Mire the Mind|PHB"
						},
						{
							"type": "refOptionalfeature",
							"optionalfeature": "Misty Visions|PHB"
						},
						{
							"type": "refOptionalfeature",
							"optionalfeature": "Moon Bow|UAWAW"
						},
						{
							"type": "refOptionalfeature",
							"optionalfeature": "One with Shadows|PHB"
						},
						{
							"type": "refOptionalfeature",
							"optionalfeature": "Otherworldly Leap|PHB"
						},
						{
							"type": "refOptionalfeature",
							"optionalfeature": "Path of the Seeker|UAWAW"
						},
						{
							"type": "refOptionalfeature",
							"optionalfeature": "Protection of the Talisman|TCE"
						},
						{
							"type": "refOptionalfeature",
							"optionalfeature": "Protection of the Talisman|UACFV"
						},
						{
							"type": "refOptionalfeature",
							"optionalfeature": "Raven Queen's Blessing|UAWAW"
						},
						{
							"type": "refOptionalfeature",
							"optionalfeature": "Rebuke of the Talisman|TCE"
						},
						{
							"type": "refOptionalfeature",
							"optionalfeature": "Rebuke of the Talisman|UACFV"
						},
						{
							"type": "refOptionalfeature",
							"optionalfeature": "Relentless Hex|UARCO"
						},
						{
							"type": "refOptionalfeature",
							"optionalfeature": "Relentless Hex|UAWAW"
						},
						{
							"type": "refOptionalfeature",
							"optionalfeature": "Relentless Hex|XGE"
						},
						{
							"type": "refOptionalfeature",
							"optionalfeature": "Repelling Blast|PHB"
						},
						{
							"type": "refOptionalfeature",
							"optionalfeature": "Sculptor of Flesh|PHB"
						},
						{
							"type": "refOptionalfeature",
							"optionalfeature": "Sea Twins' Gift|UAWAW"
						},
						{
							"type": "refOptionalfeature",
							"optionalfeature": "Seeker's Speech|UAWAW"
						},
						{
							"type": "refOptionalfeature",
							"optionalfeature": "Shroud of Shadow|UARCO"
						},
						{
							"type": "refOptionalfeature",
							"optionalfeature": "Shroud of Shadow|XGE"
						},
						{
							"type": "refOptionalfeature",
							"optionalfeature": "Shroud of Ulban|UAWAW"
						},
						{
							"type": "refOptionalfeature",
							"optionalfeature": "Sign of Ill Omen|PHB"
						},
						{
							"type": "refOptionalfeature",
							"optionalfeature": "Superior Pact Weapon|UAWAW"
						},
						{
							"type": "refOptionalfeature",
							"optionalfeature": "Thief of Five Fates|PHB"
						},
						{
							"type": "refOptionalfeature",
							"optionalfeature": "Thirsting Blade|PHB"
						},
						{
							"type": "refOptionalfeature",
							"optionalfeature": "Tomb of Levistus|UARCO"
						},
						{
							"type": "refOptionalfeature",
							"optionalfeature": "Tomb of Levistus|UAWAW"
						},
						{
							"type": "refOptionalfeature",
							"optionalfeature": "Tomb of Levistus|XGE"
						},
						{
							"type": "refOptionalfeature",
							"optionalfeature": "Trickster's Escape|UARCO"
						},
						{
							"type": "refOptionalfeature",
							"optionalfeature": "Trickster's Escape|XGE"
						},
						{
							"type": "refOptionalfeature",
							"optionalfeature": "Ultimate Pact Weapon|UAWAW"
						},
						{
							"type": "refOptionalfeature",
							"optionalfeature": "Undying Servitude|TCE"
						},
						{
							"type": "refOptionalfeature",
							"optionalfeature": "Visions of Distant Realms|PHB"
						},
						{
							"type": "refOptionalfeature",
							"optionalfeature": "Voice of the Chain Master|PHB"
						},
						{
							"type": "refOptionalfeature",
							"optionalfeature": "Whispers of the Grave|PHB"
						},
						{
							"type": "refOptionalfeature",
							"optionalfeature": "Witch Sight|PHB"
						}
					]
				}
			]
		},
		{
			"name": "Dual Wielder",
			"source": "PHB",
			"effects": [
				{
					"name": "AC Increase",
					"changes": [
						{
							"key": "data.attributes.ac.bonus",
							"mode": "ADD",
							"value": 1
						}
					]
				}
			]
		}
	]
}
