{"adventure":[{"name":"Lost Mine of Phandelver","id":"LMoP","source":"LMoP","group":"supplement","level":{"start":1,"end":5},"storyline":"Starter Set","published":"2014-07-15"},{"name":"Hoard of the Dragon Queen","id":"HotDQ","source":"HotDQ","group":"supplement","level":{"start":1,"end":7},"storyline":"Tyranny of Dragons","published":"2014-08-19"},{"name":"Rise of Tiamat","id":"RoT","source":"RoT","group":"supplement","level":{"start":8,"end":15},"storyline":"Tyranny of Dragons","published":"2014-11-04"},{"name":"Princes of the Apocalypse","id":"PotA","source":"PotA","group":"supplement","level":{"start":1,"end":15},"storyline":"Elemental Evil","published":"2015-04-07"},{"name":"Out of the Abyss","id":"OotA","source":"OotA","group":"supplement","level":{"start":1,"end":15},"storyline":"Rage of Demons","published":"2015-09-15"},{"name":"Curse of Strahd","id":"CoS","source":"CoS","group":"supplement","level":{"start":1,"end":10},"storyline":"Ravenloft","published":"2016-03-15"},{"name":"Storm King's Thunder","id":"SKT","source":"SKT","group":"supplement","level":{"start":1,"end":11},"storyline":"Storm King's Thunder","published":"2016-09-06"},{"name":"Tales from the Yawning Portal: The Sunless Citadel","id":"TftYP-TSC","source":"TftYP-TSC","parentSource":"TftYP","parentName":"Tales from the Yawning Portal","group":"supplement","level":{"start":1,"end":3},"storyline":"Tales from the Yawning Portal","published":"2017-03-24","publishedOrder":0},{"name":"Tales from the Yawning Portal: The Forge of Fury","id":"TftYP-TFoF","source":"TftYP-TFoF","parentSource":"TftYP","parentName":"Tales from the Yawning Portal","group":"supplement","level":{"start":3,"end":5},"storyline":"Tales from the Yawning Portal","published":"2017-03-24","publishedOrder":1},{"name":"Tales from the Yawning Portal: The Hidden Shrine of Tamoachan","id":"TftYP-THSoT","source":"TftYP-THSoT","parentSource":"TftYP","parentName":"Tales from the Yawning Portal","group":"supplement","level":{"start":5,"end":8},"storyline":"Tales from the Yawning Portal","published":"2017-03-24","publishedOrder":2},{"name":"Tales from the Yawning Portal: White Plume Mountain","id":"TftYP-WPM","source":"TftYP-WPM","parentSource":"TftYP","parentName":"Tales from the Yawning Portal","group":"supplement","level":{"start":8,"end":9},"storyline":"Tales from the Yawning Portal","published":"2017-03-24","publishedOrder":3},{"name":"Tales from the Yawning Portal: Dead in Thay","id":"TftYP-DiT","source":"TftYP-DiT","parentSource":"TftYP","parentName":"Tales from the Yawning Portal","group":"supplement","level":{"start":9,"end":11},"storyline":"Tales from the Yawning Portal","published":"2017-03-24","publishedOrder":4},{"name":"Tales from the Yawning Portal: Against the Giants","id":"TftYP-AtG","source":"TftYP-AtG","parentSource":"TftYP","parentName":"Tales from the Yawning Portal","group":"supplement","level":{"start":11,"end":14},"storyline":"Tales from the Yawning Portal","published":"2017-03-24","publishedOrder":5},{"name":"Tales from the Yawning Portal: Tomb of Horrors","id":"TftYP-ToH","source":"TftYP-ToH","parentSource":"TftYP","parentName":"Tales from the Yawning Portal","group":"supplement","level":{"start":10,"end":14},"storyline":"Tales from the Yawning Portal","published":"2017-03-24","publishedOrder":6},{"name":"Tomb of Annihilation","id":"ToA","source":"ToA","group":"supplement","level":{"start":1,"end":11},"storyline":"Tomb of Annihilation","published":"2017-09-19"},{"name":"The Tortle Package","id":"TTP","source":"TTP","group":"supplement-alt","level":{"start":1,"end":4},"storyline":"Tomb of Annihilation","published":"2017-11-03"},{"name":"The Lost Kenku","id":"TLK","source":"TLK","group":"supplement-alt","level":{"start":4,"end":4},"storyline":"Extra Life","published":"2017-11-28"},{"name":"X Marks the Spot","id":"XMtS","source":"XMtS","group":"supplement-alt","level":{"start":4,"end":4},"storyline":"Ixalan","published":"2017-12-11"},{"name":"Waterdeep: Dragon Heist","id":"WDH","source":"WDH","group":"supplement","level":{"start":1,"end":5},"storyline":"Waterdeep","published":"2018-09-18"},{"name":"Lost Laboratory of Kwalish","id":"LLK","source":"LLK","group":"supplement-alt","level":{"start":5,"end":10},"storyline":"Extra Life","published":"2018-11-10"},{"name":"Waterdeep: Dungeon of the Mad Mage","id":"WDMM","source":"WDMM","group":"supplement","level":{"start":5,"end":20},"storyline":"Waterdeep","published":"2018-11-13"},{"name":"Krenko's Way","id":"KKW","source":"KKW","group":"supplement-alt","level":{"start":1,"end":2},"storyline":"Ravnica","published":"2018-11-20"},{"name":"A Zib for Your Thoughts","id":"AZfyT","source":"AZfyT","group":"supplement-alt","level":{"start":2,"end":2},"storyline":"Ravnica","published":"2019-03-05"},{"name":"Ghosts of Saltmarsh","id":"GoS","source":"GoS","group":"supplement","level":{"start":1,"end":12},"storyline":"Ghosts of Saltmarsh","published":"2019-05-21"},{"name":"Hunt for the Thessalhydra","id":"HftT","source":"HftT","group":"supplement-alt","level":{"start":3,"end":4},"storyline":"Stranger Things","published":"2019-05-21"},{"name":"The Orrery of the Wanderer","id":"OoW","source":"OoW","group":"supplement","level":{"start":1,"end":6},"storyline":"Acquisitions Incorporated","published":"2019-06-18"},{"name":"Essentials Kit: Dragon of Icespire Peak","id":"DIP","source":"DIP","parentSource":"ESK","parentName":"Essentials Kit","group":"supplement","level":{"start":1,"end":6},"storyline":"Essentials Kit","published":"2019-06-24","publishedOrder":0},{"name":"Essentials Kit: Storm Lord's Wrath","id":"SLW","source":"SLW","parentSource":"ESK","parentName":"Essentials Kit","group":"supplement","level":{"start":7,"end":9},"storyline":"Essentials Kit","published":"2019-09-03","publishedOrder":1},{"name":"Essentials Kit: Sleeping Dragon's Wake","id":"SDW","source":"SDW","parentSource":"ESK","parentName":"Essentials Kit","group":"supplement","level":{"start":9,"end":11},"storyline":"Essentials Kit","published":"2019-09-03","publishedOrder":2},{"name":"Essentials Kit: Divine Contention","id":"DC","source":"DC","parentSource":"ESK","parentName":"Essentials Kit","group":"supplement","level":{"start":11,"end":12},"storyline":"Essentials Kit","published":"2019-09-03","publishedOrder":3},{"name":"Baldur's Gate: Descent Into Avernus","id":"BGDIA","source":"BGDIA","group":"supplement","level":{"start":1,"end":13},"storyline":"Baldur's Gate","published":"2019-09-18"},{"name":"Locathah Rising","id":"LR","source":"LR","group":"supplement-alt","level":{"start":9,"end":9},"storyline":"Extra Life","published":"2019-09-19"},{"name":"Infernal Machine Rebuild","id":"IMR","source":"IMR","group":"supplement-alt","level":{"start":5,"end":10},"storyline":"Extra Life","published":"2019-11-12"},{"name":"Eberron: Forgotten Relics","id":"EFR","source":"EFR","group":"supplement","level":{"start":1,"end":2},"storyline":"Eberron","published":"2019-11-19"},{"name":"The Lost Dungeon of Rickedness: Big Rick Energy","id":"RMBRE","source":"RMBRE","group":"supplement","level":{"start":1,"end":3},"storyline":"Rick and Morty","published":"2019-11-19"},{"name":"Wildemount: Tide of Retribution","id":"ToR","source":"ToR","parentSource":"EGW","parentName":"Explorer’s Guide to Wildemount","group":"supplement","level":{"start":1,"end":3},"storyline":"Wildemount","published":"2020-03-17","publishedOrder":0},{"name":"Wildemount: Dangerous Designs","id":"DD","source":"DD","parentSource":"EGW","parentName":"Explorer’s Guide to Wildemount","group":"supplement","level":{"start":1,"end":3},"storyline":"Wildemount","published":"2020-03-17","publishedOrder":1},{"name":"Wildemount: Frozen Sick","id":"FS","source":"FS","parentSource":"EGW","parentName":"Explorer’s Guide to Wildemount","group":"supplement","level":{"start":1,"end":3},"storyline":"Wildemount","published":"2020-03-17","publishedOrder":2},{"name":"Wildemount: Unwelcome Spirits","id":"US","source":"US","parentSource":"EGW","parentName":"Explorer’s Guide to Wildemount","group":"supplement","level":{"start":1,"end":3},"storyline":"Wildemount","published":"2020-03-17","publishedOrder":3},{"name":"Theros: No Silent Secret","id":"MOT-NSS","source":"MOT","group":"supplement","level":{"start":1,"end":2},"storyline":"Mythic Odysseys of Theros","published":"2020-06-02"},{"name":"Icewind Dale: Rime of the Frostmaiden","id":"IDRotF","source":"IDRotF","group":"supplement","level":{"start":1,"end":12},"storyline":"Icewind Dale","published":"2020-09-15"},{"name":"Candlekeep Mysteries","id":"CM","source":"CM","group":"supplement","level":{"start":1,"end":16},"storyline":"Candlekeep Mysteries","published":"2021-03-16"},{"name":"Ravenloft: The House of Lament","id":"HoL","source":"HoL","group":"supplement","level":{"start":1,"end":3},"storyline":"Ravenloft","published":"2021-05-18"},{"name":"Return to the Glory","id":"RtG","source":"RtG","group":"supplement-alt","level":{"start":6,"end":8},"storyline":"Extra Life","published":"2021-05-21"},{"name":"Adventures in the Forgotten Realms: In Scarlet Flames","id":"AitFR-ISF","source":"AitFR-ISF","parentSource":"AitFR","parentName":"Adventures in the Forgotten Realms","group":"supplement-alt","level":{"start":8,"end":8},"storyline":"Adventures in the Forgotten Realms","published":"2021-06-30"},{"name":"Adventures in the Forgotten Realms: The Hidden Page","id":"AitFR-THP","source":"AitFR-THP","parentSource":"AitFR","parentName":"Adventures in the Forgotten Realms","group":"supplement-alt","level":{"start":8,"end":9},"storyline":"Adventures in the Forgotten Realms","published":"2021-07-07"},{"name":"Adventures in the Forgotten Realms: A Verdant Tomb","id":"AitFR-AVT","source":"AitFR-AVT","parentSource":"AitFR","parentName":"Adventures in the Forgotten Realms","group":"supplement-alt","level":{"start":9,"end":9},"storyline":"Adventures in the Forgotten Realms","published":"2021-07-14"},{"name":"Adventures in the Forgotten Realms: Deepest Night","id":"AitFR-DN","source":"AitFR-DN","parentSource":"AitFR","parentName":"Adventures in the Forgotten Realms","group":"supplement-alt","level":{"start":9,"end":10},"storyline":"Adventures in the Forgotten Realms","published":"2021-07-21"},{"name":"Adventures in the Forgotten Realms: From Cyan Depths","id":"AitFR-FCD","source":"AitFR-FCD","parentSource":"AitFR","parentName":"Adventures in the Forgotten Realms","group":"supplement-alt","level":{"start":10,"end":10},"storyline":"Adventures in the Forgotten Realms","published":"2021-07-28"},{"name":"NERDS Restoring Harmony: The Candy Mountain Caper","id":"NRH-TCMC","source":"NRH-TCMC","parentSource":"NRH","parentName":"NERDS Restoring Harmony","group":"supplement-alt","level":{"start":1,"end":3},"storyline":"NERDS Restoring Harmony","published":"2021-09-01","publishedOrder":0},{"name":"NERDS Restoring Harmony: A Voice in the Wilderness","id":"NRH-AVitW","source":"NRH-AVitW","parentSource":"NRH","parentName":"NERDS Restoring Harmony","group":"supplement-alt","level":{"start":1,"end":3},"storyline":"NERDS Restoring Harmony","published":"2021-09-01","publishedOrder":1},{"name":"NERDS Restoring Harmony: A Sticky Situation","id":"NRH-ASS","source":"NRH-ASS","parentSource":"NRH","parentName":"NERDS Restoring Harmony","group":"supplement-alt","level":{"start":1,"end":3},"storyline":"NERDS Restoring Harmony","published":"2021-09-01","publishedOrder":2},{"name":"NERDS Restoring Harmony: Circus of Illusion","id":"NRH-CoI","source":"NRH-CoI","parentSource":"NRH","parentName":"NERDS Restoring Harmony","group":"supplement-alt","level":{"start":1,"end":3},"storyline":"NERDS Restoring Harmony","published":"2021-09-01","publishedOrder":3},{"name":"NERDS Restoring Harmony: The Lost Tomb","id":"NRH-TLT","source":"NRH-TLT","parentSource":"NRH","parentName":"NERDS Restoring Harmony","group":"supplement-alt","level":{"start":1,"end":3},"storyline":"NERDS Restoring Harmony","published":"2021-09-01","publishedOrder":4},{"name":"NERDS Restoring Harmony: A Web of Lies","id":"NRH-AWoL","source":"NRH-AWoL","parentSource":"NRH","parentName":"NERDS Restoring Harmony","group":"supplement-alt","level":{"start":1,"end":3},"storyline":"NERDS Restoring Harmony","published":"2021-09-01","publishedOrder":5},{"name":"NERDS Restoring Harmony: Adventure Together","id":"NRH-AT","source":"NRH-AT","parentSource":"NRH","parentName":"NERDS Restoring Harmony","group":"supplement-alt","level":{"start":1,"end":3},"storyline":"NERDS Restoring Harmony","published":"2021-09-01","publishedOrder":6},{"name":"The Wild Beyond the Witchlight","id":"WBtW","source":"WBtW","group":"supplement","level":{"start":1,"end":8},"storyline":"The Wild Beyond the Witchlight","published":"2021-09-21"},{"name":"Strixhaven: Campus Kerfuffle","id":"SCC-CK","source":"SCC-CK","parentSource":"SCC","parentName":"Strixhaven: A Curriculum of Chaos","group":"supplement","level":{"start":1,"end":4},"storyline":"Strixhaven","published":"2021-12-07","publishedOrder":0},{"name":"Strixhaven: Hunt for Mage Tower","id":"SCC-HfMT","source":"SCC-HfMT","parentSource":"SCC","parentName":"Strixhaven: A Curriculum of Chaos","group":"supplement","level":{"start":4,"end":6},"storyline":"Strixhaven","published":"2021-12-07","publishedOrder":1},{"name":"Strixhaven: The Magister's Masquerade","id":"SCC-TMM","source":"SCC-TMM","parentSource":"SCC","parentName":"Strixhaven: A Curriculum of Chaos","group":"supplement","level":{"start":6,"end":8},"storyline":"Strixhaven","published":"2021-12-07","publishedOrder":2},{"name":"Strixhaven: A Reckoning in Ruins","id":"SCC-ARiR","source":"SCC-ARiR","parentSource":"SCC","parentName":"Strixhaven: A Curriculum of Chaos","group":"supplement","level":{"start":8,"end":10},"storyline":"Strixhaven","published":"2021-12-07","publishedOrder":3},{"name":"Critical Role: Call of the Netherdeep","id":"CRCotN","source":"CRCotN","group":"supplement","level":{"start":3,"end":13},"storyline":"Critical Role","published":"2022-03-15"}],"book":[{"name":"Player's Handbook","id":"PHB","source":"PHB","group":"core","published":"2014-08-19"},{"name":"Monster Manual","id":"MM","source":"MM","group":"core","published":"2014-09-30"},{"name":"Dungeon Master's Guide","id":"DMG","source":"DMG","group":"core","published":"2014-12-09"},{"name":"Dungeon Master's Screen","id":"Screen","source":"Screen","group":"screen","published":"2015-01-20"},{"name":"Sword Coast Adventurer's Guide","id":"SCAG","source":"SCAG","group":"setting","published":"2015-11-03"},{"name":"Plane Shift: Zendikar","id":"PS-Z","source":"PSZ","group":"supplement-alt","published":"2016-04-27"},{"name":"Plane Shift: Innistrad","id":"PS-I","source":"PSI","group":"supplement-alt","published":"2016-07-12"},{"name":"Adventurers League","id":"AL","source":"AL","group":"other","published":"2016-08-26"},{"name":"Volo's Guide to Monsters","id":"VGM","source":"VGM","group":"supplement","published":"2016-11-15"},{"name":"Plane Shift: Kaladesh","id":"PS-K","source":"PSK","group":"supplement-alt","published":"2017-02-16"},{"name":"Plane Shift: Amonkhet","id":"PS-A","source":"PSA","group":"supplement-alt","published":"2017-07-06"},{"name":"One Grung Above","id":"OGA","source":"OGA","group":"supplement-alt","published":"2017-10-11"},{"name":"Xanathar's Guide to Everything","id":"XGE","source":"XGE","group":"supplement","published":"2017-11-21"},{"name":"Plane Shift: Ixalan","id":"PS-X","source":"PSX","group":"supplement-alt","published":"2018-01-09"},{"name":"Mordenkainen's Tome of Foes","id":"MTF","source":"MTF","group":"supplement","published":"2018-05-29"},{"name":"Plane Shift: Dominaria","id":"PS-D","source":"PSD","group":"supplement-alt","published":"2018-07-31"},{"name":"Guildmasters' Guide to Ravnica","id":"GGR","source":"GGR","group":"setting","published":"2018-11-20"},{"name":"Sage Advice Compendium","id":"SAC","source":"SAC","group":"other","published":"2019-01-31"},{"name":"Acquisitions Incorporated","id":"AI","source":"AI","group":"supplement","published":"2019-06-18"},{"name":"Dungeons & Dragons vs. Rick and Morty: Basic Rules","id":"RMR","source":"RMR","group":"supplement","published":"2019-11-19"},{"name":"Eberron: Rising from the Last War","id":"ERLW","source":"ERLW","group":"setting","published":"2019-11-19"},{"name":"Explorer's Guide to Wildemount","id":"EGW","source":"EGW","group":"setting","published":"2020-03-17"},{"name":"Mythic Odysseys of Theros","id":"MOT","source":"MOT","group":"setting","published":"2020-06-02"},{"name":"Dungeon Master's Screen: Dungeon Kit","id":"ScreenDungeonKit","source":"ScreenDungeonKit","group":"screen","published":"2020-09-21"},{"name":"Dungeon Master's Screen: Wilderness Kit","id":"ScreenWildernessKit","source":"ScreenWildernessKit","group":"screen","published":"2020-11-17"},{"name":"Tasha's Cauldron of Everything","id":"TCE","source":"TCE","group":"supplement","published":"2020-11-17"},{"name":"Van Richten's Guide to Ravenloft","id":"VRGR","source":"VRGR","group":"setting","published":"2021-05-18"},{"name":"Domains of Delight","id":"DoD","source":"DoD","group":"supplement-alt","published":"2021-09-21"},{"name":"Minsc and Boo's Journal of Villainy","id":"MaBJoV","source":"MaBJoV","group":"supplement-alt","published":"2021-10-05"},{"name":"Fizban's Treasury of Dragons","id":"FTD","source":"FTD","group":"supplement","published":"2021-10-26"},{"name":"Strixhaven: A Curriculum of Chaos","id":"SCC","source":"SCC","group":"setting","published":"2021-12-07"},{"name":"Mordenkainen Presents: Monsters of the Multiverse","id":"MPMM","source":"MPMM","group":"supplement","published":"2022-01-25"}]}