{"x":[{"c":2,"s":0,"id":0,"u":"acid%20splash_phb","p":211,"h":1,"r":1,"lvl":0,"n":"Acid Splash"},{"c":2,"s":0,"id":1,"u":"aid_phb","p":211,"h":1,"r":1,"lvl":2,"n":"Aid"},{"c":2,"s":0,"id":2,"u":"alarm_phb","p":211,"h":1,"r":1,"lvl":1,"n":"Alarm"},{"c":2,"s":0,"id":3,"u":"alter%20self_phb","p":211,"h":1,"r":1,"lvl":2,"n":"Alter Self"},{"c":2,"s":0,"id":4,"u":"animal%20friendship_phb","p":212,"h":1,"r":1,"lvl":1,"n":"Animal Friendship"},{"c":2,"s":0,"id":5,"u":"animal%20messenger_phb","p":212,"h":1,"r":1,"lvl":2,"n":"Animal Messenger"},{"c":2,"s":0,"id":6,"u":"animal%20shapes_phb","p":212,"h":1,"r":1,"lvl":8,"n":"Animal Shapes"},{"c":2,"s":0,"id":7,"u":"animate%20dead_phb","p":212,"h":1,"r":1,"lvl":3,"n":"Animate Dead"},{"c":2,"s":0,"id":8,"u":"animate%20objects_phb","p":213,"h":1,"r":1,"lvl":5,"n":"Animate Objects"},{"c":2,"s":0,"id":9,"u":"antilife%20shell_phb","p":213,"h":1,"r":1,"lvl":5,"n":"Antilife Shell"},{"c":2,"s":0,"id":10,"u":"antimagic%20field_phb","p":213,"h":1,"r":1,"lvl":8,"n":"Antimagic Field"},{"c":2,"s":0,"id":11,"u":"antipathy%2fsympathy_phb","p":214,"h":1,"r":1,"lvl":8,"n":"Antipathy/Sympathy"},{"c":2,"s":0,"id":12,"u":"arcane%20eye_phb","p":214,"h":1,"r":1,"lvl":4,"n":"Arcane Eye"},{"c":2,"s":0,"id":13,"u":"arcane%20gate_phb","p":214,"h":1,"lvl":6,"n":"Arcane Gate"},{"c":2,"s":0,"id":14,"u":"arcane%20lock_phb","p":215,"h":1,"r":1,"lvl":2,"n":"Arcane Lock"},{"c":2,"s":0,"id":15,"u":"armor%20of%20agathys_phb","p":215,"h":1,"lvl":1,"n":"Armor of Agathys"},{"c":2,"s":0,"id":16,"u":"arms%20of%20hadar_phb","p":215,"h":1,"lvl":1,"n":"Arms of Hadar"},{"c":2,"s":0,"id":17,"u":"astral%20projection_phb","p":215,"h":1,"r":1,"lvl":9,"n":"Astral Projection"},{"c":2,"s":0,"id":18,"u":"augury_phb","p":215,"h":1,"r":1,"lvl":2,"n":"Augury"},{"c":2,"s":0,"id":19,"u":"aura%20of%20life_phb","p":216,"h":1,"lvl":4,"n":"Aura of Life"},{"c":2,"s":0,"id":20,"u":"aura%20of%20purity_phb","p":216,"h":1,"lvl":4,"n":"Aura of Purity"},{"c":2,"s":0,"id":21,"u":"aura%20of%20vitality_phb","p":216,"h":1,"lvl":3,"n":"Aura of Vitality"},{"c":2,"s":0,"id":22,"u":"awaken_phb","p":216,"h":1,"r":1,"lvl":5,"n":"Awaken"},{"c":2,"s":0,"id":23,"u":"bane_phb","p":216,"h":1,"r":1,"lvl":1,"n":"Bane"},{"c":2,"s":0,"id":24,"u":"banishing%20smite_phb","p":216,"h":1,"lvl":5,"n":"Banishing Smite"},{"c":2,"s":0,"id":25,"u":"banishment_phb","p":217,"h":1,"r":1,"lvl":4,"n":"Banishment"},{"c":2,"s":0,"id":26,"u":"barkskin_phb","p":217,"h":1,"r":1,"lvl":2,"n":"Barkskin"},{"c":2,"s":0,"id":27,"u":"beacon%20of%20hope_phb","p":217,"h":1,"r":1,"lvl":3,"n":"Beacon of Hope"},{"c":2,"s":0,"id":28,"u":"beast%20sense_phb","p":217,"h":1,"lvl":2,"n":"Beast Sense"},{"c":2,"s":0,"id":29,"u":"bestow%20curse_phb","p":218,"h":1,"r":1,"lvl":3,"n":"Bestow Curse"},{"c":2,"s":0,"id":30,"u":"bigby's%20hand_phb","p":218,"h":1,"r":1,"lvl":5,"n":"Bigby's Hand"},{"c":2,"s":0,"id":31,"u":"blade%20barrier_phb","p":218,"h":1,"r":1,"lvl":6,"n":"Blade Barrier"},{"c":2,"s":0,"id":32,"u":"blade%20ward_phb","p":218,"h":1,"lvl":0,"n":"Blade Ward"},{"c":2,"s":0,"id":33,"u":"bless_phb","p":219,"h":1,"r":1,"lvl":1,"n":"Bless"},{"c":2,"s":0,"id":34,"u":"blight_phb","p":219,"h":1,"r":1,"lvl":4,"n":"Blight"},{"c":2,"s":0,"id":35,"u":"blinding%20smite_phb","p":219,"h":1,"lvl":3,"n":"Blinding Smite"},{"c":2,"s":0,"id":36,"u":"blindness%2fdeafness_phb","p":219,"h":1,"r":1,"lvl":2,"n":"Blindness/Deafness"},{"c":2,"s":0,"id":37,"u":"blink_phb","p":219,"h":1,"r":1,"lvl":3,"n":"Blink"},{"c":2,"s":0,"id":38,"u":"blur_phb","p":219,"h":1,"r":1,"lvl":2,"n":"Blur"},{"c":2,"s":0,"id":39,"u":"branding%20smite_phb","p":219,"h":1,"r":1,"lvl":2,"n":"Branding Smite"},{"c":2,"s":0,"id":40,"u":"burning%20hands_phb","p":220,"h":1,"r":1,"lvl":1,"n":"Burning Hands"},{"c":2,"s":0,"id":41,"u":"call%20lightning_phb","p":220,"h":1,"r":1,"lvl":3,"n":"Call Lightning"},{"c":2,"s":0,"id":42,"u":"calm%20emotions_phb","p":221,"h":1,"r":1,"lvl":2,"n":"Calm Emotions"},{"c":2,"s":0,"id":43,"u":"chain%20lightning_phb","p":221,"h":1,"r":1,"lvl":6,"n":"Chain Lightning"},{"c":2,"s":0,"id":44,"u":"charm%20person_phb","p":221,"h":1,"r":1,"lvl":1,"n":"Charm Person"},{"c":2,"s":0,"id":45,"u":"chill%20touch_phb","p":221,"h":1,"r":1,"lvl":0,"n":"Chill Touch"},{"c":2,"s":0,"id":46,"u":"chromatic%20orb_phb","p":221,"h":1,"lvl":1,"n":"Chromatic Orb"},{"c":2,"s":0,"id":47,"u":"circle%20of%20death_phb","p":221,"h":1,"r":1,"lvl":6,"n":"Circle of Death"},{"c":2,"s":0,"id":48,"u":"circle%20of%20power_phb","p":221,"h":1,"lvl":5,"n":"Circle of Power"},{"c":2,"s":0,"id":49,"u":"clairvoyance_phb","p":222,"h":1,"r":1,"lvl":3,"n":"Clairvoyance"},{"c":2,"s":0,"id":50,"u":"clone_phb","p":222,"h":1,"r":1,"lvl":8,"n":"Clone"},{"c":2,"s":0,"id":51,"u":"cloud%20of%20daggers_phb","p":222,"h":1,"lvl":2,"n":"Cloud of Daggers"},{"c":2,"s":0,"id":52,"u":"cloudkill_phb","p":222,"h":1,"r":1,"lvl":5,"n":"Cloudkill"},{"c":2,"s":0,"id":53,"u":"color%20spray_phb","p":222,"h":1,"r":1,"lvl":1,"n":"Color Spray"},{"c":2,"s":0,"id":54,"u":"command_phb","p":223,"h":1,"r":1,"lvl":1,"n":"Command"},{"c":2,"s":0,"id":55,"u":"commune_phb","p":223,"h":1,"r":1,"lvl":5,"n":"Commune"},{"c":2,"s":0,"id":56,"u":"commune%20with%20nature_phb","p":224,"h":1,"r":1,"lvl":5,"n":"Commune with Nature"},{"c":2,"s":0,"id":57,"u":"compelled%20duel_phb","p":224,"h":1,"lvl":1,"n":"Compelled Duel"},{"c":2,"s":0,"id":58,"u":"comprehend%20languages_phb","p":224,"h":1,"r":1,"lvl":1,"n":"Comprehend Languages"},{"c":2,"s":0,"id":59,"u":"compulsion_phb","p":224,"h":1,"r":1,"lvl":4,"n":"Compulsion"},{"c":2,"s":0,"id":60,"u":"cone%20of%20cold_phb","p":224,"h":1,"r":1,"lvl":5,"n":"Cone of Cold"},{"c":2,"s":0,"id":61,"u":"confusion_phb","p":224,"h":1,"r":1,"lvl":4,"n":"Confusion"},{"c":2,"s":0,"id":62,"u":"conjure%20animals_phb","p":225,"h":1,"r":1,"lvl":3,"n":"Conjure Animals"},{"c":2,"s":0,"id":63,"u":"conjure%20barrage_phb","p":225,"h":1,"lvl":3,"n":"Conjure Barrage"},{"c":2,"s":0,"id":64,"u":"conjure%20celestial_phb","p":225,"h":1,"r":1,"lvl":7,"n":"Conjure Celestial"},{"c":2,"s":0,"id":65,"u":"conjure%20elemental_phb","p":225,"h":1,"r":1,"lvl":5,"n":"Conjure Elemental"},{"c":2,"s":0,"id":66,"u":"conjure%20fey_phb","p":226,"h":1,"r":1,"lvl":6,"n":"Conjure Fey"},{"c":2,"s":0,"id":67,"u":"conjure%20minor%20elementals_phb","p":226,"h":1,"r":1,"lvl":4,"n":"Conjure Minor Elementals"},{"c":2,"s":0,"id":68,"u":"conjure%20volley_phb","p":226,"h":1,"lvl":5,"n":"Conjure Volley"},{"c":2,"s":0,"id":69,"u":"conjure%20woodland%20beings_phb","p":226,"h":1,"r":1,"lvl":4,"n":"Conjure Woodland Beings"},{"c":2,"s":0,"id":70,"u":"contact%20other%20plane_phb","p":226,"h":1,"r":1,"lvl":5,"n":"Contact Other Plane"},{"c":2,"s":0,"id":71,"u":"contagion_phb","p":227,"h":1,"r":1,"lvl":5,"n":"Contagion"},{"c":2,"s":0,"id":72,"u":"contingency_phb","p":227,"h":1,"r":1,"lvl":6,"n":"Contingency"},{"c":2,"s":0,"id":73,"u":"continual%20flame_phb","p":227,"h":1,"r":1,"lvl":2,"n":"Continual Flame"},{"c":2,"s":0,"id":74,"u":"control%20water_phb","p":227,"h":1,"r":1,"lvl":4,"n":"Control Water"},{"c":2,"s":0,"id":75,"u":"control%20weather_phb","p":228,"h":1,"r":1,"lvl":8,"n":"Control Weather"},{"c":2,"s":0,"id":76,"u":"cordon%20of%20arrows_phb","p":228,"h":1,"lvl":2,"n":"Cordon of Arrows"},{"c":2,"s":0,"id":77,"u":"counterspell_phb","p":228,"h":1,"r":1,"lvl":3,"n":"Counterspell"},{"c":2,"s":0,"id":78,"u":"create%20food%20and%20water_phb","p":229,"h":1,"r":1,"lvl":3,"n":"Create Food and Water"},{"c":2,"s":0,"id":79,"u":"create%20or%20destroy%20water_phb","p":229,"h":1,"r":1,"lvl":1,"n":"Create or Destroy Water"},{"c":2,"s":0,"id":80,"u":"create%20undead_phb","p":229,"h":1,"r":1,"lvl":6,"n":"Create Undead"},{"c":2,"s":0,"id":81,"u":"creation_phb","p":229,"h":1,"r":1,"lvl":5,"n":"Creation"},{"c":2,"s":0,"id":82,"u":"crown%20of%20madness_phb","p":229,"h":1,"lvl":2,"n":"Crown of Madness"},{"c":2,"s":0,"id":83,"u":"crusader's%20mantle_phb","p":230,"h":1,"lvl":3,"n":"Crusader's Mantle"},{"c":2,"s":0,"id":84,"u":"cure%20wounds_phb","p":230,"h":1,"r":1,"lvl":1,"n":"Cure Wounds"},{"c":2,"s":0,"id":85,"u":"dancing%20lights_phb","p":230,"h":1,"r":1,"lvl":0,"n":"Dancing Lights"},{"c":2,"s":0,"id":86,"u":"darkness_phb","p":230,"h":1,"r":1,"lvl":2,"n":"Darkness"},{"c":2,"s":0,"id":87,"u":"darkvision_phb","p":230,"h":1,"r":1,"lvl":2,"n":"Darkvision"},{"c":2,"s":0,"id":88,"u":"daylight_phb","p":230,"h":1,"r":1,"lvl":3,"n":"Daylight"},{"c":2,"s":0,"id":89,"u":"death%20ward_phb","p":230,"h":1,"r":1,"lvl":4,"n":"Death Ward"},{"c":2,"s":0,"id":90,"u":"delayed%20blast%20fireball_phb","p":230,"h":1,"r":1,"lvl":7,"n":"Delayed Blast Fireball"},{"c":2,"s":0,"id":91,"u":"demiplane_phb","p":231,"h":1,"r":1,"lvl":8,"n":"Demiplane"},{"c":2,"s":0,"id":92,"u":"destructive%20wave_phb","p":231,"h":1,"lvl":5,"n":"Destructive Wave"},{"c":2,"s":0,"id":93,"u":"detect%20evil%20and%20good_phb","p":231,"h":1,"r":1,"lvl":1,"n":"Detect Evil and Good"},{"c":2,"s":0,"id":94,"u":"detect%20magic_phb","p":231,"h":1,"r":1,"lvl":1,"n":"Detect Magic"},{"c":2,"s":0,"id":95,"u":"detect%20poison%20and%20disease_phb","p":231,"h":1,"r":1,"lvl":1,"n":"Detect Poison and Disease"},{"c":2,"s":0,"id":96,"u":"detect%20thoughts_phb","p":231,"h":1,"r":1,"lvl":2,"n":"Detect Thoughts"},{"c":2,"s":0,"id":97,"u":"dimension%20door_phb","p":233,"h":1,"r":1,"lvl":4,"n":"Dimension Door"},{"c":2,"s":0,"id":98,"u":"disguise%20self_phb","p":233,"h":1,"r":1,"lvl":1,"n":"Disguise Self"},{"c":2,"s":0,"id":99,"u":"disintegrate_phb","p":233,"h":1,"r":1,"lvl":6,"n":"Disintegrate"},{"c":2,"s":0,"id":100,"u":"dispel%20evil%20and%20good_phb","p":233,"h":1,"r":1,"lvl":5,"n":"Dispel Evil and Good"},{"c":2,"s":0,"id":101,"u":"dispel%20magic_phb","p":234,"h":1,"r":1,"lvl":3,"n":"Dispel Magic"},{"c":2,"s":0,"id":102,"u":"dissonant%20whispers_phb","p":234,"h":1,"lvl":1,"n":"Dissonant Whispers"},{"c":2,"s":0,"id":103,"u":"divination_phb","p":234,"h":1,"r":1,"lvl":4,"n":"Divination"},{"c":2,"s":0,"id":104,"u":"divine%20favor_phb","p":234,"h":1,"r":1,"lvl":1,"n":"Divine Favor"},{"c":2,"s":0,"id":105,"u":"divine%20word_phb","p":234,"h":1,"r":1,"lvl":7,"n":"Divine Word"},{"c":2,"s":0,"id":106,"u":"dominate%20beast_phb","p":234,"h":1,"r":1,"lvl":4,"n":"Dominate Beast"},{"c":2,"s":0,"id":107,"u":"dominate%20monster_phb","p":235,"h":1,"r":1,"lvl":8,"n":"Dominate Monster"},{"c":2,"s":0,"id":108,"u":"dominate%20person_phb","p":235,"h":1,"r":1,"lvl":5,"n":"Dominate Person"},{"c":2,"s":0,"id":109,"u":"drawmij's%20instant%20summons_phb","p":235,"h":1,"r":1,"lvl":6,"n":"Drawmij's Instant Summons"},{"c":2,"s":0,"id":110,"u":"dream_phb","p":236,"h":1,"r":1,"lvl":5,"n":"Dream"},{"c":2,"s":0,"id":111,"u":"druidcraft_phb","p":236,"h":1,"r":1,"lvl":0,"n":"Druidcraft"},{"c":2,"s":0,"id":112,"u":"earthquake_phb","p":236,"h":1,"r":1,"lvl":8,"n":"Earthquake"},{"c":2,"s":0,"id":113,"u":"eldritch%20blast_phb","p":237,"h":1,"r":1,"lvl":0,"n":"Eldritch Blast"},{"c":2,"s":0,"id":114,"u":"elemental%20weapon_phb","p":237,"h":1,"lvl":3,"n":"Elemental Weapon"},{"c":2,"s":0,"id":115,"u":"enhance%20ability_phb","p":237,"h":1,"r":1,"lvl":2,"n":"Enhance Ability"},{"c":2,"s":0,"id":116,"u":"enlarge%2freduce_phb","p":237,"h":1,"r":1,"lvl":2,"n":"Enlarge/Reduce"},{"c":2,"s":0,"id":117,"u":"ensnaring%20strike_phb","p":237,"h":1,"lvl":1,"n":"Ensnaring Strike"},{"c":2,"s":0,"id":118,"u":"entangle_phb","p":238,"h":1,"r":1,"lvl":1,"n":"Entangle"},{"c":2,"s":0,"id":119,"u":"enthrall_phb","p":238,"h":1,"r":1,"lvl":2,"n":"Enthrall"},{"c":2,"s":0,"id":120,"u":"etherealness_phb","p":238,"h":1,"r":1,"lvl":7,"n":"Etherealness"},{"c":2,"s":0,"id":121,"u":"evard's%20black%20tentacles_phb","p":238,"h":1,"r":1,"lvl":4,"n":"Evard's Black Tentacles"},{"c":2,"s":0,"id":122,"u":"expeditious%20retreat_phb","p":238,"h":1,"r":1,"lvl":1,"n":"Expeditious Retreat"},{"c":2,"s":0,"id":123,"u":"eyebite_phb","p":238,"h":1,"r":1,"lvl":6,"n":"Eyebite"},{"c":2,"s":0,"id":124,"u":"fabricate_phb","p":239,"h":1,"r":1,"lvl":4,"n":"Fabricate"},{"c":2,"s":0,"id":125,"u":"faerie%20fire_phb","p":239,"h":1,"r":1,"lvl":1,"n":"Faerie Fire"},{"c":2,"s":0,"id":126,"u":"false%20life_phb","p":239,"h":1,"r":1,"lvl":1,"n":"False Life"},{"c":2,"s":0,"id":127,"u":"fear_phb","p":239,"h":1,"r":1,"lvl":3,"n":"Fear"},{"c":2,"s":0,"id":128,"u":"feather%20fall_phb","p":239,"h":1,"r":1,"lvl":1,"n":"Feather Fall"},{"c":2,"s":0,"id":129,"u":"feeblemind_phb","p":239,"h":1,"r":1,"lvl":8,"n":"Feeblemind"},{"c":2,"s":0,"id":130,"u":"feign%20death_phb","p":240,"h":1,"lvl":3,"n":"Feign Death"},{"c":2,"s":0,"id":131,"u":"find%20familiar_phb","p":240,"h":1,"r":1,"lvl":1,"n":"Find Familiar"},{"c":2,"s":0,"id":132,"u":"find%20steed_phb","p":240,"h":1,"r":1,"lvl":2,"n":"Find Steed"},{"c":2,"s":0,"id":133,"u":"find%20the%20path_phb","p":240,"h":1,"r":1,"lvl":6,"n":"Find the Path"},{"c":2,"s":0,"id":134,"u":"find%20traps_phb","p":241,"h":1,"r":1,"lvl":2,"n":"Find Traps"},{"c":2,"s":0,"id":135,"u":"finger%20of%20death_phb","p":241,"h":1,"r":1,"lvl":7,"n":"Finger of Death"},{"c":2,"s":0,"id":136,"u":"fire%20bolt_phb","p":242,"h":1,"r":1,"lvl":0,"n":"Fire Bolt"},{"c":2,"s":0,"id":137,"u":"fire%20shield_phb","p":242,"h":1,"r":1,"lvl":4,"n":"Fire Shield"},{"c":2,"s":0,"id":138,"u":"fire%20storm_phb","p":242,"h":1,"r":1,"lvl":7,"n":"Fire Storm"},{"c":2,"s":0,"id":139,"u":"fireball_phb","p":241,"h":1,"r":1,"lvl":3,"n":"Fireball"},{"c":2,"s":0,"id":140,"u":"flame%20blade_phb","p":242,"h":1,"r":1,"lvl":2,"n":"Flame Blade"},{"c":2,"s":0,"id":141,"u":"flame%20strike_phb","p":242,"h":1,"r":1,"lvl":5,"n":"Flame Strike"},{"c":2,"s":0,"id":142,"u":"flaming%20sphere_phb","p":242,"h":1,"r":1,"lvl":2,"n":"Flaming Sphere"},{"c":2,"s":0,"id":143,"u":"flesh%20to%20stone_phb","p":243,"h":1,"r":1,"lvl":6,"n":"Flesh to Stone"},{"c":2,"s":0,"id":144,"u":"fly_phb","p":243,"h":1,"r":1,"lvl":3,"n":"Fly"},{"c":2,"s":0,"id":145,"u":"fog%20cloud_phb","p":243,"h":1,"r":1,"lvl":1,"n":"Fog Cloud"},{"c":2,"s":0,"id":146,"u":"forbiddance_phb","p":243,"h":1,"r":1,"lvl":6,"n":"Forbiddance"},{"c":2,"s":0,"id":147,"u":"forcecage_phb","p":243,"h":1,"r":1,"lvl":7,"n":"Forcecage"},{"c":2,"s":0,"id":148,"u":"foresight_phb","p":244,"h":1,"r":1,"lvl":9,"n":"Foresight"},{"c":2,"s":0,"id":149,"u":"freedom%20of%20movement_phb","p":244,"h":1,"r":1,"lvl":4,"n":"Freedom of Movement"},{"c":2,"s":0,"id":150,"u":"friends_phb","p":244,"h":1,"lvl":0,"n":"Friends"},{"c":2,"s":0,"id":151,"u":"gaseous%20form_phb","p":244,"h":1,"r":1,"lvl":3,"n":"Gaseous Form"},{"c":2,"s":0,"id":152,"u":"gate_phb","p":244,"h":1,"r":1,"lvl":9,"n":"Gate"},{"c":2,"s":0,"id":153,"u":"geas_phb","p":244,"h":1,"r":1,"lvl":5,"n":"Geas"},{"c":2,"s":0,"id":154,"u":"gentle%20repose_phb","p":245,"h":1,"r":1,"lvl":2,"n":"Gentle Repose"},{"c":2,"s":0,"id":155,"u":"giant%20insect_phb","p":245,"h":1,"r":1,"lvl":4,"n":"Giant Insect"},{"c":2,"s":0,"id":156,"u":"glibness_phb","p":245,"h":1,"r":1,"lvl":8,"n":"Glibness"},{"c":2,"s":0,"id":157,"u":"globe%20of%20invulnerability_phb","p":245,"h":1,"r":1,"lvl":6,"n":"Globe of Invulnerability"},{"c":2,"s":0,"id":158,"u":"glyph%20of%20warding_phb","p":245,"h":1,"r":1,"lvl":3,"n":"Glyph of Warding"},{"c":2,"s":0,"id":159,"u":"goodberry_phb","p":246,"h":1,"r":1,"lvl":1,"n":"Goodberry"},{"c":2,"s":0,"id":160,"u":"grasping%20vine_phb","p":246,"h":1,"lvl":4,"n":"Grasping Vine"},{"c":2,"s":0,"id":161,"u":"grease_phb","p":246,"h":1,"r":1,"lvl":1,"n":"Grease"},{"c":2,"s":0,"id":162,"u":"greater%20invisibility_phb","p":246,"h":1,"r":1,"lvl":4,"n":"Greater Invisibility"},{"c":2,"s":0,"id":163,"u":"greater%20restoration_phb","p":246,"h":1,"r":1,"lvl":5,"n":"Greater Restoration"},{"c":2,"s":0,"id":164,"u":"guardian%20of%20faith_phb","p":246,"h":1,"r":1,"lvl":4,"n":"Guardian of Faith"},{"c":2,"s":0,"id":165,"u":"guards%20and%20wards_phb","p":248,"h":1,"r":1,"lvl":6,"n":"Guards and Wards"},{"c":2,"s":0,"id":166,"u":"guidance_phb","p":248,"h":1,"r":1,"lvl":0,"n":"Guidance"},{"c":2,"s":0,"id":167,"u":"guiding%20bolt_phb","p":248,"h":1,"r":1,"lvl":1,"n":"Guiding Bolt"},{"c":2,"s":0,"id":168,"u":"gust%20of%20wind_phb","p":248,"h":1,"r":1,"lvl":2,"n":"Gust of Wind"},{"c":2,"s":0,"id":169,"u":"hail%20of%20thorns_phb","p":249,"h":1,"lvl":1,"n":"Hail of Thorns"},{"c":2,"s":0,"id":170,"u":"hallow_phb","p":249,"h":1,"r":1,"lvl":5,"n":"Hallow"},{"c":2,"s":0,"id":171,"u":"hallucinatory%20terrain_phb","p":249,"h":1,"r":1,"lvl":4,"n":"Hallucinatory Terrain"},{"c":2,"s":0,"id":172,"u":"harm_phb","p":249,"h":1,"r":1,"lvl":6,"n":"Harm"},{"c":2,"s":0,"id":173,"u":"haste_phb","p":250,"h":1,"r":1,"lvl":3,"n":"Haste"},{"c":2,"s":0,"id":174,"u":"heal_phb","p":250,"h":1,"r":1,"lvl":6,"n":"Heal"},{"c":2,"s":0,"id":175,"u":"healing%20word_phb","p":250,"h":1,"r":1,"lvl":1,"n":"Healing Word"},{"c":2,"s":0,"id":176,"u":"heat%20metal_phb","p":250,"h":1,"r":1,"lvl":2,"n":"Heat Metal"},{"c":2,"s":0,"id":177,"u":"hellish%20rebuke_phb","p":250,"h":1,"r":1,"lvl":1,"n":"Hellish Rebuke"},{"c":2,"s":0,"id":178,"u":"heroes'%20feast_phb","p":250,"h":1,"r":1,"lvl":6,"n":"Heroes' Feast"},{"c":2,"s":0,"id":179,"u":"heroism_phb","p":250,"h":1,"r":1,"lvl":1,"n":"Heroism"},{"c":2,"s":0,"id":180,"u":"hex_phb","p":251,"h":1,"lvl":1,"n":"Hex"},{"c":2,"s":0,"id":181,"u":"hold%20monster_phb","p":251,"h":1,"r":1,"lvl":5,"n":"Hold Monster"},{"c":2,"s":0,"id":182,"u":"hold%20person_phb","p":251,"h":1,"r":1,"lvl":2,"n":"Hold Person"},{"c":2,"s":0,"id":183,"u":"holy%20aura_phb","p":251,"h":1,"r":1,"lvl":8,"n":"Holy Aura"},{"c":2,"s":0,"id":184,"u":"hunger%20of%20hadar_phb","p":251,"h":1,"lvl":3,"n":"Hunger of Hadar"},{"c":2,"s":0,"id":185,"u":"hunter's%20mark_phb","p":251,"h":1,"r":1,"lvl":1,"n":"Hunter's Mark"},{"c":2,"s":0,"id":186,"u":"hypnotic%20pattern_phb","p":252,"h":1,"r":1,"lvl":3,"n":"Hypnotic Pattern"},{"c":2,"s":0,"id":187,"u":"ice%20storm_phb","p":252,"h":1,"r":1,"lvl":4,"n":"Ice Storm"},{"c":2,"s":0,"id":188,"u":"identify_phb","p":252,"h":1,"r":1,"lvl":1,"n":"Identify"},{"c":2,"s":0,"id":189,"u":"illusory%20script_phb","p":252,"h":1,"r":1,"lvl":1,"n":"Illusory Script"},{"c":2,"s":0,"id":190,"u":"imprisonment_phb","p":252,"h":1,"r":1,"lvl":9,"n":"Imprisonment"},{"c":2,"s":0,"id":191,"u":"incendiary%20cloud_phb","p":253,"h":1,"r":1,"lvl":8,"n":"Incendiary Cloud"},{"c":2,"s":0,"id":192,"u":"inflict%20wounds_phb","p":253,"h":1,"r":1,"lvl":1,"n":"Inflict Wounds"},{"c":2,"s":0,"id":193,"u":"insect%20plague_phb","p":254,"h":1,"r":1,"lvl":5,"n":"Insect Plague"},{"c":2,"s":0,"id":194,"u":"invisibility_phb","p":254,"h":1,"r":1,"lvl":2,"n":"Invisibility"},{"c":2,"s":0,"id":195,"u":"jump_phb","p":254,"h":1,"r":1,"lvl":1,"n":"Jump"},{"c":2,"s":0,"id":196,"u":"knock_phb","p":254,"h":1,"r":1,"lvl":2,"n":"Knock"},{"c":2,"s":0,"id":197,"u":"legend%20lore_phb","p":254,"h":1,"r":1,"lvl":5,"n":"Legend Lore"},{"c":2,"s":0,"id":198,"u":"leomund's%20secret%20chest_phb","p":254,"h":1,"r":1,"lvl":4,"n":"Leomund's Secret Chest"},{"c":2,"s":0,"id":199,"u":"leomund's%20tiny%20hut_phb","p":255,"h":1,"r":1,"lvl":3,"n":"Leomund's Tiny Hut"},{"c":2,"s":0,"id":200,"u":"lesser%20restoration_phb","p":255,"h":1,"r":1,"lvl":2,"n":"Lesser Restoration"},{"c":2,"s":0,"id":201,"u":"levitate_phb","p":255,"h":1,"r":1,"lvl":2,"n":"Levitate"},{"c":2,"s":0,"id":202,"u":"light_phb","p":255,"h":1,"r":1,"lvl":0,"n":"Light"},{"c":2,"s":0,"id":203,"u":"lightning%20arrow_phb","p":255,"h":1,"lvl":3,"n":"Lightning Arrow"},{"c":2,"s":0,"id":204,"u":"lightning%20bolt_phb","p":255,"h":1,"r":1,"lvl":3,"n":"Lightning Bolt"},{"c":2,"s":0,"id":205,"u":"locate%20animals%20or%20plants_phb","p":256,"h":1,"r":1,"lvl":2,"n":"Locate Animals or Plants"},{"c":2,"s":0,"id":206,"u":"locate%20creature_phb","p":256,"h":1,"r":1,"lvl":4,"n":"Locate Creature"},{"c":2,"s":0,"id":207,"u":"locate%20object_phb","p":256,"h":1,"r":1,"lvl":2,"n":"Locate Object"},{"c":2,"s":0,"id":208,"u":"longstrider_phb","p":256,"h":1,"r":1,"lvl":1,"n":"Longstrider"},{"c":2,"s":0,"id":209,"u":"mage%20armor_phb","p":256,"h":1,"r":1,"lvl":1,"n":"Mage Armor"},{"c":2,"s":0,"id":210,"u":"mage%20hand_phb","p":256,"h":1,"r":1,"lvl":0,"n":"Mage Hand"},{"c":2,"s":0,"id":211,"u":"magic%20circle_phb","p":256,"h":1,"r":1,"lvl":3,"n":"Magic Circle"},{"c":2,"s":0,"id":212,"u":"magic%20jar_phb","p":257,"h":1,"r":1,"lvl":6,"n":"Magic Jar"},{"c":2,"s":0,"id":213,"u":"magic%20missile_phb","p":257,"h":1,"r":1,"lvl":1,"n":"Magic Missile"},{"c":2,"s":0,"id":214,"u":"magic%20mouth_phb","p":257,"h":1,"r":1,"lvl":2,"n":"Magic Mouth"},{"c":2,"s":0,"id":215,"u":"magic%20weapon_phb","p":257,"h":1,"r":1,"lvl":2,"n":"Magic Weapon"},{"c":2,"s":0,"id":216,"u":"major%20image_phb","p":258,"h":1,"r":1,"lvl":3,"n":"Major Image"},{"c":2,"s":0,"id":217,"u":"mass%20cure%20wounds_phb","p":258,"h":1,"r":1,"lvl":5,"n":"Mass Cure Wounds"},{"c":2,"s":0,"id":218,"u":"mass%20heal_phb","p":258,"h":1,"r":1,"lvl":9,"n":"Mass Heal"},{"c":2,"s":0,"id":219,"u":"mass%20healing%20word_phb","p":258,"h":1,"r":1,"lvl":3,"n":"Mass Healing Word"},{"c":2,"s":0,"id":220,"u":"mass%20suggestion_phb","p":258,"h":1,"r":1,"lvl":6,"n":"Mass Suggestion"},{"c":2,"s":0,"id":221,"u":"maze_phb","p":258,"h":1,"r":1,"lvl":8,"n":"Maze"},{"c":2,"s":0,"id":222,"u":"meld%20into%20stone_phb","p":259,"h":1,"r":1,"lvl":3,"n":"Meld into Stone"},{"c":2,"s":0,"id":223,"u":"melf's%20acid%20arrow_phb","p":259,"h":1,"r":1,"lvl":2,"n":"Melf's Acid Arrow"},{"c":2,"s":0,"id":224,"u":"mending_phb","p":259,"h":1,"r":1,"lvl":0,"n":"Mending"},{"c":2,"s":0,"id":225,"u":"message_phb","p":259,"h":1,"r":1,"lvl":0,"n":"Message"},{"c":2,"s":0,"id":226,"u":"meteor%20swarm_phb","p":259,"h":1,"r":1,"lvl":9,"n":"Meteor Swarm"},{"c":2,"s":0,"id":227,"u":"mind%20blank_phb","p":259,"h":1,"r":1,"lvl":8,"n":"Mind Blank"},{"c":2,"s":0,"id":228,"u":"minor%20illusion_phb","p":260,"h":1,"r":1,"lvl":0,"n":"Minor Illusion"},{"c":2,"s":0,"id":229,"u":"mirage%20arcane_phb","p":260,"h":1,"r":1,"lvl":7,"n":"Mirage Arcane"},{"c":2,"s":0,"id":230,"u":"mirror%20image_phb","p":260,"h":1,"r":1,"lvl":2,"n":"Mirror Image"},{"c":2,"s":0,"id":231,"u":"mislead_phb","p":260,"h":1,"r":1,"lvl":5,"n":"Mislead"},{"c":2,"s":0,"id":232,"u":"misty%20step_phb","p":260,"h":1,"r":1,"lvl":2,"n":"Misty Step"},{"c":2,"s":0,"id":233,"u":"modify%20memory_phb","p":261,"h":1,"r":1,"lvl":5,"n":"Modify Memory"},{"c":2,"s":0,"id":234,"u":"moonbeam_phb","p":261,"h":1,"r":1,"lvl":2,"n":"Moonbeam"},{"c":2,"s":0,"id":235,"u":"mordenkainen's%20faithful%20hound_phb","p":261,"h":1,"r":1,"lvl":4,"n":"Mordenkainen's Faithful Hound"},{"c":2,"s":0,"id":236,"u":"mordenkainen's%20magnificent%20mansion_phb","p":261,"h":1,"r":1,"lvl":7,"n":"Mordenkainen's Magnificent Mansion"},{"c":2,"s":0,"id":237,"u":"mordenkainen's%20private%20sanctum_phb","p":262,"h":1,"r":1,"lvl":4,"n":"Mordenkainen's Private Sanctum"},{"c":2,"s":0,"id":238,"u":"mordenkainen's%20sword_phb","p":262,"h":1,"r":1,"lvl":7,"n":"Mordenkainen's Sword"},{"c":2,"s":0,"id":239,"u":"move%20earth_phb","p":263,"h":1,"r":1,"lvl":6,"n":"Move Earth"},{"c":2,"s":0,"id":240,"u":"nondetection_phb","p":263,"h":1,"r":1,"lvl":3,"n":"Nondetection"},{"c":2,"s":0,"id":241,"u":"nystul's%20magic%20aura_phb","p":263,"h":1,"r":1,"lvl":2,"n":"Nystul's Magic Aura"},{"c":2,"s":0,"id":242,"u":"otiluke's%20freezing%20sphere_phb","p":263,"h":1,"r":1,"lvl":6,"n":"Otiluke's Freezing Sphere"},{"c":2,"s":0,"id":243,"u":"otiluke's%20resilient%20sphere_phb","p":264,"h":1,"r":1,"lvl":4,"n":"Otiluke's Resilient Sphere"},{"c":2,"s":0,"id":244,"u":"otto's%20irresistible%20dance_phb","p":264,"h":1,"r":1,"lvl":6,"n":"Otto's Irresistible Dance"},{"c":2,"s":0,"id":245,"u":"pass%20without%20trace_phb","p":264,"h":1,"r":1,"lvl":2,"n":"Pass without Trace"},{"c":2,"s":0,"id":246,"u":"passwall_phb","p":264,"h":1,"r":1,"lvl":5,"n":"Passwall"},{"c":2,"s":0,"id":247,"u":"phantasmal%20force_phb","p":264,"h":1,"lvl":2,"n":"Phantasmal Force"},{"c":2,"s":0,"id":248,"u":"phantasmal%20killer_phb","p":265,"h":1,"r":1,"lvl":4,"n":"Phantasmal Killer"},{"c":2,"s":0,"id":249,"u":"phantom%20steed_phb","p":265,"h":1,"r":1,"lvl":3,"n":"Phantom Steed"},{"c":2,"s":0,"id":250,"u":"planar%20ally_phb","p":265,"h":1,"r":1,"lvl":6,"n":"Planar Ally"},{"c":2,"s":0,"id":251,"u":"planar%20binding_phb","p":265,"h":1,"r":1,"lvl":5,"n":"Planar Binding"},{"c":2,"s":0,"id":252,"u":"plane%20shift_phb","p":266,"h":1,"r":1,"lvl":7,"n":"Plane Shift"},{"c":2,"s":0,"id":253,"u":"plant%20growth_phb","p":266,"h":1,"r":1,"lvl":3,"n":"Plant Growth"},{"c":2,"s":0,"id":254,"u":"poison%20spray_phb","p":266,"h":1,"r":1,"lvl":0,"n":"Poison Spray"},{"c":2,"s":0,"id":255,"u":"polymorph_phb","p":266,"h":1,"r":1,"lvl":4,"n":"Polymorph"},{"c":2,"s":0,"id":256,"u":"power%20word%20heal_phb","p":266,"h":1,"lvl":9,"n":"Power Word Heal"},{"c":2,"s":0,"id":257,"u":"power%20word%20kill_phb","p":266,"h":1,"r":1,"lvl":9,"n":"Power Word Kill"},{"c":2,"s":0,"id":258,"u":"power%20word%20stun_phb","p":267,"h":1,"r":1,"lvl":8,"n":"Power Word Stun"},{"c":2,"s":0,"id":259,"u":"prayer%20of%20healing_phb","p":267,"h":1,"r":1,"lvl":2,"n":"Prayer of Healing"},{"c":2,"s":0,"id":260,"u":"prestidigitation_phb","p":267,"h":1,"r":1,"lvl":0,"n":"Prestidigitation"},{"c":2,"s":0,"id":261,"u":"prismatic%20spray_phb","p":267,"h":1,"r":1,"lvl":7,"n":"Prismatic Spray"},{"c":2,"s":0,"id":262,"u":"prismatic%20wall_phb","p":267,"h":1,"r":1,"lvl":9,"n":"Prismatic Wall"},{"c":2,"s":0,"id":263,"u":"produce%20flame_phb","p":269,"h":1,"r":1,"lvl":0,"n":"Produce Flame"},{"c":2,"s":0,"id":264,"u":"programmed%20illusion_phb","p":269,"h":1,"r":1,"lvl":6,"n":"Programmed Illusion"},{"c":2,"s":0,"id":265,"u":"project%20image_phb","p":270,"h":1,"r":1,"lvl":7,"n":"Project Image"},{"c":2,"s":0,"id":266,"u":"protection%20from%20energy_phb","p":270,"h":1,"r":1,"lvl":3,"n":"Protection from Energy"},{"c":2,"s":0,"id":267,"u":"protection%20from%20evil%20and%20good_phb","p":270,"h":1,"r":1,"lvl":1,"n":"Protection from Evil and Good"},{"c":2,"s":0,"id":268,"u":"protection%20from%20poison_phb","p":270,"h":1,"r":1,"lvl":2,"n":"Protection from Poison"},{"c":2,"s":0,"id":269,"u":"purify%20food%20and%20drink_phb","p":270,"h":1,"r":1,"lvl":1,"n":"Purify Food and Drink"},{"c":2,"s":0,"id":270,"u":"raise%20dead_phb","p":270,"h":1,"r":1,"lvl":5,"n":"Raise Dead"},{"c":2,"s":0,"id":271,"u":"rary's%20telepathic%20bond_phb","p":270,"h":1,"r":1,"lvl":5,"n":"Rary's Telepathic Bond"},{"c":2,"s":0,"id":272,"u":"ray%20of%20enfeeblement_phb","p":271,"h":1,"r":1,"lvl":2,"n":"Ray of Enfeeblement"},{"c":2,"s":0,"id":273,"u":"ray%20of%20frost_phb","p":271,"h":1,"r":1,"lvl":0,"n":"Ray of Frost"},{"c":2,"s":0,"id":274,"u":"ray%20of%20sickness_phb","p":271,"h":1,"lvl":1,"n":"Ray of Sickness"},{"c":2,"s":0,"id":275,"u":"regenerate_phb","p":271,"h":1,"r":1,"lvl":7,"n":"Regenerate"},{"c":2,"s":0,"id":276,"u":"reincarnate_phb","p":271,"h":1,"r":1,"lvl":5,"n":"Reincarnate"},{"c":2,"s":0,"id":277,"u":"remove%20curse_phb","p":271,"h":1,"r":1,"lvl":3,"n":"Remove Curse"},{"c":2,"s":0,"id":278,"u":"resistance_phb","p":272,"h":1,"r":1,"lvl":0,"n":"Resistance"},{"c":2,"s":0,"id":279,"u":"resurrection_phb","p":272,"h":1,"r":1,"lvl":7,"n":"Resurrection"},{"c":2,"s":0,"id":280,"u":"reverse%20gravity_phb","p":272,"h":1,"r":1,"lvl":7,"n":"Reverse Gravity"},{"c":2,"s":0,"id":281,"u":"revivify_phb","p":272,"h":1,"r":1,"lvl":3,"n":"Revivify"},{"c":2,"s":0,"id":282,"u":"rope%20trick_phb","p":272,"h":1,"r":1,"lvl":2,"n":"Rope Trick"},{"c":2,"s":0,"id":283,"u":"sacred%20flame_phb","p":272,"h":1,"r":1,"lvl":0,"n":"Sacred Flame"},{"c":2,"s":0,"id":284,"u":"sanctuary_phb","p":272,"h":1,"r":1,"lvl":1,"n":"Sanctuary"},{"c":2,"s":0,"id":285,"u":"scorching%20ray_phb","p":273,"h":1,"r":1,"lvl":2,"n":"Scorching Ray"},{"c":2,"s":0,"id":286,"u":"scrying_phb","p":273,"h":1,"r":1,"lvl":5,"n":"Scrying"},{"c":2,"s":0,"id":287,"u":"searing%20smite_phb","p":274,"h":1,"lvl":1,"n":"Searing Smite"},{"c":2,"s":0,"id":288,"u":"see%20invisibility_phb","p":274,"h":1,"r":1,"lvl":2,"n":"See Invisibility"},{"c":2,"s":0,"id":289,"u":"seeming_phb","p":274,"h":1,"r":1,"lvl":5,"n":"Seeming"},{"c":2,"s":0,"id":290,"u":"sending_phb","p":274,"h":1,"r":1,"lvl":3,"n":"Sending"},{"c":2,"s":0,"id":291,"u":"sequester_phb","p":274,"h":1,"r":1,"lvl":7,"n":"Sequester"},{"c":2,"s":0,"id":292,"u":"shapechange_phb","p":274,"h":1,"r":1,"lvl":9,"n":"Shapechange"},{"c":2,"s":0,"id":293,"u":"shatter_phb","p":275,"h":1,"r":1,"lvl":2,"n":"Shatter"},{"c":2,"s":0,"id":294,"u":"shield_phb","p":275,"h":1,"r":1,"lvl":1,"n":"Shield"},{"c":2,"s":0,"id":295,"u":"shield%20of%20faith_phb","p":275,"h":1,"r":1,"lvl":1,"n":"Shield of Faith"},{"c":2,"s":0,"id":296,"u":"shillelagh_phb","p":275,"h":1,"r":1,"lvl":0,"n":"Shillelagh"},{"c":2,"s":0,"id":297,"u":"shocking%20grasp_phb","p":275,"h":1,"r":1,"lvl":0,"n":"Shocking Grasp"},{"c":2,"s":0,"id":298,"u":"silence_phb","p":275,"h":1,"r":1,"lvl":2,"n":"Silence"},{"c":2,"s":0,"id":299,"u":"silent%20image_phb","p":276,"h":1,"r":1,"lvl":1,"n":"Silent Image"},{"c":2,"s":0,"id":300,"u":"simulacrum_phb","p":276,"h":1,"r":1,"lvl":7,"n":"Simulacrum"},{"c":2,"s":0,"id":301,"u":"sleep_phb","p":276,"h":1,"r":1,"lvl":1,"n":"Sleep"},{"c":2,"s":0,"id":302,"u":"sleet%20storm_phb","p":276,"h":1,"r":1,"lvl":3,"n":"Sleet Storm"},{"c":2,"s":0,"id":303,"u":"slow_phb","p":277,"h":1,"r":1,"lvl":3,"n":"Slow"},{"c":2,"s":0,"id":304,"u":"spare%20the%20dying_phb","p":277,"h":1,"r":1,"lvl":0,"n":"Spare the Dying"},{"c":2,"s":0,"id":305,"u":"speak%20with%20animals_phb","p":277,"h":1,"r":1,"lvl":1,"n":"Speak with Animals"},{"c":2,"s":0,"id":306,"u":"speak%20with%20dead_phb","p":277,"h":1,"r":1,"lvl":3,"n":"Speak with Dead"},{"c":2,"s":0,"id":307,"u":"speak%20with%20plants_phb","p":277,"h":1,"r":1,"lvl":3,"n":"Speak with Plants"},{"c":2,"s":0,"id":308,"u":"spider%20climb_phb","p":277,"h":1,"r":1,"lvl":2,"n":"Spider Climb"},{"c":2,"s":0,"id":309,"u":"spike%20growth_phb","p":277,"h":1,"r":1,"lvl":2,"n":"Spike Growth"},{"c":2,"s":0,"id":310,"u":"spirit%20guardians_phb","p":278,"h":1,"r":1,"lvl":3,"n":"Spirit Guardians"},{"c":2,"s":0,"id":311,"u":"spiritual%20weapon_phb","p":278,"h":1,"r":1,"lvl":2,"n":"Spiritual Weapon"},{"c":2,"s":0,"id":312,"u":"staggering%20smite_phb","p":278,"h":1,"lvl":4,"n":"Staggering Smite"},{"c":2,"s":0,"id":313,"u":"stinking%20cloud_phb","p":278,"h":1,"r":1,"lvl":3,"n":"Stinking Cloud"},{"c":2,"s":0,"id":314,"u":"stone%20shape_phb","p":278,"h":1,"r":1,"lvl":4,"n":"Stone Shape"},{"c":2,"s":0,"id":315,"u":"stoneskin_phb","p":278,"h":1,"r":1,"lvl":4,"n":"Stoneskin"},{"c":2,"s":0,"id":316,"u":"storm%20of%20vengeance_phb","p":279,"h":1,"r":1,"lvl":9,"n":"Storm of Vengeance"},{"c":2,"s":0,"id":317,"u":"suggestion_phb","p":279,"h":1,"r":1,"lvl":2,"n":"Suggestion"},{"c":2,"s":0,"id":318,"u":"sunbeam_phb","p":279,"h":1,"r":1,"lvl":6,"n":"Sunbeam"},{"c":2,"s":0,"id":319,"u":"sunburst_phb","p":279,"h":1,"r":1,"lvl":8,"n":"Sunburst"},{"c":2,"s":0,"id":320,"u":"swift%20quiver_phb","p":279,"h":1,"lvl":5,"n":"Swift Quiver"},{"c":2,"s":0,"id":321,"u":"symbol_phb","p":280,"h":1,"r":1,"lvl":7,"n":"Symbol"},{"c":2,"s":0,"id":322,"u":"tasha's%20hideous%20laughter_phb","p":280,"h":1,"r":1,"lvl":1,"n":"Tasha's Hideous Laughter"},{"c":2,"s":0,"id":323,"u":"telekinesis_phb","p":280,"h":1,"r":1,"lvl":5,"n":"Telekinesis"},{"c":2,"s":0,"id":324,"u":"telepathy_phb","p":281,"h":1,"lvl":8,"n":"Telepathy"},{"c":2,"s":0,"id":325,"u":"teleport_phb","p":281,"h":1,"r":1,"lvl":7,"n":"Teleport"},{"c":2,"s":0,"id":326,"u":"teleportation%20circle_phb","p":282,"h":1,"r":1,"lvl":5,"n":"Teleportation Circle"},{"c":2,"s":0,"id":327,"u":"tenser's%20floating%20disk_phb","p":282,"h":1,"r":1,"lvl":1,"n":"Tenser's Floating Disk"},{"c":2,"s":0,"id":328,"u":"thaumaturgy_phb","p":282,"h":1,"r":1,"lvl":0,"n":"Thaumaturgy"},{"c":2,"s":0,"id":329,"u":"thorn%20whip_phb","p":282,"h":1,"lvl":0,"n":"Thorn Whip"},{"c":2,"s":0,"id":330,"u":"thunderous%20smite_phb","p":282,"h":1,"lvl":1,"n":"Thunderous Smite"},{"c":2,"s":0,"id":331,"u":"thunderwave_phb","p":282,"h":1,"r":1,"lvl":1,"n":"Thunderwave"},{"c":2,"s":0,"id":332,"u":"time%20stop_phb","p":283,"h":1,"r":1,"lvl":9,"n":"Time Stop"},{"c":2,"s":0,"id":333,"u":"tongues_phb","p":283,"h":1,"r":1,"lvl":3,"n":"Tongues"},{"c":2,"s":0,"id":334,"u":"transport%20via%20plants_phb","p":283,"h":1,"r":1,"lvl":6,"n":"Transport via Plants"},{"c":2,"s":0,"id":335,"u":"tree%20stride_phb","p":283,"h":1,"r":1,"lvl":5,"n":"Tree Stride"},{"c":2,"s":0,"id":336,"u":"true%20polymorph_phb","p":283,"h":1,"r":1,"lvl":9,"n":"True Polymorph"},{"c":2,"s":0,"id":337,"u":"true%20resurrection_phb","p":284,"h":1,"r":1,"lvl":9,"n":"True Resurrection"},{"c":2,"s":0,"id":338,"u":"true%20seeing_phb","p":284,"h":1,"r":1,"lvl":6,"n":"True Seeing"},{"c":2,"s":0,"id":339,"u":"true%20strike_phb","p":284,"h":1,"r":1,"lvl":0,"n":"True Strike"},{"c":2,"s":0,"id":340,"u":"tsunami_phb","p":284,"h":1,"lvl":8,"n":"Tsunami"},{"c":2,"s":0,"id":341,"u":"unseen%20servant_phb","p":284,"h":1,"r":1,"lvl":1,"n":"Unseen Servant"},{"c":2,"s":0,"id":342,"u":"vampiric%20touch_phb","p":285,"h":1,"r":1,"lvl":3,"n":"Vampiric Touch"},{"c":2,"s":0,"id":343,"u":"vicious%20mockery_phb","p":285,"h":1,"r":1,"lvl":0,"n":"Vicious Mockery"},{"c":2,"s":0,"id":344,"u":"wall%20of%20fire_phb","p":285,"h":1,"r":1,"lvl":4,"n":"Wall of Fire"},{"c":2,"s":0,"id":345,"u":"wall%20of%20force_phb","p":285,"h":1,"r":1,"lvl":5,"n":"Wall of Force"},{"c":2,"s":0,"id":346,"u":"wall%20of%20ice_phb","p":285,"h":1,"r":1,"lvl":6,"n":"Wall of Ice"},{"c":2,"s":0,"id":347,"u":"wall%20of%20stone_phb","p":287,"h":1,"r":1,"lvl":5,"n":"Wall of Stone"},{"c":2,"s":0,"id":348,"u":"wall%20of%20thorns_phb","p":287,"h":1,"r":1,"lvl":6,"n":"Wall of Thorns"},{"c":2,"s":0,"id":349,"u":"warding%20bond_phb","p":287,"h":1,"r":1,"lvl":2,"n":"Warding Bond"},{"c":2,"s":0,"id":350,"u":"water%20breathing_phb","p":287,"h":1,"r":1,"lvl":3,"n":"Water Breathing"},{"c":2,"s":0,"id":351,"u":"water%20walk_phb","p":287,"h":1,"r":1,"lvl":3,"n":"Water Walk"},{"c":2,"s":0,"id":352,"u":"web_phb","p":287,"h":1,"r":1,"lvl":2,"n":"Web"},{"c":2,"s":0,"id":353,"u":"weird_phb","p":288,"h":1,"r":1,"lvl":9,"n":"Weird"},{"c":2,"s":0,"id":354,"u":"wind%20walk_phb","p":288,"h":1,"r":1,"lvl":6,"n":"Wind Walk"},{"c":2,"s":0,"id":355,"u":"wind%20wall_phb","p":288,"h":1,"r":1,"lvl":3,"n":"Wind Wall"},{"c":2,"s":0,"id":356,"u":"wish_phb","p":288,"h":1,"r":1,"lvl":9,"n":"Wish"},{"c":2,"s":0,"id":357,"u":"witch%20bolt_phb","p":289,"h":1,"lvl":1,"n":"Witch Bolt"},{"c":2,"s":0,"id":358,"u":"word%20of%20recall_phb","p":289,"h":1,"r":1,"lvl":6,"n":"Word of Recall"},{"c":2,"s":0,"id":359,"u":"wrathful%20smite_phb","p":289,"h":1,"lvl":1,"n":"Wrathful Smite"},{"c":2,"s":0,"id":360,"u":"zone%20of%20truth_phb","p":289,"h":1,"r":1,"lvl":2,"n":"Zone of Truth"},{"c":2,"s":1,"id":361,"u":"abi-dalzim's%20horrid%20wilting_xge","p":150,"h":1,"lvl":8,"n":"Abi-Dalzim's Horrid Wilting"},{"c":2,"s":1,"id":362,"u":"absorb%20elements_xge","p":150,"h":1,"lvl":1,"n":"Absorb Elements"},{"c":2,"s":1,"id":363,"u":"aganazzar's%20scorcher_xge","p":150,"h":1,"lvl":2,"n":"Aganazzar's Scorcher"},{"c":2,"s":1,"id":364,"u":"beast%20bond_xge","p":150,"h":1,"lvl":1,"n":"Beast Bond"},{"c":2,"s":1,"id":365,"u":"bones%20of%20the%20earth_xge","p":150,"h":1,"lvl":6,"n":"Bones of the Earth"},{"c":2,"s":1,"id":366,"u":"catapult_xge","p":150,"h":1,"lvl":1,"n":"Catapult"},{"c":2,"s":1,"id":367,"u":"catnap_xge","p":151,"h":1,"lvl":3,"n":"Catnap"},{"c":2,"s":1,"id":368,"u":"cause%20fear_xge","p":151,"h":1,"lvl":1,"n":"Cause Fear"},{"c":2,"s":1,"id":369,"u":"ceremony_xge","p":151,"h":1,"lvl":1,"n":"Ceremony"},{"c":2,"s":1,"id":370,"u":"chaos%20bolt_xge","p":151,"h":1,"lvl":1,"n":"Chaos Bolt"},{"c":2,"s":1,"id":371,"u":"charm%20monster_xge","p":151,"h":1,"lvl":4,"n":"Charm Monster"},{"c":2,"s":1,"id":372,"u":"control%20flames_xge","p":152,"h":1,"lvl":0,"n":"Control Flames"},{"c":2,"s":1,"id":373,"u":"control%20winds_xge","p":152,"h":1,"lvl":5,"n":"Control Winds"},{"c":2,"s":1,"id":374,"u":"create%20bonfire_xge","p":152,"h":1,"lvl":0,"n":"Create Bonfire"},{"c":2,"s":1,"id":375,"u":"create%20homunculus_xge","p":152,"h":1,"lvl":6,"n":"Create Homunculus"},{"c":2,"s":1,"id":376,"u":"crown%20of%20stars_xge","p":152,"h":1,"lvl":7,"n":"Crown of Stars"},{"c":2,"s":1,"id":377,"u":"danse%20macabre_xge","p":153,"h":1,"lvl":5,"n":"Danse Macabre"},{"c":2,"s":1,"id":378,"u":"dawn_xge","p":153,"h":1,"lvl":5,"n":"Dawn"},{"c":2,"s":1,"id":379,"u":"dragon's%20breath_xge","p":154,"h":1,"lvl":2,"n":"Dragon's Breath"},{"c":2,"s":1,"id":380,"u":"druid%20grove_xge","p":154,"h":1,"lvl":6,"n":"Druid Grove"},{"c":2,"s":1,"id":381,"u":"dust%20devil_xge","p":154,"h":1,"lvl":2,"n":"Dust Devil"},{"c":2,"s":1,"id":382,"u":"earth%20tremor_xge","p":155,"h":1,"lvl":1,"n":"Earth Tremor"},{"c":2,"s":1,"id":383,"u":"earthbind_xge","p":154,"h":1,"lvl":2,"n":"Earthbind"},{"c":2,"s":1,"id":384,"u":"elemental%20bane_xge","p":155,"h":1,"lvl":4,"n":"Elemental Bane"},{"c":2,"s":1,"id":385,"u":"enemies%20abound_xge","p":155,"h":1,"lvl":3,"n":"Enemies Abound"},{"c":2,"s":1,"id":386,"u":"enervation_xge","p":155,"h":1,"lvl":5,"n":"Enervation"},{"c":2,"s":1,"id":387,"u":"erupting%20earth_xge","p":155,"h":1,"lvl":3,"n":"Erupting Earth"},{"c":2,"s":1,"id":388,"u":"far%20step_xge","p":155,"h":1,"lvl":5,"n":"Far Step"},{"c":2,"s":1,"id":389,"u":"find%20greater%20steed_xge","p":156,"h":1,"lvl":4,"n":"Find Greater Steed"},{"c":2,"s":1,"id":390,"u":"flame%20arrows_xge","p":156,"h":1,"lvl":3,"n":"Flame Arrows"},{"c":2,"s":1,"id":391,"u":"frostbite_xge","p":156,"h":1,"lvl":0,"n":"Frostbite"},{"c":2,"s":1,"id":392,"u":"guardian%20of%20nature_xge","p":157,"h":1,"lvl":4,"n":"Guardian of Nature"},{"c":2,"s":1,"id":393,"u":"gust_xge","p":157,"h":1,"lvl":0,"n":"Gust"},{"c":2,"s":1,"id":394,"u":"healing%20spirit_xge","p":157,"h":1,"lvl":2,"n":"Healing Spirit"},{"c":2,"s":1,"id":395,"u":"holy%20weapon_xge","p":157,"h":1,"lvl":5,"n":"Holy Weapon"},{"c":2,"s":1,"id":396,"u":"ice%20knife_xge","p":157,"h":1,"lvl":1,"n":"Ice Knife"},{"c":2,"s":1,"id":397,"u":"illusory%20dragon_xge","p":157,"h":1,"lvl":8,"n":"Illusory Dragon"},{"c":2,"s":1,"id":398,"u":"immolation_xge","p":158,"h":1,"lvl":5,"n":"Immolation"},{"c":2,"s":1,"id":399,"u":"infernal%20calling_xge","p":158,"h":1,"lvl":5,"n":"Infernal Calling"},{"c":2,"s":1,"id":400,"u":"infestation_xge","p":158,"h":1,"lvl":0,"n":"Infestation"},{"c":2,"s":1,"id":401,"u":"investiture%20of%20flame_xge","p":159,"h":1,"lvl":6,"n":"Investiture of Flame"},{"c":2,"s":1,"id":402,"u":"investiture%20of%20ice_xge","p":159,"h":1,"lvl":6,"n":"Investiture of Ice"},{"c":2,"s":1,"id":403,"u":"investiture%20of%20stone_xge","p":159,"h":1,"lvl":6,"n":"Investiture of Stone"},{"c":2,"s":1,"id":404,"u":"investiture%20of%20wind_xge","p":160,"h":1,"lvl":6,"n":"Investiture of Wind"},{"c":2,"s":1,"id":405,"u":"invulnerability_xge","p":160,"h":1,"lvl":9,"n":"Invulnerability"},{"c":2,"s":1,"id":406,"u":"life%20transference_xge","p":160,"h":1,"lvl":3,"n":"Life Transference"},{"c":2,"s":1,"id":407,"u":"maddening%20darkness_xge","p":160,"h":1,"lvl":8,"n":"Maddening Darkness"},{"c":2,"s":1,"id":408,"u":"maelstrom_xge","p":160,"h":1,"lvl":5,"n":"Maelstrom"},{"c":2,"s":1,"id":409,"u":"magic%20stone_xge","p":160,"h":1,"lvl":0,"n":"Magic Stone"},{"c":2,"s":1,"id":410,"u":"mass%20polymorph_xge","p":160,"h":1,"lvl":9,"n":"Mass Polymorph"},{"c":2,"s":1,"id":411,"u":"maximilian's%20earthen%20grasp_xge","p":161,"h":1,"lvl":2,"n":"Maximilian's Earthen Grasp"},{"c":2,"s":1,"id":412,"u":"melf's%20minute%20meteors_xge","p":161,"h":1,"lvl":3,"n":"Melf's Minute Meteors"},{"c":2,"s":1,"id":413,"u":"mental%20prison_xge","p":161,"h":1,"lvl":6,"n":"Mental Prison"},{"c":2,"s":1,"id":414,"u":"mighty%20fortress_xge","p":161,"h":1,"lvl":8,"n":"Mighty Fortress"},{"c":2,"s":1,"id":415,"u":"mind%20spike_xge","p":162,"h":1,"lvl":2,"n":"Mind Spike"},{"c":2,"s":1,"id":416,"u":"mold%20earth_xge","p":162,"h":1,"lvl":0,"n":"Mold Earth"},{"c":2,"s":1,"id":417,"u":"negative%20energy%20flood_xge","p":163,"h":1,"lvl":5,"n":"Negative Energy Flood"},{"c":2,"s":1,"id":418,"u":"power%20word%20pain_xge","p":163,"h":1,"lvl":7,"n":"Power Word Pain"},{"c":2,"s":1,"id":419,"u":"primal%20savagery_xge","p":163,"h":1,"lvl":0,"n":"Primal Savagery"},{"c":2,"s":1,"id":420,"u":"primordial%20ward_xge","p":163,"h":1,"lvl":6,"n":"Primordial Ward"},{"c":2,"s":1,"id":421,"u":"psychic%20scream_xge","p":163,"h":1,"lvl":9,"n":"Psychic Scream"},{"c":2,"s":1,"id":422,"u":"pyrotechnics_xge","p":163,"h":1,"lvl":2,"n":"Pyrotechnics"},{"c":2,"s":1,"id":423,"u":"scatter_xge","p":164,"h":1,"lvl":6,"n":"Scatter"},{"c":2,"s":1,"id":424,"u":"shadow%20blade_xge","p":164,"h":1,"lvl":2,"n":"Shadow Blade"},{"c":2,"s":1,"id":425,"u":"shadow%20of%20moil_xge","p":164,"h":1,"lvl":4,"n":"Shadow of Moil"},{"c":2,"s":1,"id":426,"u":"shape%20water_xge","p":164,"h":1,"lvl":0,"n":"Shape Water"},{"c":2,"s":1,"id":427,"u":"sickening%20radiance_xge","p":164,"h":1,"lvl":4,"n":"Sickening Radiance"},{"c":2,"s":1,"id":428,"u":"skill%20empowerment_xge","p":165,"h":1,"lvl":5,"n":"Skill Empowerment"},{"c":2,"s":1,"id":429,"u":"skywrite_xge","p":165,"h":1,"lvl":2,"n":"Skywrite"},{"c":2,"s":1,"id":430,"u":"snare_xge","p":165,"h":1,"lvl":1,"n":"Snare"},{"c":2,"s":1,"id":431,"u":"snilloc's%20snowball%20swarm_xge","p":165,"h":1,"lvl":2,"n":"Snilloc's Snowball Swarm"},{"c":2,"s":1,"id":432,"u":"soul%20cage_xge","p":165,"h":1,"lvl":6,"n":"Soul Cage"},{"c":2,"s":1,"id":433,"u":"steel%20wind%20strike_xge","p":166,"h":1,"lvl":5,"n":"Steel Wind Strike"},{"c":2,"s":1,"id":434,"u":"storm%20sphere_xge","p":166,"h":1,"lvl":4,"n":"Storm Sphere"},{"c":2,"s":1,"id":435,"u":"summon%20greater%20demon_xge","p":166,"h":1,"lvl":4,"n":"Summon Greater Demon"},{"c":2,"s":1,"id":436,"u":"summon%20lesser%20demons_xge","p":167,"h":1,"lvl":3,"n":"Summon Lesser Demons"},{"c":2,"s":1,"id":437,"u":"synaptic%20static_xge","p":167,"h":1,"lvl":5,"n":"Synaptic Static"},{"c":2,"s":1,"id":438,"u":"temple%20of%20the%20gods_xge","p":167,"h":1,"lvl":7,"n":"Temple of the Gods"},{"c":2,"s":1,"id":439,"u":"tenser's%20transformation_xge","p":168,"h":1,"lvl":6,"n":"Tenser's Transformation"},{"c":2,"s":1,"id":440,"u":"thunder%20step_xge","p":168,"h":1,"lvl":3,"n":"Thunder Step"},{"c":2,"s":1,"id":441,"u":"thunderclap_xge","p":168,"h":1,"lvl":0,"n":"Thunderclap"},{"c":2,"s":1,"id":442,"u":"tidal%20wave_xge","p":168,"h":1,"lvl":3,"n":"Tidal Wave"},{"c":2,"s":1,"id":443,"u":"tiny%20servant_xge","p":168,"h":1,"lvl":3,"n":"Tiny Servant"},{"c":2,"s":1,"id":444,"u":"toll%20the%20dead_xge","p":169,"h":1,"lvl":0,"n":"Toll the Dead"},{"c":2,"s":1,"id":445,"u":"transmute%20rock_xge","p":169,"h":1,"lvl":5,"n":"Transmute Rock"},{"c":2,"s":1,"id":446,"u":"vitriolic%20sphere_xge","p":170,"h":1,"lvl":4,"n":"Vitriolic Sphere"},{"c":2,"s":1,"id":447,"u":"wall%20of%20light_xge","p":170,"h":1,"lvl":5,"n":"Wall of Light"},{"c":2,"s":1,"id":448,"u":"wall%20of%20sand_xge","p":170,"h":1,"lvl":3,"n":"Wall of Sand"},{"c":2,"s":1,"id":449,"u":"wall%20of%20water_xge","p":170,"h":1,"lvl":3,"n":"Wall of Water"},{"c":2,"s":1,"id":450,"u":"warding%20wind_xge","p":170,"h":1,"lvl":2,"n":"Warding Wind"},{"c":2,"s":1,"id":451,"u":"watery%20sphere_xge","p":170,"h":1,"lvl":4,"n":"Watery Sphere"},{"c":2,"s":1,"id":452,"u":"whirlwind_xge","p":171,"h":1,"lvl":7,"n":"Whirlwind"},{"c":2,"s":1,"id":453,"u":"word%20of%20radiance_xge","p":171,"h":1,"lvl":0,"n":"Word of Radiance"},{"c":2,"s":1,"id":454,"u":"wrath%20of%20nature_xge","p":171,"h":1,"lvl":5,"n":"Wrath of Nature"},{"c":2,"s":1,"id":455,"u":"zephyr%20strike_xge","p":171,"h":1,"lvl":1,"n":"Zephyr Strike"},{"c":2,"s":2,"id":456,"u":"distort%20value_ai","p":75,"h":1,"lvl":1,"n":"Distort Value"},{"c":2,"s":2,"id":457,"u":"fast%20friends_ai","p":75,"h":1,"lvl":3,"n":"Fast Friends"},{"c":2,"s":2,"id":458,"u":"gift%20of%20gab_ai","p":76,"h":1,"lvl":2,"n":"Gift of Gab"},{"c":2,"s":2,"id":459,"u":"incite%20greed_ai","p":76,"h":1,"lvl":3,"n":"Incite Greed"},{"c":2,"s":2,"id":460,"u":"jim's%20glowing%20coin_ai","p":76,"h":1,"lvl":2,"n":"Jim's Glowing Coin"},{"c":2,"s":2,"id":461,"u":"jim's%20magic%20missile_ai","p":76,"h":1,"lvl":1,"n":"Jim's Magic Missile"},{"c":2,"s":2,"id":462,"u":"motivational%20speech_ai","p":77,"h":1,"lvl":3,"n":"Motivational Speech"},{"c":2,"s":3,"id":463,"u":"linked%20glyphs_aitfr-avt","p":9,"h":1,"lvl":3,"n":"Linked Glyphs"},{"c":2,"s":4,"id":464,"u":"dark%20star_egw","p":186,"h":1,"lvl":8,"n":"Dark Star"},{"c":2,"s":4,"id":465,"u":"fortune's%20favor_egw","p":186,"h":1,"lvl":2,"n":"Fortune's Favor"},{"c":2,"s":4,"id":466,"u":"gift%20of%20alacrity_egw","p":186,"h":1,"lvl":1,"n":"Gift of Alacrity"},{"c":2,"s":4,"id":467,"u":"gravity%20fissure_egw","p":187,"h":1,"lvl":6,"n":"Gravity Fissure"},{"c":2,"s":4,"id":468,"u":"gravity%20sinkhole_egw","p":187,"h":1,"lvl":4,"n":"Gravity Sinkhole"},{"c":2,"s":4,"id":469,"u":"immovable%20object_egw","p":187,"h":1,"lvl":2,"n":"Immovable Object"},{"c":2,"s":4,"id":470,"u":"magnify%20gravity_egw","p":188,"h":1,"lvl":1,"n":"Magnify Gravity"},{"c":2,"s":4,"id":471,"u":"pulse%20wave_egw","p":188,"h":1,"lvl":3,"n":"Pulse Wave"},{"c":2,"s":4,"id":472,"u":"ravenous%20void_egw","p":188,"h":1,"lvl":9,"n":"Ravenous Void"},{"c":2,"s":4,"id":473,"u":"reality%20break_egw","p":189,"h":1,"lvl":8,"n":"Reality Break"},{"c":2,"s":4,"id":474,"u":"sapping%20sting_egw","p":189,"h":1,"lvl":0,"n":"Sapping Sting"},{"c":2,"s":4,"id":475,"u":"temporal%20shunt_egw","p":189,"h":1,"lvl":5,"n":"Temporal Shunt"},{"c":2,"s":4,"id":476,"u":"tether%20essence_egw","p":189,"h":1,"lvl":7,"n":"Tether Essence"},{"c":2,"s":4,"id":477,"u":"time%20ravage_egw","p":189,"h":1,"lvl":9,"n":"Time Ravage"},{"c":2,"s":4,"id":478,"u":"wristpocket_egw","p":190,"h":1,"lvl":2,"n":"Wristpocket"},{"c":2,"s":5,"id":479,"u":"ashardalon's%20stride_ftd","p":19,"h":1,"lvl":3,"n":"Ashardalon's Stride"},{"c":2,"s":5,"id":480,"u":"draconic%20transformation_ftd","p":19,"h":1,"lvl":7,"n":"Draconic Transformation"},{"c":2,"s":5,"id":481,"u":"fizban's%20platinum%20shield_ftd","p":20,"h":1,"lvl":6,"n":"Fizban's Platinum Shield"},{"c":2,"s":5,"id":482,"u":"nathair's%20mischief_ftd","p":20,"h":1,"lvl":2,"n":"Nathair's Mischief"},{"c":2,"s":5,"id":483,"u":"raulothim's%20psychic%20lance_ftd","p":21,"h":1,"lvl":4,"n":"Raulothim's Psychic Lance"},{"c":2,"s":5,"id":484,"u":"rime's%20binding%20ice_ftd","p":21,"h":1,"lvl":2,"n":"Rime's Binding Ice"},{"c":2,"s":5,"id":485,"u":"summon%20draconic%20spirit_ftd","p":21,"h":1,"lvl":5,"n":"Summon Draconic Spirit"},{"c":2,"s":6,"id":486,"u":"encode%20thoughts_ggr","p":47,"h":1,"lvl":0,"n":"Encode Thoughts"},{"c":2,"s":7,"id":487,"u":"create%20magen_idrotf","p":318,"h":1,"lvl":7,"n":"Create Magen"},{"c":2,"s":7,"id":488,"u":"frost%20fingers_idrotf","p":318,"h":1,"lvl":1,"n":"Frost Fingers"},{"c":2,"s":8,"id":489,"u":"flock%20of%20familiars_llk","p":57,"h":1,"lvl":2,"n":"Flock of Familiars"},{"c":2,"s":8,"id":490,"u":"galder's%20speedy%20courier_llk","p":57,"h":1,"lvl":4,"n":"Galder's Speedy Courier"},{"c":2,"s":8,"id":491,"u":"galder's%20tower_llk","p":57,"h":1,"lvl":3,"n":"Galder's Tower"},{"c":2,"s":9,"id":492,"u":"borrowed%20knowledge_scc","p":37,"h":1,"lvl":2,"n":"Borrowed Knowledge"},{"c":2,"s":9,"id":493,"u":"kinetic%20jaunt_scc","p":37,"h":1,"lvl":2,"n":"Kinetic Jaunt"},{"c":2,"s":9,"id":494,"u":"silvery%20barbs_scc","p":38,"h":1,"lvl":1,"n":"Silvery Barbs"},{"c":2,"s":9,"id":495,"u":"vortex%20warp_scc","p":38,"h":1,"lvl":2,"n":"Vortex Warp"},{"c":2,"s":9,"id":496,"u":"wither%20and%20bloom_scc","p":38,"h":1,"lvl":2,"n":"Wither and Bloom"},{"c":2,"s":10,"id":497,"u":"blade%20of%20disaster_tce","p":106,"h":1,"lvl":9,"n":"Blade of Disaster"},{"c":2,"s":10,"id":498,"u":"booming%20blade_tce","p":106,"h":1,"lvl":0,"n":"Booming Blade"},{"c":2,"s":10,"id":499,"u":"dream%20of%20the%20blue%20veil_tce","p":106,"h":1,"lvl":7,"n":"Dream of the Blue Veil"},{"c":2,"s":10,"id":500,"u":"green-flame%20blade_tce","p":107,"h":1,"lvl":0,"n":"Green-Flame Blade"},{"c":2,"s":10,"id":501,"u":"intellect%20fortress_tce","p":107,"h":1,"lvl":3,"n":"Intellect Fortress"},{"c":2,"s":10,"id":502,"u":"lightning%20lure_tce","p":107,"h":1,"lvl":0,"n":"Lightning Lure"},{"c":2,"s":10,"id":503,"u":"mind%20sliver_tce","p":108,"h":1,"lvl":0,"n":"Mind Sliver"},{"c":2,"s":10,"id":504,"u":"spirit%20shroud_tce","p":108,"h":1,"lvl":3,"n":"Spirit Shroud"},{"c":2,"s":10,"id":505,"u":"summon%20aberration_tce","p":109,"h":1,"lvl":4,"n":"Summon Aberration"},{"c":2,"s":10,"id":506,"u":"summon%20beast_tce","p":109,"h":1,"lvl":2,"n":"Summon Beast"},{"c":2,"s":10,"id":507,"u":"summon%20celestial_tce","p":110,"h":1,"lvl":5,"n":"Summon Celestial"},{"c":2,"s":10,"id":508,"u":"summon%20construct_tce","p":111,"h":1,"lvl":4,"n":"Summon Construct"},{"c":2,"s":10,"id":509,"u":"summon%20elemental_tce","p":111,"h":1,"lvl":4,"n":"Summon Elemental"},{"c":2,"s":10,"id":510,"u":"summon%20fey_tce","p":112,"h":1,"lvl":3,"n":"Summon Fey"},{"c":2,"s":10,"id":511,"u":"summon%20fiend_tce","p":112,"h":1,"lvl":6,"n":"Summon Fiend"},{"c":2,"s":10,"id":512,"u":"summon%20shadowspawn_tce","p":113,"h":1,"lvl":3,"n":"Summon Shadowspawn"},{"c":2,"s":10,"id":513,"u":"summon%20undead_tce","p":114,"h":1,"lvl":3,"n":"Summon Undead"},{"c":2,"s":10,"id":514,"u":"sword%20burst_tce","p":115,"h":1,"lvl":0,"n":"Sword Burst"},{"c":2,"s":10,"id":515,"u":"tasha's%20caustic%20brew_tce","p":115,"h":1,"lvl":1,"n":"Tasha's Caustic Brew"},{"c":2,"s":10,"id":516,"u":"tasha's%20mind%20whip_tce","p":115,"h":1,"lvl":2,"n":"Tasha's Mind Whip"},{"c":2,"s":10,"id":517,"u":"tasha's%20otherworldly%20guise_tce","p":116,"h":1,"lvl":6,"n":"Tasha's Otherworldly Guise"},{"c":2,"s":11,"id":518,"u":"intellect%20fortress_ua2020psionicoptionsrevisited","p":7,"h":1,"lvl":4,"n":"Intellect Fortress"},{"c":2,"s":11,"id":519,"u":"mind%20sliver_ua2020psionicoptionsrevisited","p":7,"h":1,"lvl":0,"n":"Mind Sliver"},{"c":2,"s":11,"id":520,"u":"mind%20thrust_ua2020psionicoptionsrevisited","p":7,"h":1,"lvl":2,"n":"Mind Thrust"},{"c":2,"s":12,"id":521,"u":"acid%20stream_ua2020spellsandmagictattoos","p":2,"h":1,"lvl":1,"n":"Acid Stream"},{"c":2,"s":12,"id":522,"u":"otherworldly%20form_ua2020spellsandmagictattoos","p":2,"h":1,"lvl":6,"n":"Otherworldly Form"},{"c":2,"s":12,"id":523,"u":"spirit%20shroud_ua2020spellsandmagictattoos","p":2,"h":1,"lvl":3,"n":"Spirit Shroud"},{"c":2,"s":12,"id":524,"u":"summon%20aberrant%20spirit_ua2020spellsandmagictattoos","p":3,"h":1,"lvl":4,"n":"Summon Aberrant Spirit"},{"c":2,"s":12,"id":525,"u":"summon%20bestial%20spirit_ua2020spellsandmagictattoos","p":3,"h":1,"lvl":2,"n":"Summon Bestial Spirit"},{"c":2,"s":12,"id":526,"u":"summon%20celestial%20spirit_ua2020spellsandmagictattoos","p":4,"h":1,"lvl":5,"n":"Summon Celestial Spirit"},{"c":2,"s":12,"id":527,"u":"summon%20elemental%20spirit_ua2020spellsandmagictattoos","p":4,"h":1,"lvl":4,"n":"Summon Elemental Spirit"},{"c":2,"s":12,"id":528,"u":"summon%20fey%20spirit_ua2020spellsandmagictattoos","p":5,"h":1,"lvl":3,"n":"Summon Fey Spirit"},{"c":2,"s":12,"id":529,"u":"summon%20fiendish%20spirit_ua2020spellsandmagictattoos","p":6,"h":1,"lvl":6,"n":"Summon Fiendish Spirit"},{"c":2,"s":12,"id":530,"u":"summon%20shadow%20spirit_ua2020spellsandmagictattoos","p":7,"h":1,"lvl":3,"n":"Summon Shadow Spirit"},{"c":2,"s":12,"id":531,"u":"summon%20undead%20spirit_ua2020spellsandmagictattoos","p":7,"h":1,"lvl":3,"n":"Summon Undead Spirit"},{"c":2,"s":13,"id":532,"u":"draconic%20transformation_ua2021draconicoptions","p":5,"h":1,"lvl":7,"n":"Draconic Transformation"},{"c":2,"s":13,"id":533,"u":"fizban's%20platinum%20shield_ua2021draconicoptions","p":5,"h":1,"lvl":6,"n":"Fizban's Platinum Shield"},{"c":2,"s":13,"id":534,"u":"flame%20stride_ua2021draconicoptions","p":6,"h":1,"lvl":3,"n":"Flame Stride"},{"c":2,"s":13,"id":535,"u":"icingdeath's%20frost_ua2021draconicoptions","p":6,"h":1,"lvl":2,"n":"Icingdeath's Frost"},{"c":2,"s":13,"id":536,"u":"nathair's%20mischief_ua2021draconicoptions","p":6,"h":1,"lvl":2,"n":"Nathair's Mischief"},{"c":2,"s":13,"id":537,"u":"raulothim's%20psychic%20lance_ua2021draconicoptions","p":6,"h":1,"lvl":4,"n":"Raulothim's Psychic Lance"},{"c":2,"s":13,"id":538,"u":"summon%20draconic%20spirit_ua2021draconicoptions","p":7,"h":1,"lvl":5,"n":"Summon Draconic Spirit"},{"c":2,"s":14,"id":539,"u":"arcane%20weapon_uaartificerrevisited","p":10,"h":1,"lvl":1,"n":"Arcane Weapon"},{"c":2,"s":15,"id":540,"u":"ego%20whip_uafighterroguewizard","p":7,"h":1,"lvl":4,"n":"Ego Whip"},{"c":2,"s":15,"id":541,"u":"id%20insinuation_uafighterroguewizard","p":7,"h":1,"lvl":1,"n":"Id Insinuation"},{"c":2,"s":15,"id":542,"u":"intellect%20fortress_uafighterroguewizard","p":7,"h":1,"lvl":5,"n":"Intellect Fortress"},{"c":2,"s":15,"id":543,"u":"mental%20barrier_uafighterroguewizard","p":7,"h":1,"lvl":2,"n":"Mental Barrier"},{"c":2,"s":15,"id":544,"u":"mind%20sliver_uafighterroguewizard","p":7,"h":1,"lvl":0,"n":"Mind Sliver"},{"c":2,"s":15,"id":545,"u":"mind%20thrust_uafighterroguewizard","p":7,"h":1,"lvl":2,"n":"Mind Thrust"},{"c":2,"s":15,"id":546,"u":"psionic%20blast_uafighterroguewizard","p":8,"h":1,"lvl":3,"n":"Psionic Blast"},{"c":2,"s":15,"id":547,"u":"psychic%20crush_uafighterroguewizard","p":8,"h":1,"lvl":6,"n":"Psychic Crush"},{"c":2,"s":15,"id":548,"u":"thought%20shield_uafighterroguewizard","p":8,"h":1,"lvl":2,"n":"Thought Shield"},{"c":2,"s":16,"id":549,"u":"arcane%20hacking%20(ua)_uamodernmagic","p":5,"h":1,"lvl":2,"n":"Arcane Hacking (UA)"},{"c":2,"s":16,"id":550,"u":"commune%20with%20city%20(ua)_uamodernmagic","p":5,"h":1,"lvl":5,"n":"Commune with City (UA)"},{"c":2,"s":16,"id":551,"u":"conjure%20knowbot%20(ua)_uamodernmagic","p":5,"h":1,"lvl":4,"n":"Conjure Knowbot (UA)"},{"c":2,"s":16,"id":552,"u":"digital%20phantom%20(ua)_uamodernmagic","p":6,"h":1,"lvl":2,"n":"Digital Phantom (UA)"},{"c":2,"s":16,"id":553,"u":"find%20vehicle%20(ua)_uamodernmagic","p":6,"h":1,"lvl":2,"n":"Find Vehicle (UA)"},{"c":2,"s":16,"id":554,"u":"haywire%20(ua)_uamodernmagic","p":7,"h":1,"lvl":3,"n":"Haywire (UA)"},{"c":2,"s":16,"id":555,"u":"infallible%20relay%20(ua)_uamodernmagic","p":7,"h":1,"lvl":1,"n":"Infallible Relay (UA)"},{"c":2,"s":16,"id":556,"u":"invisibility%20to%20cameras%20(ua)_uamodernmagic","p":7,"h":1,"lvl":3,"n":"Invisibility to Cameras (UA)"},{"c":2,"s":16,"id":557,"u":"on%2foff%20(ua)_uamodernmagic","p":7,"h":1,"lvl":0,"n":"On/Off (UA)"},{"c":2,"s":16,"id":558,"u":"protection%20from%20ballistics%20(ua)_uamodernmagic","p":8,"h":1,"lvl":3,"n":"Protection from Ballistics (UA)"},{"c":2,"s":16,"id":559,"u":"remote%20access%20(ua)_uamodernmagic","p":8,"h":1,"lvl":1,"n":"Remote Access (UA)"},{"c":2,"s":16,"id":560,"u":"shutdown%20(ua)_uamodernmagic","p":8,"h":1,"lvl":5,"n":"Shutdown (UA)"},{"c":2,"s":16,"id":561,"u":"synchronicity%20(ua)_uamodernmagic","p":8,"h":1,"lvl":4,"n":"Synchronicity (UA)"},{"c":2,"s":16,"id":562,"u":"system%20backdoor%20(ua)_uamodernmagic","p":8,"h":1,"lvl":4,"n":"System Backdoor (UA)"},{"c":2,"s":17,"id":563,"u":"mind%20sliver_uasorcererandwarlock","p":4,"h":1,"lvl":0,"n":"Mind Sliver"},{"c":2,"s":18,"id":564,"u":"cause%20fear%20(ua)_uastarterspells","p":2,"h":1,"lvl":1,"n":"Cause Fear (UA)"},{"c":2,"s":18,"id":565,"u":"ceremony%20(ua)_uastarterspells","p":2,"h":1,"lvl":1,"n":"Ceremony (UA)"},{"c":2,"s":18,"id":566,"u":"chaos%20bolt%20(ua)_uastarterspells","p":2,"h":1,"lvl":1,"n":"Chaos Bolt (UA)"},{"c":2,"s":18,"id":567,"u":"guiding%20hand%20(ua)_uastarterspells","p":3,"h":1,"lvl":1,"n":"Guiding Hand (UA)"},{"c":2,"s":18,"id":568,"u":"hand%20of%20radiance%20(ua)_uastarterspells","p":3,"h":1,"lvl":0,"n":"Hand of Radiance (UA)"},{"c":2,"s":18,"id":569,"u":"healing%20elixir%20(ua)_uastarterspells","p":3,"h":1,"lvl":1,"n":"Healing Elixir (UA)"},{"c":2,"s":18,"id":570,"u":"infestation%20(ua)_uastarterspells","p":3,"h":1,"lvl":0,"n":"Infestation (UA)"},{"c":2,"s":18,"id":571,"u":"primal%20savagery%20(ua)_uastarterspells","p":3,"h":1,"lvl":0,"n":"Primal Savagery (UA)"},{"c":2,"s":18,"id":572,"u":"puppet%20(ua)_uastarterspells","p":3,"h":1,"lvl":1,"n":"Puppet (UA)"},{"c":2,"s":18,"id":573,"u":"sense%20emotion%20(ua)_uastarterspells","p":4,"h":1,"lvl":1,"n":"Sense Emotion (UA)"},{"c":2,"s":18,"id":574,"u":"snare%20(ua)_uastarterspells","p":4,"h":1,"lvl":1,"n":"Snare (UA)"},{"c":2,"s":18,"id":575,"u":"sudden%20awakening%20(ua)_uastarterspells","p":4,"h":1,"lvl":1,"n":"Sudden Awakening (UA)"},{"c":2,"s":18,"id":576,"u":"toll%20the%20dead%20(ua)_uastarterspells","p":4,"h":1,"lvl":0,"n":"Toll the Dead (UA)"},{"c":2,"s":18,"id":577,"u":"unearthly%20chorus%20(ua)_uastarterspells","p":4,"h":1,"lvl":1,"n":"Unearthly Chorus (UA)"},{"c":2,"s":18,"id":578,"u":"virtue%20(ua)_uastarterspells","p":5,"h":1,"lvl":0,"n":"Virtue (UA)"},{"c":2,"s":18,"id":579,"u":"wild%20cunning%20(ua)_uastarterspells","p":5,"h":1,"lvl":1,"n":"Wild Cunning (UA)"},{"c":2,"s":18,"id":580,"u":"zephyr%20strike%20(ua)_uastarterspells","p":5,"h":1,"lvl":1,"n":"Zephyr Strike (UA)"},{"c":2,"s":19,"id":581,"u":"conjure%20barlgura%20(ua)_uathatoldblackmagic","p":2,"h":1,"lvl":4,"n":"Conjure Barlgura (UA)"},{"c":2,"s":19,"id":582,"u":"conjure%20hezrou%20(ua)_uathatoldblackmagic","p":2,"h":1,"lvl":7,"n":"Conjure Hezrou (UA)"},{"c":2,"s":19,"id":583,"u":"conjure%20lesser%20demon%20(ua)_uathatoldblackmagic","p":2,"h":1,"lvl":3,"n":"Conjure Lesser Demon (UA)"},{"c":2,"s":19,"id":584,"u":"conjure%20shadow%20demon%20(ua)_uathatoldblackmagic","p":3,"h":1,"lvl":4,"n":"Conjure Shadow Demon (UA)"},{"c":2,"s":19,"id":585,"u":"conjure%20vrock%20(ua)_uathatoldblackmagic","p":3,"h":1,"lvl":5,"n":"Conjure Vrock (UA)"}],"m":{"s":{"PHB":0,"XGE":1,"AI":2,"AitFR-AVT":3,"EGW":4,"FTD":5,"GGR":6,"IDRotF":7,"LLK":8,"SCC":9,"TCE":10,"UA2020PsionicOptionsRevisited":11,"UA2020SpellsAndMagicTattoos":12,"UA2021DraconicOptions":13,"UAArtificerRevisited":14,"UAFighterRogueWizard":15,"UAModernMagic":16,"UASorcererAndWarlock":17,"UAStarterSpells":18,"UAThatOldBlackMagic":19}}}