{
	"_meta": {
		"dependencies": {
			"monster": [
				"MM"
			]
		}
	},
	"monster": [
		{
			"name": "Brain in a Jar",
			"source": "LLK",
			"page": 38,
			"otherSources": [
				{
					"source": "IMR"
				}
			],
			"size": [
				"M"
			],
			"type": "undead",
			"alignment": [
				"A"
			],
			"ac": [
				{
					"ac": 11,
					"from": [
						"natural armor"
					]
				}
			],
			"hp": {
				"average": 58,
				"formula": "9d8 + 18"
			},
			"speed": {
				"walk": 0
			},
			"str": 1,
			"dex": 1,
			"con": 15,
			"int": 19,
			"wis": 10,
			"cha": 15,
			"save": {
				"int": "+7",
				"cha": "+5"
			},
			"senses": [
				"darkvision 60 ft."
			],
			"passive": 10,
			"immune": [
				"necrotic",
				"poison",
				"psychic"
			],
			"conditionImmune": [
				"charmed",
				"exhaustion",
				"frightened"
			],
			"cr": "6",
			"spellcasting": [
				{
					"name": "Innate Spellcasting (Psionics)",
					"headerEntries": [
						"The brain in a jar's innate spellcasting ability is Intelligence (spell save {@dc 15}). It can innately cast the following spells, requiring no components:"
					],
					"will": [
						"{@spell detect thoughts}",
						"{@spell mage hand}",
						"{@spell zone of truth}"
					],
					"daily": {
						"3e": [
							"{@spell charm person}",
							"{@spell command}",
							"{@spell hold person}"
						],
						"1e": [
							"{@spell compulsion}",
							"{@spell hold monster}",
							"{@spell sleep} (cast at 3rd level)",
							"{@spell Tasha's hideous laughter}"
						]
					},
					"ability": "int"
				}
			],
			"trait": [
				{
					"name": "Detect Sentience",
					"entries": [
						"The brain in a jar can sense the presence and location of any creature within 300 feet of it that has an Intelligence of 3 or higher, regardless of interposing barriers, unless the creature is protected by a {@spell mind blank} spell."
					]
				},
				{
					"name": "Magic Resistance",
					"entries": [
						"The brain in a jar has advantage on saving throws against spells and other magical effects."
					]
				}
			],
			"action": [
				{
					"name": "Mind Blast {@recharge 5}",
					"entries": [
						"The brain in a jar magically emits psychic energy in a 60-foot cone. Each creature in that area must succeed on a {@dc 15} Intelligence saving throw or take 13 ({@damage 2d8 + 4}) psychic damage and be {@condition stunned} for 1 minute. A creature can repeat the saving throw at the end of each of its turns, ending the effect on itself on a success."
					]
				}
			],
			"traitTags": [
				"Magic Resistance"
			],
			"senseTags": [
				"D"
			],
			"damageTags": [
				"Y"
			],
			"spellcastingTags": [
				"I",
				"P"
			],
			"miscTags": [
				"AOE"
			],
			"conditionInflict": [
				"stunned"
			],
			"conditionInflictSpell": [
				"charmed",
				"incapacitated",
				"paralyzed",
				"prone",
				"unconscious"
			],
			"hasToken": true
		},
		{
			"name": "Clockwork Kraken",
			"source": "LLK",
			"page": 38,
			"size": [
				"L"
			],
			"type": "construct",
			"alignment": [
				"U"
			],
			"ac": [
				{
					"ac": 17,
					"from": [
						"natural armor"
					]
				}
			],
			"hp": {
				"average": 142,
				"formula": "15d10 + 60"
			},
			"speed": {
				"walk": 30
			},
			"str": 20,
			"dex": 12,
			"con": 18,
			"int": 3,
			"wis": 11,
			"cha": 1,
			"senses": [
				"darkvision 120 ft."
			],
			"passive": 10,
			"resist": [
				"fire",
				{
					"resist": [
						"bludgeoning",
						"piercing",
						"slashing"
					],
					"note": "from nonmagical attacks",
					"cond": true
				}
			],
			"immune": [
				"poison",
				"psychic"
			],
			"conditionImmune": [
				"charmed",
				"exhaustion",
				"frightened",
				"paralyzed",
				"petrified",
				"poisoned"
			],
			"languages": [
				"understands the languages of its creator but can't speak"
			],
			"cr": "10",
			"trait": [
				{
					"name": "Magic Resistance",
					"entries": [
						"The clockwork kraken has advantage on saving throws against spells and other magical effects."
					]
				},
				{
					"name": "Independent Tentacles",
					"entries": [
						"The clockwork kraken has eight tentacles, each of which is treated as a Medium creature, moves independently on the construct's turn, and has a flying speed of 40 feet. The clockwork kraken's senses operate through its tentacles as well as its main body. Each tentacle can be attacked independently, with damage dealt to tentacles applied to the clockwork kraken's hit point total. A tentacle is destroyed if it takes more than 20 damage.",
						"Reducing the construct to three or fewer tentacles reduces its attacks accordingly. A clockwork kraken can regrow any destroyed tentacles at the end of a long rest."
					]
				}
			],
			"action": [
				{
					"name": "Multiattack",
					"entries": [
						"The clockwork kraken makes four tentacle slam attacks."
					]
				},
				{
					"name": "Tentacle Slam",
					"entries": [
						"{@atk mw} {@hit 9} to hit, reach 5 ft., one target. {@h}12 ({@damage 2d6 + 5}) bludgeoning damage."
					]
				}
			],
			"traitTags": [
				"Magic Resistance"
			],
			"senseTags": [
				"SD"
			],
			"actionTags": [
				"Multiattack"
			],
			"languageTags": [
				"CS"
			],
			"damageTags": [
				"B"
			],
			"miscTags": [
				"MW"
			]
		},
		{
			"name": "Garret Levistusson",
			"isNpc": true,
			"source": "LLK",
			"page": 41,
			"size": [
				"M"
			],
			"type": {
				"type": "humanoid"
			},
			"alignment": [
				"C",
				"N"
			],
			"ac": [
				{
					"ac": 14,
					"from": [
						"natural armor"
					]
				}
			],
			"hp": {
				"average": 44,
				"formula": "8d8 + 8"
			},
			"speed": {
				"walk": 30
			},
			"str": 11,
			"dex": 14,
			"con": 12,
			"int": 11,
			"wis": 12,
			"cha": 17,
			"skill": {
				"deception": "+7",
				"investigation": "+4",
				"performance": "+5",
				"persuasion": "+5"
			},
			"passive": 11,
			"languages": [
				"Abyssal",
				"Common",
				"Infernal",
				"Thieves' cant"
			],
			"cr": "2",
			"spellcasting": [
				{
					"name": "Spellcasting",
					"headerEntries": [
						"Garret is a 2nd-level spellcaster. His spellcasting ability is Charisma (spell save {@dc 13}, {@hit 5} to hit with spell attacks). He has the following bard spells prepared:"
					],
					"spells": {
						"0": {
							"spells": [
								"{@spell blade ward}",
								"{@spell vicious mockery}"
							]
						},
						"1": {
							"slots": 3,
							"spells": [
								"{@spell charm person}",
								"{@spell detect magic}",
								"{@spell disguise self}",
								"{@spell identify}",
								"{@spell Tasha's hideous laughter}"
							]
						}
					},
					"ability": "cha"
				}
			],
			"trait": [
				{
					"name": "Special Equipment",
					"entries": [
						"Garret wears a {@item Ring of Warmth} (included in his statistics) and wields a {@item Gambler's Blade longsword|LLK}."
					]
				},
				{
					"name": "Bardic Inspiration (3/Day)",
					"entries": [
						"As a bonus action, Garret can give one chosen creature (other than him) a {@dice d6} inspiration die. The chosen creature must be within 60 feet of Garret and able to hear him. Once within the next 10 minutes, the creature can roll the die and add the number rolled to one ability check, attack roll, or saving throw it makes. The creature can use the inspiration die after the roll is made but before the DM says whether it succeeds or fails. Once the inspiration die is rolled, it is lost. A creature can have only one inspiration die at a time."
					]
				},
				{
					"name": "Cunning Action",
					"entries": [
						"On each of his turns, Garret can use a bonus action to take the Dash, Disengage, or Hide action."
					]
				},
				{
					"name": "Sneak Attack (1/Turn)",
					"entries": [
						"Garret deals an extra 7 ({@dice 2d6}) damage when he hits a target with a weapon attack and has advantage on the attack roll, or when the target is within 5 feet of an ally of Garret that isn't {@condition incapacitated} and Garret doesn't have disadvantage on the attack roll."
					]
				}
			],
			"action": [
				{
					"name": "Shortsword",
					"entries": [
						"{@atk mw} {@hit 4} to hit, reach 5 ft., one target. {@h}5 ({@damage 1d6 + 2}) piercing damage."
					]
				}
			],
			"traitTags": [
				"Sneak Attack"
			],
			"languageTags": [
				"AB",
				"C",
				"I",
				"TC"
			],
			"damageTags": [
				"P"
			],
			"spellcastingTags": [
				"CB"
			],
			"miscTags": [
				"MW"
			],
			"conditionInflict": [
				"incapacitated"
			],
			"conditionInflictSpell": [
				"charmed",
				"incapacitated",
				"prone"
			]
		},
		{
			"name": "Gloine Nathair-Nathair",
			"isNpc": true,
			"source": "IMR",
			"page": 23,
			"_copy": {
				"name": "Medusa",
				"source": "MM",
				"_mod": {
					"*": {
						"mode": "replaceTxt",
						"replace": "the medusa",
						"with": "Gloine",
						"flags": "i"
					}
				}
			},
			"type": "undead",
			"immune": [
				"poison",
				"necrotic"
			],
			"conditionImmune": [
				"exhaustion",
				"poisoned"
			],
			"trait": [
				{
					"name": "Petrifying Gaze",
					"entries": [
						"When a creature that can see the medusa's eyes starts its turn within 30 feet of the medusa, the medusa can force it to make a {@dc 14} Constitution saving throw if the medusa isn't {@condition incapacitated} and can see the creature. If the saving throw fails by 5 or more, the creature is instantly {@condition petrified}. Otherwise, a creature that fails the save begins to turn to glass and is {@condition restrained}. The {@condition restrained} creature must repeat the saving throw at the end of its next turn, becoming {@condition petrified} on a failure or ending the effect on a success. The petrification lasts until the creature is freed by the  {@spell greater restoration} spell or other magic.",
						"Unless surprised, a creature can avert its eyes to avoid the saving throw at the start of its turn. If the creature does so, it can't see the medusa until the start of its next turn, when it can avert its eyes again. If the creature looks at the medusa in the meantime, it must immediately make the save.",
						"If the medusa sees itself reflected on a polished surface within 30 feet of it and in an area of bright light, the medusa is, due to its curse, affected by its own gaze."
					]
				}
			],
			"conditionInflict": [
				"petrified",
				"restrained"
			]
		},
		{
			"name": "Mary Greymalkin",
			"isNpc": true,
			"source": "LLK",
			"page": 41,
			"size": [
				"M"
			],
			"type": {
				"type": "humanoid"
			},
			"alignment": [
				"N"
			],
			"ac": [
				{
					"ac": 12,
					"from": [
						"{@item Bracers of Defense}",
						"{@item Ring of Protection}"
					]
				}
			],
			"hp": {
				"average": 45,
				"formula": "7d8 + 14"
			},
			"speed": {
				"walk": 30
			},
			"str": 10,
			"dex": 12,
			"con": 10,
			"int": 14,
			"wis": 14,
			"cha": 15,
			"save": {
				"wis": "+4",
				"cha": "+4"
			},
			"skill": {
				"arcana": "+4",
				"medicine": "+4",
				"nature": "+4",
				"religion": "+4"
			},
			"passive": 12,
			"languages": [
				"Abyssal",
				"Celestial",
				"Common",
				"Elvish",
				"Infernal",
				"Sylvan"
			],
			"cr": "2",
			"spellcasting": [
				{
					"name": "Spellcasting",
					"headerEntries": [
						"Mary is a 5th-level spellcaster. Her spellcasting ability is Charisma (spell save {@dc 12}, {@hit 4} to hit with spell attacks). She regains her expended spell slots when she finishes a short or long rest. She knows the following warlock spells:"
					],
					"spells": {
						"0": {
							"spells": [
								"{@spell chill touch}",
								"{@spell eldritch blast}",
								"{@spell mage hand}"
							]
						},
						"3": {
							"lower": 1,
							"slots": 3,
							"spells": [
								"{@spell darkness}",
								"{@spell hex}",
								"{@spell hypnotic pattern}",
								"{@spell misty step}",
								"{@spell phantasmal force}",
								"{@spell unseen servant}"
							]
						}
					},
					"ability": "cha"
				}
			],
			"trait": [
				{
					"name": "Special Equipment",
					"entries": [
						"Mary wears {@item Bracers of Defense} and a {@item Ring of Protection}, and carries a {@item Deck of Several Things|LLK}"
					]
				},
				{
					"name": "Fey Presence (Recharges after a Short Rest)",
					"entries": [
						"Mary can cause each creature within 10 feet of her to succeed on a {@dc 12} Wisdom saving throw or become {@condition charmed} or {@condition frightened} by her (Mary's choice) until the end of her next turn."
					]
				},
				{
					"name": "Fey Ancestry",
					"entries": [
						"Mary has advantage on saving throws against being {@condition charmed}, and magic can't put her to sleep."
					]
				}
			],
			"action": [
				{
					"name": "Quarterstaff",
					"entries": [
						"{@atk mw} {@hit 2} to hit, reach 5 ft., one target. {@h}3 ({@damage 1d6}) bludgeoning damage."
					]
				}
			],
			"traitTags": [
				"Fey Ancestry"
			],
			"languageTags": [
				"AB",
				"C",
				"CE",
				"E",
				"I",
				"S"
			],
			"damageTags": [
				"B"
			],
			"spellcastingTags": [
				"CL"
			],
			"miscTags": [
				"MW"
			],
			"conditionInflict": [
				"charmed",
				"frightened"
			],
			"conditionInflictSpell": [
				"charmed",
				"incapacitated"
			]
		},
		{
			"name": "Ooze-Folk",
			"source": "LLK",
			"page": 46,
			"size": [
				"M"
			],
			"type": "ooze",
			"alignment": [
				"U"
			],
			"ac": [
				{
					"ac": 10,
					"from": [
						"natural armor"
					]
				}
			],
			"hp": {
				"average": 19,
				"formula": "2d8 + 10"
			},
			"speed": {
				"walk": 30
			},
			"str": 14,
			"dex": 3,
			"con": 20,
			"int": 1,
			"wis": 6,
			"cha": 1,
			"senses": [
				"blindsight 60 ft."
			],
			"passive": 8,
			"conditionImmune": [
				"blinded",
				"charmed",
				"deafened",
				"exhaustion",
				"frightened",
				"prone"
			],
			"cr": "1/2",
			"trait": [
				{
					"name": "Transparent",
					"entries": [
						"Even when an ooze-folk is in plain sight, it takes a {@dc 12} Wisdom ({@skill Perception}) check to spot an ooze-folk that has neither moved nor attacked. A creature that tries to enter the ooze-folk's space while unaware of the ooze-folk is surprised by the ooze-folk."
					]
				},
				{
					"name": "Fragile Bones",
					"entries": [
						"For each 5 damage it takes, the ooze-folk's walking speed is reduced by 5 feet."
					]
				}
			],
			"action": [
				{
					"name": "Multiattack",
					"entries": [
						"The ooze folk makes one glass longsword attack and one pseudopod attack."
					]
				},
				{
					"name": "Glass Longsword",
					"entries": [
						"{@atk mw} {@hit 4} to hit, reach 5 ft., one creature. {@h}6 ({@damage 1d8 + 2}) slashing damage. If a 1 is rolled on an attack roll with a glass longsword, it shatters and can no longer be used."
					]
				},
				{
					"name": "Pseudopod",
					"entries": [
						"{@atk mw} {@hit 4} to hit, reach 5 ft., one creature. {@h}5 ({@damage 1d6 + 2}) acid damage. "
					]
				}
			],
			"senseTags": [
				"B"
			],
			"actionTags": [
				"Multiattack"
			],
			"damageTags": [
				"A",
				"S"
			],
			"miscTags": [
				"MW"
			]
		}
	]
}
