{
	"monster": [
		{
			"name": "Vecna the Archlich",
			"shortName": "Vecna",
			"isNamedCreature": true,
			"source": "VD",
			"size": [
				"M"
			],
			"type": {
				"type": "undead",
				"tags": [
					"Wizard"
				]
			},
			"alignment": [
				"L",
				"E"
			],
			"ac": [
				{
					"ac": 18,
					"from": [
						"natural armor"
					]
				}
			],
			"hp": {
				"formula": "32d8 + 128",
				"average": 272
			},
			"speed": {
				"walk": 30
			},
			"str": 14,
			"dex": 16,
			"con": 18,
			"int": 22,
			"wis": 24,
			"cha": 16,
			"save": {
				"con": "+12",
				"int": "+14",
				"wis": "+15"
			},
			"skill": {
				"arcana": "+22",
				"history": "+14",
				"insight": "+15",
				"perception": "+15"
			},
			"senses": [
				"truesight 120 ft."
			],
			"passive": 25,
			"resist": [
				"cold",
				"lightning",
				"necrotic"
			],
			"immune": [
				{
					"immune": [
						"poison"
					]
				},
				{
					"immune": [
						"bludgeoning",
						"piercing",
						"slashing"
					],
					"note": "from nonmagical attacks"
				}
			],
			"conditionImmune": [
				"charmed",
				"exhaustion",
				"frightened",
				"paralyzed",
				"poisoned",
				"stunned"
			],
			"languages": [
				"Common",
				"Draconic",
				"Elvish",
				"Infernal"
			],
			"cr": "26",
			"spellcasting": [
				{
					"name": "Spellcasting",
					"headerEntries": [
						"Vecna casts one of the following spells, requiring no material components and using Intelligence as the spellcasting ability (spell save {@dc 22}):"
					],
					"will": [
						"{@spell animate dead} (as an action)",
						"{@spell detect magic}",
						"{@spell dispel magic}",
						"{@spell fly}",
						"{@spell lightning bolt}",
						"{@spell mage hand}",
						"{@spell prestidigitation}"
					],
					"daily": {
						"2e": [
							"{@spell dimension door}",
							"{@spell invisibility}",
							"{@spell scrying} (as an action)"
						],
						"1e": [
							"{@spell dominate monster}",
							"{@spell globe of invulnerability}",
							"{@spell plane shift} (self only)"
						]
					},
					"ability": "int",
					"type": "spellcasting"
				}
			],
			"trait": [
				{
					"name": "Legendary Resistance (5/Day)",
					"entries": [
						"If Vecna fails a saving throw, he can choose to succeed instead."
					]
				},
				{
					"name": "Special Equipment",
					"entries": [
						"Vecna carries a magic dagger named Afterthought. In the hands of anyone other than Vecna, Afterthought is a {@item +2 dagger}."
					]
				},
				{
					"name": "Undying",
					"entries": [
						"If Vecna is slain, his soul refuses to accept its fate and lives on as a disembodied spirit that fashions a new body for itself after {@dice 1d100} years. Vecna's soul can fashion a new body even if its old body was burned to ash or otherwise obliterated. When the new body is complete, Vecna regains all his hit points and becomes active again. Vecna's new body appears anywhere within 100 miles of where Vecna was slain."
					]
				},
				{
					"name": "Unusual Nature",
					"entries": [
						"Vecna doesn't require air, food, drink, or sleep."
					]
				}
			],
			"action": [
				{
					"name": "Multiattack",
					"entries": [
						"Vecna uses Flight of the Damned (if available), Rotten Fate, or Spellcasting. He then makes two attacks with {@i Afterthought}."
					]
				},
				{
					"name": "Afterthought",
					"entries": [
						"{@atk mw} {@hit 13} to hit, reach 5 ft., one target. {@h}7 ({@damage 1d4 + 5}) piercing damage, plus 9 ({@damage 2d8}) necrotic damage. If the target is a creature, it is afflicted by entropic magic, taking 9 ({@damage 2d8}) necrotic damage at the start of each of its turns. Immediately after taking this damage on its turn, the target can make a {@dc 20} Constitution saving throw, ending the effect on itself on a success. Until it succeeds on this save, the afflicted target can't regain hit points."
					]
				},
				{
					"name": "Flight of the Damned {@recharge 5}",
					"entries": [
						"Vecna conjures a torrent of flying, spectral entities that fill a 120-foot cone and pass through all creatures in that area before dissipating. Each creature in that area must make a {@dc 22} Constitution saving throw. On a failed save, the creature takes 36 ({@damage 8d8}) necrotic damage and is {@condition frightened} of Vecna for 1 minute. On a failed save, the creature takes half as much damage and isn't {@condition frightened}. A {@condition frightened} creature can repeat the saving throw at the end of each of its turns, ending the effect on itself on a success."
					]
				},
				{
					"name": "Rotten Fate",
					"entries": [
						"Vecna causes necrotic magic to engulf one creature he can see within 120 feet of himself. The target must make a {@dc 22} Constitution saving throw, taking 96 ({@damage 8d8 + 60}) necrotic damage on a failed save, or half as much damage on a successful one. A Humanoid killed by this magic rises as a {@creature zombie} at the start of Vecna's next turn and acts immediately after Vecna in the initiative order. The {@creature zombie} is under Vecna's control."
					]
				}
			],
			"bonus": [
				{
					"name": "Vile Teleport",
					"entries": [
						"Vecna teleports, along with any equipment he is wearing or carrying, up to 30 feet to an unoccupied space he can see. He can cause each creature of his choice within 15 feet of his destination space to take 10 ({@damage 3d6}) psychic damage. If at least one creature takes this damage, Vecna regains 80 hit points."
					]
				}
			],
			"reactionHeader": [
				"Vecna can take up to three reactions per round but only one per turn."
			],
			"reaction": [
				{
					"name": "Dread Counterspell",
					"entries": [
						"Vecna utters a dread word to interrupt a creature he can see that is casting a spell. If the spell is 4th level or lower, it fails and has no effect. If the spell is 5th level or higher, Vecna makes an Intelligence check ({@dc 10} + the spell's level). On a success, the spell fails and has no effect. Whatever the spell's level, the caster takes 10 ({@damage 3d6}) psychic damage if the spell fails."
					]
				},
				{
					"name": "Fell Rebuke",
					"entries": [
						"In response to being hit by an attack, Vecna utters a fell word, dealing 10 ({@damage 3d6}) necrotic damage to the attacker, and Vecna teleports, along with any equipment he is wearing or carrying, up to 30 feet to an unoccupied space he can see."
					]
				}
			],
			"legendaryGroup": {
				"name": "Vecna",
				"source": "VD"
			},
			"altArt": [
				{
					"name": "Vecna the Archlich (Alt)",
					"source": "VD"
				}
			],
			"traitTags": [
				"Legendary Resistances"
			],
			"senseTags": [
				"U"
			],
			"actionTags": [
				"Multiattack"
			],
			"languageTags": [
				"C",
				"DR",
				"E",
				"I"
			],
			"damageTags": [
				"N",
				"P",
				"Y"
			],
			"damageTagsSpell": [
				"L",
				"O"
			],
			"miscTags": [
				"AOE",
				"MW"
			],
			"conditionInflict": [
				"frightened"
			],
			"hasToken": true,
			"hasFluff": true,
			"hasFluffImages": true
		}
	]
}
