{
	"_meta": {
		"dependencies": {
			"monster": [
				"MM"
			]
		}
	},
	"monster": [
		{
			"name": "Chupacabra",
			"source": "PSX",
			"page": 9,
			"size": [
				"M"
			],
			"type": "monstrosity",
			"alignment": [
				"N",
				"E"
			],
			"ac": [
				{
					"ac": 14,
					"from": [
						"natural armor"
					]
				}
			],
			"hp": {
				"average": 45,
				"formula": "6d8 + 18"
			},
			"speed": {
				"walk": 30
			},
			"str": 15,
			"dex": 14,
			"con": 16,
			"int": 6,
			"wis": 13,
			"cha": 9,
			"skill": {
				"perception": "+3",
				"stealth": "+4"
			},
			"senses": [
				"darkvision 120 ft."
			],
			"passive": 13,
			"resist": [
				{
					"resist": [
						"bludgeoning",
						"piercing",
						"slashing"
					],
					"note": "from nonmagical weapons",
					"cond": true
				}
			],
			"cr": "3",
			"trait": [
				{
					"name": "Sunlight Sensitivity",
					"entries": [
						"While in sunlight, the chupacabra has disadvantage on attack rolls, as well as on Wisdom ({@skill Perception}) checks that rely on sight."
					]
				}
			],
			"action": [
				{
					"name": "Bite",
					"entries": [
						"{@atk mw} {@hit 4} to hit, reach 5 ft., one target. {@h}7 ({@damage 2d4 + 2}) piercing damage. If the target is a creature, it must succeed on a {@dc 13} Strength saving throw or be knocked {@condition prone}."
					]
				},
				{
					"name": "Drain Blood",
					"entries": [
						"{@atk mw} {@hit 4} to hit, reach 5 ft., one creature that is {@condition prone}, {@condition incapacitated}, or {@condition restrained}. {@h}5 ({@damage 1d6 + 2}) necrotic damage. The target must succeed on a {@dc 13} Constitution saving throw or its hit point maximum is reduced by an amount equal to the damage taken, and the chupacabra regains hit points equal to that amount. The reduction lasts until the target finishes a long rest. The target dies if this effect reduces its hit point maximum to 0."
					]
				}
			],
			"reaction": [
				{
					"name": "Pin",
					"entries": [
						"If a creature within 5 feet of the chupacabra stands up, the chupacabra can use its reaction to make a bite attack."
					]
				}
			],
			"traitTags": [
				"Sunlight Sensitivity"
			],
			"senseTags": [
				"SD"
			],
			"damageTags": [
				"N",
				"P"
			],
			"miscTags": [
				"MW"
			],
			"conditionInflict": [
				"prone"
			],
			"hasToken": true
		},
		{
			"name": "Elder Dinosaur",
			"source": "PSX",
			"page": 33,
			"size": [
				"G"
			],
			"type": {
				"type": "monstrosity",
				"tags": [
					"titan"
				]
			},
			"alignment": [
				"U"
			],
			"ac": [
				{
					"ac": 25,
					"from": [
						"natural armor"
					]
				}
			],
			"hp": {
				"average": 676,
				"formula": "33d20 + 330"
			},
			"speed": {
				"walk": 40
			},
			"str": 30,
			"dex": 11,
			"con": 30,
			"int": 3,
			"wis": 11,
			"cha": 11,
			"save": {
				"int": "+5",
				"wis": "+9",
				"cha": "+9"
			},
			"senses": [
				"blindsight 120 ft."
			],
			"passive": 10,
			"immune": [
				"fire",
				"poison",
				{
					"immune": [
						"bludgeoning",
						"piercing",
						"slashing"
					],
					"note": "from nonmagical attacks",
					"cond": true
				}
			],
			"conditionImmune": [
				"charmed",
				"frightened",
				"paralyzed",
				"poisoned"
			],
			"cr": "30",
			"trait": [
				{
					"name": "Legendary Resistance (3/Day)",
					"entries": [
						"If the elder dinosaur fails a saving throw, it can choose to succeed instead."
					]
				},
				{
					"name": "Magic Resistance",
					"entries": [
						"The elder dinosaur has advantage on saving throws against spells and other magical effects."
					]
				},
				{
					"name": "Siege Monster",
					"entries": [
						"The elder dinosaur deals double damage to objects and structures."
					]
				},
				{
					"name": "Uniqueness",
					"entries": [
						"These statistics are shared by all six elder dinosaurs: {@creature Elder Dinosaur (Etali, Primal Storm)|PSX|Etali, Primal Storm}, {@creature Elder Dinosaur (Ghalta, Primal Hunger)|PSX|Ghalta, Primal Hunger}, {@creature Elder Dinosaur (Nezahal, Primal Tide)|PSX|Nezahal, Primal Tide}, {@creature Elder Dinosaur (Tetzimoc, Primal Death)|PSX|Tetzimoc, Primal Death}, {@creature Elder Dinosaur (Zacama, Primal Calamity)|PSX|Zacama, Primal Calamity}, {@creature Elder Dinosaur (Zetalpa, Primal Dawn)|PSX|Zetalpa, Primal Dawn}"
					]
				}
			],
			"action": [
				{
					"name": "Frightful Presence",
					"entries": [
						"Each creature of the elder dinosaur's choice within 120 feet of it and aware of it must succeed on a {@dc 17} Wisdom saving throw or become {@condition frightened} for 1 minute. A creature can repeat the saving throw at the end of each of its turns, with disadvantage if the elder dinosaur is within line of sight, ending the effect on itself ona success. If a creature's saving throw is successful or the effect ends for it, the creature is immune to the elder dinosaur's Frightful Presence for the next 24 hours."
					]
				},
				{
					"name": "Swallow",
					"entries": [
						"The elder dinosaur makes one bite attack against a Large or smaller creature it is grappling. If the attack hits, that creature takes the bite's damage, the target is swallowed, and the grapple ends. While swallowed, the creature is {@condition blinded} and {@condition restrained}, it has total cover against attacks and other effects outside the elder dinosaur, and it takes 56 ({@damage 16d6}) acid damage at the start of each of the elder dinosaur's turns. If the elder dinosaur takes 60 damage or more on a single turn from a creature inside it, it must succeed on a {@dc 20} Constitution saving throw at the end of that turn or regurgitate all swallowed creatures, which fall {@condition prone} in a space within 10 feet of it. If the elder dinosaur dies, a swallowed creature is no longer {@condition restrained} by it and can escape from the corpse by using 20 feet of movement, exiting {@condition prone}."
					]
				}
			],
			"legendary": [
				{
					"name": "Attack",
					"entries": [
						"The elder dinosaur makes one claw attack, tail attack, wing attack, or flipper attack."
					]
				},
				{
					"name": "Move",
					"entries": [
						"The elder dinosaur moves up to half its speed."
					]
				},
				{
					"name": "Chomp (Costs 2 Actions)",
					"entries": [
						"The elder dinosaur makes one bite attack or uses its Swallow."
					]
				}
			],
			"traitTags": [
				"Legendary Resistances",
				"Magic Resistance",
				"Siege Monster"
			],
			"senseTags": [
				"B"
			],
			"actionTags": [
				"Frightful Presence",
				"Swallow"
			],
			"damageTags": [
				"A"
			],
			"conditionInflict": [
				"blinded",
				"frightened",
				"restrained"
			],
			"hasToken": true
		},
		{
			"name": "Elder Dinosaur (Etali, Primal Storm)",
			"source": "PSX",
			"page": 33,
			"size": [
				"G"
			],
			"type": {
				"type": "monstrosity",
				"tags": [
					"titan"
				]
			},
			"alignment": [
				"U"
			],
			"ac": [
				{
					"ac": 25,
					"from": [
						"natural armor"
					]
				}
			],
			"hp": {
				"average": 676,
				"formula": "33d20 + 330"
			},
			"speed": {
				"walk": 40
			},
			"str": 30,
			"dex": 11,
			"con": 30,
			"int": 3,
			"wis": 11,
			"cha": 11,
			"save": {
				"int": "+5",
				"wis": "+9",
				"cha": "+9"
			},
			"senses": [
				"blindsight 120 ft."
			],
			"passive": 10,
			"immune": [
				"fire",
				"poison",
				{
					"immune": [
						"bludgeoning",
						"piercing",
						"slashing"
					],
					"note": "from nonmagical attacks",
					"cond": true
				}
			],
			"conditionImmune": [
				"charmed",
				"frightened",
				"paralyzed",
				"poisoned"
			],
			"cr": "30",
			"trait": [
				{
					"name": "Legendary Resistance (3/Day)",
					"entries": [
						"If the elder dinosaur fails a saving throw, it can choose to succeed instead."
					]
				},
				{
					"name": "Magic Resistance",
					"entries": [
						"The elder dinosaur has advantage on saving throws against spells and other magical effects."
					]
				},
				{
					"name": "Siege Monster",
					"entries": [
						"The elder dinosaur deals double damage to objects and structures."
					]
				},
				{
					"name": "Lightning Storm",
					"entries": [
						"The elder dinosaur is always accompanied by a raging thunderstorm similar to the effect of a {@spell call lightning} spell. A storm cloud in the shape of a cylinder that is 10 feet tall with a 60-foot radius instantly forms 100 feet in the air over the elder dinosaur when it is angered or becomes violent, as long as it is outdoors. On each of its turns, as an action, the elder dinosaur can choose a point it can see within 120 feet of it. A bolt of lightning flashes down from the cloud to that point. Each creature within 10 feet of that point must make a {@dc 20} Dexterity saving throw, taking 21 ({@damage 6d6}) lightning damage on a failed save, or half as much damage on a successful one."
					]
				}
			],
			"action": [
				{
					"name": "Multiattack",
					"entries": [
						"The elder dinosaur can use its Frightful Presence and call down two lightning strikes from its Lightning Storm. It then makes three attacks: one with its bite and two with its claws."
					]
				},
				{
					"name": "Bite",
					"entries": [
						"{@atk mw} {@hit 19} to hit, reach 10 ft., one target. {@h}36 ({@damage 4d12 + 10}) piercing damage. If the target is a creature, it is {@condition grappled} (escape {@dc 20}). Until this grapple ends, the target is {@condition restrained}, and the elder dinosaur can't bite another target."
					]
				},
				{
					"name": "Claw",
					"entries": [
						"{@atk mw} {@hit 19} to hit, reach 15 ft., one target. {@h}28 ({@damage 4d8 + 10}) slashing damage."
					]
				},
				{
					"name": "Frightful Presence",
					"entries": [
						"Each creature of the elder dinosaur's choice within 120 feet of it and aware of it must succeed on a {@dc 17} Wisdom saving throw or become {@condition frightened} for 1 minute. A creature can repeat the saving throw at the end of each of its turns, with disadvantage if the elder dinosaur is within line of sight, ending the effect on itself ona success. If a creature's saving throw is successful or the effect ends for it, the creature is immune to the elder dinosaur's Frightful Presence for the next 24 hours."
					]
				},
				{
					"name": "Swallow",
					"entries": [
						"The elder dinosaur makes one bite attack against a Large or smaller creature it is grappling. If the attack hits, that creature takes the bite's damage, the target is swallowed, and the grapple ends. While swallowed, the creature is {@condition blinded} and {@condition restrained}, it has total cover against attacks and other effects outside the elder dinosaur, and it takes 56 ({@damage 16d6}) acid damage at the start of each of the elder dinosaur's turns. If the elder dinosaur takes 60 damage or more on a single turn from a creature inside it, it must succeed on a {@dc 20} Constitution saving throw at the end of that turn or regurgitate all swallowed creatures, which fall {@condition prone} in a space within 10 feet of it. If the elder dinosaur dies, a swallowed creature is no longer {@condition restrained} by it and can escape from the corpse by using 20 feet of movement, exiting {@condition prone}."
					]
				}
			],
			"legendary": [
				{
					"name": "Attack",
					"entries": [
						"The elder dinosaur makes one claw attack, tail attack, wing attack, or flipper attack."
					]
				},
				{
					"name": "Move",
					"entries": [
						"The elder dinosaur moves up to half its speed."
					]
				},
				{
					"name": "Chomp (Costs 2 Actions)",
					"entries": [
						"The elder dinosaur makes one bite attack or uses its Swallow."
					]
				}
			],
			"traitTags": [
				"Legendary Resistances",
				"Magic Resistance",
				"Siege Monster"
			],
			"senseTags": [
				"B"
			],
			"actionTags": [
				"Frightful Presence",
				"Multiattack",
				"Swallow"
			],
			"damageTags": [
				"A",
				"L",
				"P",
				"S"
			],
			"miscTags": [
				"AOE",
				"MW",
				"RCH"
			],
			"conditionInflict": [
				"blinded",
				"frightened",
				"grappled",
				"restrained"
			],
			"hasToken": true
		},
		{
			"name": "Elder Dinosaur (Ghalta, Primal Hunger)",
			"source": "PSX",
			"page": 33,
			"size": [
				"G"
			],
			"type": {
				"type": "monstrosity",
				"tags": [
					"titan"
				]
			},
			"alignment": [
				"U"
			],
			"ac": [
				{
					"ac": 25,
					"from": [
						"natural armor"
					]
				}
			],
			"hp": {
				"average": 676,
				"formula": "33d20 + 330"
			},
			"speed": {
				"walk": 40
			},
			"str": 30,
			"dex": 11,
			"con": 30,
			"int": 3,
			"wis": 11,
			"cha": 11,
			"save": {
				"int": "+5",
				"wis": "+9",
				"cha": "+9"
			},
			"senses": [
				"blindsight 120 ft."
			],
			"passive": 10,
			"immune": [
				"fire",
				"poison",
				{
					"immune": [
						"bludgeoning",
						"piercing",
						"slashing"
					],
					"note": "from nonmagical attacks",
					"cond": true
				}
			],
			"conditionImmune": [
				"charmed",
				"frightened",
				"paralyzed",
				"poisoned"
			],
			"cr": "30",
			"trait": [
				{
					"name": "Legendary Resistance (3/Day)",
					"entries": [
						"If the elder dinosaur fails a saving throw, it can choose to succeed instead."
					]
				},
				{
					"name": "Magic Resistance",
					"entries": [
						"The elder dinosaur has advantage on saving throws against spells and other magical effects."
					]
				},
				{
					"name": "Siege Monster",
					"entries": [
						"The elder dinosaur deals double damage to objects and structures."
					]
				}
			],
			"action": [
				{
					"name": "Multiattack",
					"entries": [
						"The elder dinosaur can use its Frightful Presence. It then makes three attacks: one with its bite, one with its stomp, and one with its tail. It can use its Swallow instead of its bite."
					]
				},
				{
					"name": "Bite",
					"entries": [
						"{@atk mw} {@hit 19} to hit, reach 10 ft., one target. {@h}62 ({@damage 8d12 + 10}) piercing damage. If the target is a creature, it is {@condition grappled} (escape {@dc 20}). Until this grapple ends, the target is {@condition restrained}, and the elder dinosaur can't bite another target."
					]
				},
				{
					"name": "Stomp",
					"entries": [
						"{@atk mw} {@hit 19} to hit, reach 5 ft., one target. {@h}46 ({@damage 8d8 + 10}) bludgeoning damage."
					]
				},
				{
					"name": "Tail",
					"entries": [
						"{@atk mw} {@hit 19} to hit, reach 20 ft., one target. {@h}38 ({@damage 8d6 + 10}) bludgeoning damage. If the target is a creature, it must succeed on a {@dc 20} Strength saving throw or be knocked {@condition prone}."
					]
				},
				{
					"name": "Frightful Presence",
					"entries": [
						"Each creature of the elder dinosaur's choice within 120 feet of it and aware of it must succeed on a {@dc 17} Wisdom saving throw or become {@condition frightened} for 1 minute. A creature can repeat the saving throw at the end of each of its turns, with disadvantage if the elder dinosaur is within line of sight, ending the effect on itself ona success. If a creature's saving throw is successful or the effect ends for it, the creature is immune to the elder dinosaur's Frightful Presence for the next 24 hours."
					]
				},
				{
					"name": "Swallow",
					"entries": [
						"The elder dinosaur makes one bite attack against a Large or smaller creature it is grappling. If the attack hits, that creature takes the bite's damage, the target is swallowed, and the grapple ends. While swallowed, the creature is {@condition blinded} and {@condition restrained}, it has total cover against attacks and other effects outside the elder dinosaur, and it takes 56 ({@damage 16d6}) acid damage at the start of each of the elder dinosaur's turns. If the elder dinosaur takes 60 damage or more on a single turn from a creature inside it, it must succeed on a {@dc 20} Constitution saving throw at the end of that turn or regurgitate all swallowed creatures, which fall {@condition prone} in a space within 10 feet of it. If the elder dinosaur dies, a swallowed creature is no longer {@condition restrained} by it and can escape from the corpse by using 20 feet of movement, exiting {@condition prone}."
					]
				}
			],
			"legendary": [
				{
					"name": "Attack",
					"entries": [
						"The elder dinosaur makes one claw attack, tail attack, wing attack, or flipper attack."
					]
				},
				{
					"name": "Move",
					"entries": [
						"The elder dinosaur moves up to half its speed."
					]
				},
				{
					"name": "Chomp (Costs 2 Actions)",
					"entries": [
						"The elder dinosaur makes one bite attack or uses its Swallow."
					]
				}
			],
			"traitTags": [
				"Legendary Resistances",
				"Magic Resistance",
				"Siege Monster"
			],
			"senseTags": [
				"B"
			],
			"actionTags": [
				"Frightful Presence",
				"Multiattack",
				"Swallow"
			],
			"damageTags": [
				"A",
				"B",
				"P"
			],
			"miscTags": [
				"MW",
				"RCH"
			],
			"conditionInflict": [
				"blinded",
				"frightened",
				"grappled",
				"prone",
				"restrained"
			],
			"hasToken": true
		},
		{
			"name": "Elder Dinosaur (Nezahal, Primal Tide)",
			"source": "PSX",
			"page": 33,
			"size": [
				"G"
			],
			"type": {
				"type": "monstrosity",
				"tags": [
					"titan"
				]
			},
			"alignment": [
				"U"
			],
			"ac": [
				{
					"ac": 25,
					"from": [
						"natural armor"
					]
				}
			],
			"hp": {
				"average": 676,
				"formula": "33d20 + 330"
			},
			"speed": {
				"walk": 20,
				"swim": 60
			},
			"str": 30,
			"dex": 11,
			"con": 30,
			"int": 3,
			"wis": 11,
			"cha": 11,
			"save": {
				"int": "+5",
				"wis": "+9",
				"cha": "+9"
			},
			"senses": [
				"blindsight 120 ft."
			],
			"passive": 10,
			"immune": [
				"fire",
				"poison",
				{
					"immune": [
						"bludgeoning",
						"piercing",
						"slashing"
					],
					"note": "from nonmagical attacks",
					"cond": true
				}
			],
			"conditionImmune": [
				"charmed",
				"frightened",
				"paralyzed",
				"poisoned"
			],
			"cr": "30",
			"trait": [
				{
					"name": "Legendary Resistance (3/Day)",
					"entries": [
						"If the elder dinosaur fails a saving throw, it can choose to succeed instead."
					]
				},
				{
					"name": "Magic Resistance",
					"entries": [
						"The elder dinosaur has advantage on saving throws against spells and other magical effects."
					]
				},
				{
					"name": "Siege Monster",
					"entries": [
						"The elder dinosaur deals double damage to objects and structures."
					]
				},
				{
					"name": "Hold Breath",
					"entries": [
						"The elder dinosaur can hold its breath for 4 hours."
					]
				}
			],
			"action": [
				{
					"name": "Multiattack",
					"entries": [
						"The elder dinosaur can use its Frightful Presence. It then makes five attacks: one with its bite and four with its flippers. No two flipper attacks can target the same creature. It can use its Swallow instead of its bite."
					]
				},
				{
					"name": "Bite",
					"entries": [
						"{@atk mw} {@hit 19} to hit, reach 10 ft., one target. {@h}36 ({@damage 4d12 + 10}) piercing damage. If the target is a creature, it is {@condition grappled} (escape {@dc 20}). Until this grapple ends, the target is {@condition restrained}, and the elder dinosaur can't bite another target."
					]
				},
				{
					"name": "Flipper",
					"entries": [
						"{@atk mw} {@hit 19} to hit, reach 5 ft., one target. {@h}28 ({@damage 4d8 + 10}) bludgeoning damage."
					]
				},
				{
					"name": "Frightful Presence",
					"entries": [
						"Each creature of the elder dinosaur's choice within 120 feet of it and aware of it must succeed on a {@dc 17} Wisdom saving throw or become {@condition frightened} for 1 minute. A creature can repeat the saving throw at the end of each of its turns, with disadvantage if the elder dinosaur is within line of sight, ending the effect on itself ona success. If a creature's saving throw is successful or the effect ends for it, the creature is immune to the elder dinosaur's Frightful Presence for the next 24 hours."
					]
				},
				{
					"name": "Swallow",
					"entries": [
						"The elder dinosaur makes one bite attack against a Large or smaller creature it is grappling. If the attack hits, that creature takes the bite's damage, the target is swallowed, and the grapple ends. While swallowed, the creature is {@condition blinded} and {@condition restrained}, it has total cover against attacks and other effects outside the elder dinosaur, and it takes 56 ({@damage 16d6}) acid damage at the start of each of the elder dinosaur's turns. If the elder dinosaur takes 60 damage or more on a single turn from a creature inside it, it must succeed on a {@dc 20} Constitution saving throw at the end of that turn or regurgitate all swallowed creatures, which fall {@condition prone} in a space within 10 feet of it. If the elder dinosaur dies, a swallowed creature is no longer {@condition restrained} by it and can escape from the corpse by using 20 feet of movement, exiting {@condition prone}."
					]
				}
			],
			"legendary": [
				{
					"name": "Attack",
					"entries": [
						"The elder dinosaur makes one claw attack, tail attack, wing attack, or flipper attack."
					]
				},
				{
					"name": "Move",
					"entries": [
						"The elder dinosaur moves up to half its speed."
					]
				},
				{
					"name": "Chomp (Costs 2 Actions)",
					"entries": [
						"The elder dinosaur makes one bite attack or uses its Swallow."
					]
				}
			],
			"traitTags": [
				"Hold Breath",
				"Legendary Resistances",
				"Magic Resistance",
				"Siege Monster"
			],
			"senseTags": [
				"B"
			],
			"actionTags": [
				"Frightful Presence",
				"Multiattack",
				"Swallow"
			],
			"damageTags": [
				"A",
				"B",
				"P"
			],
			"miscTags": [
				"MW",
				"RCH"
			],
			"conditionInflict": [
				"blinded",
				"frightened",
				"grappled",
				"restrained"
			],
			"hasToken": true
		},
		{
			"name": "Elder Dinosaur (Tetzimoc, Primal Death)",
			"source": "PSX",
			"page": 33,
			"size": [
				"G"
			],
			"type": {
				"type": "monstrosity",
				"tags": [
					"titan"
				]
			},
			"alignment": [
				"U"
			],
			"ac": [
				{
					"ac": 25,
					"from": [
						"natural armor"
					]
				}
			],
			"hp": {
				"average": 676,
				"formula": "33d20 + 330"
			},
			"speed": {
				"walk": 40
			},
			"str": 30,
			"dex": 11,
			"con": 30,
			"int": 3,
			"wis": 11,
			"cha": 11,
			"save": {
				"int": "+5",
				"wis": "+9",
				"cha": "+9"
			},
			"senses": [
				"blindsight 120 ft."
			],
			"passive": 10,
			"immune": [
				"fire",
				"poison",
				{
					"immune": [
						"bludgeoning",
						"piercing",
						"slashing"
					],
					"note": "from nonmagical attacks",
					"cond": true
				}
			],
			"conditionImmune": [
				"charmed",
				"frightened",
				"paralyzed",
				"poisoned"
			],
			"cr": "30",
			"trait": [
				{
					"name": "Legendary Resistance (3/Day)",
					"entries": [
						"If the elder dinosaur fails a saving throw, it can choose to succeed instead."
					]
				},
				{
					"name": "Magic Resistance",
					"entries": [
						"The elder dinosaur has advantage on saving throws against spells and other magical effects."
					]
				},
				{
					"name": "Siege Monster",
					"entries": [
						"The elder dinosaur deals double damage to objects and structures."
					]
				},
				{
					"name": "Spiny Carapace",
					"entries": [
						"The elder dinosaur is covered in an armored carapace bristling with thick, sharp spines. Any creature that hits or misses Tetzimoc with a melee attack takes 7 ({@damage 2d6}) piercing damage."
					]
				},
				{
					"name": "Tail Spike Regrowth",
					"entries": [
						"The elder dinosaur has forty tail spikes. Used spikes regrow when the elder dinosaur finishes a long rest."
					]
				}
			],
			"action": [
				{
					"name": "Multiattack",
					"entries": [
						"The elder dinosaur can use its Frightful Presence. It then makes five attacks: one with its bite, two with its claws, one with its horns, and one with its tail. It can use its tail spikes in place of any or all of those attacks, and it can use its Swallow instead of its bite."
					]
				},
				{
					"name": "Bite",
					"entries": [
						"{@atk mw} {@hit 19} to hit, reach 10 ft., one target. {@h}36 ({@damage 4d12 + 10}) piercing damage. If the target is a creature, it is {@condition grappled} (escape {@dc 20}). Until this grapple ends, the target is {@condition restrained}, and the elder dinosaur can't bite another target."
					]
				},
				{
					"name": "Claw",
					"entries": [
						"{@atk mw} {@hit 19} to hit, reach 15 ft., one target. {@h}28 ({@damage 4d8 + 10}) slashing damage."
					]
				},
				{
					"name": "Horns",
					"entries": [
						"{@atk mw} {@hit 19} to hit, reach 10 ft., one target. {@h}32 ({@damage 4d10 + 10}) piercing damage."
					]
				},
				{
					"name": "Tail",
					"entries": [
						"{@atk mw} {@hit 19} to hit, reach 20 ft., one target. {@h}24 ({@damage 4d6 + 10}) piercing damage. If the target is a creature, it must succeed on a {@dc 20} Strength saving throw or be knocked {@condition prone}."
					]
				},
				{
					"name": "Tail Spikes",
					"entries": [
						"{@atk rw} {@hit 9} to hit, range 100/300 ft., two targets. {@h}7 ({@damage 2d6}) piercing damage."
					]
				},
				{
					"name": "Frightful Presence",
					"entries": [
						"Each creature of the elder dinosaur's choice within 120 feet of it and aware of it must succeed on a {@dc 17} Wisdom saving throw or become {@condition frightened} for 1 minute. A creature can repeat the saving throw at the end of each of its turns, with disadvantage if the elder dinosaur is within line of sight, ending the effect on itself ona success. If a creature's saving throw is successful or the effect ends for it, the creature is immune to the elder dinosaur's Frightful Presence for the next 24 hours."
					]
				},
				{
					"name": "Swallow",
					"entries": [
						"The elder dinosaur makes one bite attack against a Large or smaller creature it is grappling. If the attack hits, that creature takes the bite's damage, the target is swallowed, and the grapple ends. While swallowed, the creature is {@condition blinded} and {@condition restrained}, it has total cover against attacks and other effects outside the elder dinosaur, and it takes 56 ({@damage 16d6}) acid damage at the start of each of the elder dinosaur's turns. If the elder dinosaur takes 60 damage or more on a single turn from a creature inside it, it must succeed on a {@dc 20} Constitution saving throw at the end of that turn or regurgitate all swallowed creatures, which fall {@condition prone} in a space within 10 feet of it. If the elder dinosaur dies, a swallowed creature is no longer {@condition restrained} by it and can escape from the corpse by using 20 feet of movement, exiting {@condition prone}."
					]
				}
			],
			"legendary": [
				{
					"name": "Attack",
					"entries": [
						"The elder dinosaur makes one claw attack, tail attack, wing attack, or flipper attack."
					]
				},
				{
					"name": "Move",
					"entries": [
						"The elder dinosaur moves up to half its speed."
					]
				},
				{
					"name": "Chomp (Costs 2 Actions)",
					"entries": [
						"The elder dinosaur makes one bite attack or uses its Swallow."
					]
				}
			],
			"traitTags": [
				"Legendary Resistances",
				"Magic Resistance",
				"Siege Monster"
			],
			"senseTags": [
				"B"
			],
			"actionTags": [
				"Frightful Presence",
				"Multiattack",
				"Swallow"
			],
			"damageTags": [
				"A",
				"P",
				"S"
			],
			"miscTags": [
				"MW",
				"RCH",
				"RW"
			],
			"conditionInflict": [
				"blinded",
				"frightened",
				"grappled",
				"prone",
				"restrained"
			],
			"hasToken": true
		},
		{
			"name": "Elder Dinosaur (Zacama, Primal Calamity)",
			"source": "PSX",
			"page": 33,
			"size": [
				"G"
			],
			"type": {
				"type": "monstrosity",
				"tags": [
					"titan"
				]
			},
			"alignment": [
				"U"
			],
			"ac": [
				{
					"ac": 25,
					"from": [
						"natural armor"
					]
				}
			],
			"hp": {
				"average": 676,
				"formula": "33d20 + 330"
			},
			"speed": {
				"walk": 40
			},
			"str": 30,
			"dex": 11,
			"con": 30,
			"int": 3,
			"wis": 11,
			"cha": 11,
			"save": {
				"int": "+5",
				"wis": "+9",
				"cha": "+9"
			},
			"senses": [
				"blindsight 120 ft."
			],
			"passive": 10,
			"immune": [
				"fire",
				"poison",
				{
					"immune": [
						"bludgeoning",
						"piercing",
						"slashing"
					],
					"note": "from nonmagical attacks",
					"cond": true
				}
			],
			"conditionImmune": [
				"charmed",
				"frightened",
				"paralyzed",
				"poisoned"
			],
			"cr": "30",
			"trait": [
				{
					"name": "Legendary Resistance (3/Day)",
					"entries": [
						"If the elder dinosaur fails a saving throw, it can choose to succeed instead."
					]
				},
				{
					"name": "Magic Resistance",
					"entries": [
						"The elder dinosaur has advantage on saving throws against spells and other magical effects."
					]
				},
				{
					"name": "Siege Monster",
					"entries": [
						"The elder dinosaur deals double damage to objects and structures."
					]
				}
			],
			"action": [
				{
					"name": "Multiattack",
					"entries": [
						"The elder dinosaur can use its Frightful Presence. It then makes five attacks: three with its bite, one with its stomp, and one with its tail. It can use its Swallow instead of a bite. "
					]
				},
				{
					"name": "Bite",
					"entries": [
						"{@atk mw} {@hit 19} to hit, reach 10 ft., one target. {@h}36 ({@damage 4d12 + 10}) piercing damage. If the target is a creature, it is {@condition grappled} (escape {@dc 20}). Until this grapple ends, the target is {@condition restrained}. If the elder dinosaur has three targets {@condition restrained} in this way, it can't bite another target."
					]
				},
				{
					"name": "Stomp",
					"entries": [
						"{@atk mw} {@hit 19} to hit, reach 5 ft., one target. {@h}46 ({@damage 8d8 + 10}) bludgeoning damage."
					]
				},
				{
					"name": "Tail",
					"entries": [
						"{@atk mw} {@hit 19} to hit, reach 20 ft., one target. {@h}38 ({@damage 8d6 + 10}) bludgeoning damage. If the target is a creature, it must succeed on a {@dc 20} Strength saving throw or be knocked {@condition prone}."
					]
				},
				{
					"name": "Frightful Presence",
					"entries": [
						"Each creature of the elder dinosaur's choice within 120 feet of it and aware of it must succeed on a {@dc 17} Wisdom saving throw or become {@condition frightened} for 1 minute. A creature can repeat the saving throw at the end of each of its turns, with disadvantage if the elder dinosaur is within line of sight, ending the effect on itself ona success. If a creature's saving throw is successful or the effect ends for it, the creature is immune to the elder dinosaur's Frightful Presence for the next 24 hours."
					]
				},
				{
					"name": "Swallow",
					"entries": [
						"The elder dinosaur makes one bite attack against a Large or smaller creature it is grappling. If the attack hits, that creature takes the bite's damage, the target is swallowed, and the grapple ends. While swallowed, the creature is {@condition blinded} and {@condition restrained}, it has total cover against attacks and other effects outside the elder dinosaur, and it takes 56 ({@damage 16d6}) acid damage at the start of each of the elder dinosaur's turns. If the elder dinosaur takes 60 damage or more on a single turn from a creature inside it, it must succeed on a {@dc 20} Constitution saving throw at the end of that turn or regurgitate all swallowed creatures, which fall {@condition prone} in a space within 10 feet of it. If the elder dinosaur dies, a swallowed creature is no longer {@condition restrained} by it and can escape from the corpse by using 20 feet of movement, exiting {@condition prone}."
					]
				}
			],
			"legendary": [
				{
					"name": "Attack",
					"entries": [
						"The elder dinosaur makes one claw attack, tail attack, wing attack, or flipper attack."
					]
				},
				{
					"name": "Move",
					"entries": [
						"The elder dinosaur moves up to half its speed."
					]
				},
				{
					"name": "Chomp (Costs 2 Actions)",
					"entries": [
						"The elder dinosaur makes one bite attack or uses its Swallow."
					]
				}
			],
			"traitTags": [
				"Legendary Resistances",
				"Magic Resistance",
				"Siege Monster"
			],
			"senseTags": [
				"B"
			],
			"actionTags": [
				"Frightful Presence",
				"Multiattack",
				"Swallow"
			],
			"damageTags": [
				"A",
				"B",
				"P"
			],
			"miscTags": [
				"MW",
				"RCH"
			],
			"conditionInflict": [
				"blinded",
				"frightened",
				"grappled",
				"prone",
				"restrained"
			],
			"hasToken": true
		},
		{
			"name": "Elder Dinosaur (Zetalpa, Primal Dawn)",
			"source": "PSX",
			"page": 33,
			"size": [
				"G"
			],
			"type": {
				"type": "monstrosity",
				"tags": [
					"titan"
				]
			},
			"alignment": [
				"U"
			],
			"ac": [
				{
					"ac": 25,
					"from": [
						"natural armor"
					]
				}
			],
			"hp": {
				"average": 676,
				"formula": "33d20 + 330"
			},
			"speed": {
				"walk": 20,
				"fly": 60
			},
			"str": 30,
			"dex": 11,
			"con": 30,
			"int": 3,
			"wis": 11,
			"cha": 11,
			"save": {
				"int": "+5",
				"wis": "+9",
				"cha": "+9"
			},
			"senses": [
				"blindsight 120 ft."
			],
			"passive": 10,
			"resist": [
				"radiant"
			],
			"immune": [
				"fire",
				"poison",
				{
					"immune": [
						"bludgeoning",
						"piercing",
						"slashing"
					],
					"note": "from nonmagical attacks",
					"cond": true
				}
			],
			"conditionImmune": [
				"charmed",
				"frightened",
				"paralyzed",
				"poisoned"
			],
			"cr": "30",
			"trait": [
				{
					"name": "Legendary Resistance (3/Day)",
					"entries": [
						"If the elder dinosaur fails a saving throw, it can choose to succeed instead."
					]
				},
				{
					"name": "Magic Resistance",
					"entries": [
						"The elder dinosaur has advantage on saving throws against spells and other magical effects."
					]
				},
				{
					"name": "Siege Monster",
					"entries": [
						"The elder dinosaur deals double damage to objects and structures."
					]
				}
			],
			"action": [
				{
					"name": "Multiattack",
					"entries": [
						"The elder dinosaur can use its Frightful Presence. It then makes five attacks: one with its bite, two with its claws, and two with its wings. It can use its Swallow instead of its bite."
					]
				},
				{
					"name": "Bite",
					"entries": [
						"{@atk mw} {@hit 19} to hit, reach 10 ft., one target. {@h}36 ({@damage 4d12 + 10}) piercing damage. If the target is a creature, it is {@condition grappled} (escape {@dc 20}). Until this grapple ends, the target is {@condition restrained}, and the elder dinosaur can't bite another target."
					]
				},
				{
					"name": "Claw",
					"entries": [
						"{@atk mw} {@hit 19} to hit, reach 15 ft., one target. {@h}28 ({@damage 4d8 + 10}) slashing damage."
					]
				},
				{
					"name": "Wing",
					"entries": [
						"{@atk mw} {@hit 19} to hit, reach 20 ft., one target. {@h}28 ({@damage 4d8 + 10}) bludgeoning damage."
					]
				},
				{
					"name": "Tail",
					"entries": [
						"{@atk mw} {@hit 11} to hit, reach 15 ft., one target. {@h}25 ({@damage 4d8 + 7}) bludgeoning damage."
					]
				},
				{
					"name": "Frightful Presence",
					"entries": [
						"Each creature of the elder dinosaur's choice within 120 feet of it and aware of it must succeed on a {@dc 17} Wisdom saving throw or become {@condition frightened} for 1 minute. A creature can repeat the saving throw at the end of each of its turns, with disadvantage if the elder dinosaur is within line of sight, ending the effect on itself ona success. If a creature's saving throw is successful or the effect ends for it, the creature is immune to the elder dinosaur's Frightful Presence for the next 24 hours."
					]
				},
				{
					"name": "Swallow",
					"entries": [
						"The elder dinosaur makes one bite attack against a Large or smaller creature it is grappling. If the attack hits, that creature takes the bite's damage, the target is swallowed, and the grapple ends. While swallowed, the creature is {@condition blinded} and {@condition restrained}, it has total cover against attacks and other effects outside the elder dinosaur, and it takes 56 ({@damage 16d6}) acid damage at the start of each of the elder dinosaur's turns. If the elder dinosaur takes 60 damage or more on a single turn from a creature inside it, it must succeed on a {@dc 20} Constitution saving throw at the end of that turn or regurgitate all swallowed creatures, which fall {@condition prone} in a space within 10 feet of it. If the elder dinosaur dies, a swallowed creature is no longer {@condition restrained} by it and can escape from the corpse by using 20 feet of movement, exiting {@condition prone}."
					]
				}
			],
			"legendary": [
				{
					"name": "Attack",
					"entries": [
						"The elder dinosaur makes one claw attack, tail attack, wing attack, or flipper attack."
					]
				},
				{
					"name": "Move",
					"entries": [
						"The elder dinosaur moves up to half its speed."
					]
				},
				{
					"name": "Chomp (Costs 2 Actions)",
					"entries": [
						"The elder dinosaur makes one bite attack or uses its Swallow."
					]
				}
			],
			"traitTags": [
				"Legendary Resistances",
				"Magic Resistance",
				"Siege Monster"
			],
			"senseTags": [
				"B"
			],
			"actionTags": [
				"Frightful Presence",
				"Multiattack",
				"Swallow"
			],
			"damageTags": [
				"A",
				"B",
				"P",
				"S"
			],
			"miscTags": [
				"MW",
				"RCH"
			],
			"conditionInflict": [
				"blinded",
				"frightened",
				"grappled",
				"restrained"
			],
			"hasToken": true
		},
		{
			"name": "Frilled Deathspitter",
			"source": "PSX",
			"page": 30,
			"size": [
				"S"
			],
			"type": "beast",
			"alignment": [
				"U"
			],
			"ac": [
				{
					"ac": 13,
					"from": [
						"natural armor"
					]
				}
			],
			"hp": {
				"average": 18,
				"formula": "4d6 + 4"
			},
			"speed": {
				"walk": 40
			},
			"str": 12,
			"dex": 16,
			"con": 13,
			"int": 4,
			"wis": 12,
			"cha": 6,
			"skill": {
				"perception": "+3"
			},
			"passive": 13,
			"cr": "1/2",
			"action": [
				{
					"name": "Multiattack",
					"entries": [
						"The deathspitter makes three attacks: one with its bite and two with its claws."
					]
				},
				{
					"name": "Bite",
					"entries": [
						"{@atk mw} {@hit 5} to hit, reach 5 ft., one target. {@h}6 ({@damage 1d6 + 3}) piercing damage."
					]
				},
				{
					"name": "Claw",
					"entries": [
						"{@atk mw} {@hit 5} to hit, reach 5 ft., one target. {@h}6 ({@damage 1d6 + 3}) slashing damage."
					]
				},
				{
					"name": "Spit Poison",
					"entries": [
						"{@atk rw} {@hit 5} to hit, range 15/30 ft., one creature. {@h}The target must make a {@dc 13} Constitution saving throw, taking 18 ({@damage 4d8}) poison damage on a failed save, or half as much damage on a successful one. In addition, a creature that fails its saving throw is {@condition blinded} until the end of the deathspitter's next turn."
					]
				}
			],
			"actionTags": [
				"Multiattack"
			],
			"damageTags": [
				"I",
				"P",
				"S"
			],
			"miscTags": [
				"MW",
				"RW"
			],
			"conditionInflict": [
				"blinded"
			],
			"hasToken": true
		},
		{
			"name": "Gishath, Sun's Avatar",
			"isNamedCreature": true,
			"source": "PSX",
			"page": 32,
			"size": [
				"G"
			],
			"type": "beast",
			"alignment": [
				"U"
			],
			"ac": [
				{
					"ac": 16,
					"from": [
						"natural armor"
					]
				}
			],
			"hp": {
				"average": 203,
				"formula": "14d20 + 56"
			},
			"speed": {
				"walk": 40
			},
			"str": 24,
			"dex": 12,
			"con": 18,
			"int": 12,
			"wis": 16,
			"cha": 6,
			"save": {
				"str": "+11",
				"con": "+8",
				"wis": "+7",
				"cha": "+2"
			},
			"skill": {
				"perception": "+7"
			},
			"passive": 17,
			"cr": "10",
			"trait": [
				{
					"name": "Legendary Resistance (3/Day)",
					"entries": [
						"If Gishath fails a saving throw, it can choose to succeed instead."
					]
				}
			],
			"action": [
				{
					"name": "Multiattack",
					"entries": [
						"Gishath makes two attacks: one with its bite and one with its stomp or tail. It can't make both attacks against the same target."
					]
				},
				{
					"name": "Bite",
					"entries": [
						"{@atk mw} {@hit 11} to hit, reach 15 ft., one target. {@h}39 ({@damage 5d12 + 7}) piercing damage. If the target is a Large or smaller creature, it must succeed on a {@dc 19} Dexterity saving throw or it is {@condition grappled} (escape {@dc 19}). Until this grapple ends, the target is {@condition restrained}, and Gishath can't bite another target."
					]
				},
				{
					"name": "Swallow",
					"entries": [
						"Gishath makes one bite attack against a Large or smaller creature it is grappling. If the attack hits, that creature takes the bite's damage and is swallowed, and the grapple ends. While swallowed, the creature is {@condition blinded} and {@condition restrained}, it has total cover against attacks and other effects outside Gishath, and it takes 21 ({@damage 6d6}) acid damage at the start of each of Gishath's turns.",
						"If Gishath takes 30 damage or more on a single turn from a creature inside it, it must succeed on a {@dc 18} Constitution saving throw at the end of that turn or regurgitate all swallowed creatures, which fall {@condition prone} in a space within 10 feet of it. If Gishath dies, a swallowed creature is no longer {@condition restrained} by it and can escape from the corpse by using 20 feet of movement, exiting {@condition prone}."
					]
				},
				{
					"name": "Stomp",
					"entries": [
						"{@atk mw} {@hit 11} to hit, reach 10 ft., one target. {@h}29 ({@damage 5d8 + 7}) bludgeoning damage, and the target must succeed on a {@dc 19} Strength saving throw or be knocked {@condition prone}."
					]
				},
				{
					"name": "Tail",
					"entries": [
						"{@atk mw} {@hit 11} to hit, reach 15 ft., one target. {@h}25 ({@damage 4d8 + 7}) bludgeoning damage."
					]
				}
			],
			"legendary": [
				{
					"name": "Attack",
					"entries": [
						"Gishath makes one stomp or tail attack."
					]
				},
				{
					"name": "Roar (Costs 2 Actions)",
					"entries": [
						"Each creature that is within 120 feet of Gishath and can hear it must succeed on a {@dc 19} Wisdom saving throw or become {@condition frightened} for 1 minute. A creature can repeat the saving throw at the end of each of its turns, ending the effect on tself on a success. If a creature's saving throw is successful or the effect ends for it, the creature is immune to Gishath's Roar for the next 24 hours."
					]
				}
			],
			"traitTags": [
				"Legendary Resistances"
			],
			"actionTags": [
				"Multiattack",
				"Swallow"
			],
			"damageTags": [
				"A",
				"B",
				"P"
			],
			"miscTags": [
				"MW",
				"RCH"
			],
			"conditionInflict": [
				"blinded",
				"frightened",
				"grappled",
				"prone",
				"restrained"
			],
			"hasToken": true
		},
		{
			"name": "Harpy",
			"source": "PSX",
			"page": 36,
			"_copy": {
				"name": "Harpy",
				"source": "MM",
				"_mod": {
					"action": [
						{
							"mode": "replaceArr",
							"replace": "Multiattack",
							"items": {
								"name": "Multiattack",
								"entries": [
									"The harpy makes two attacks: one with its claws and one with its bite."
								]
							}
						},
						{
							"mode": "replaceArr",
							"replace": "Club",
							"items": {
								"name": "Bite",
								"entries": [
									"{@atk mw} {@hit 3} to hit, reach 5 ft., one target. {@h}3 ({@damage 1d4 + 1}) slashing damage. If the target is a creature, it must succeed on a DC 11 Constitution saving throw or contract a disease. Until the disease is cured, the target can't regain hit points except by magical means, and the target's hit point maximum decreases by 3 ({@dice 1d6}) every 24 hours. If the target's hit point maximum drops to 0 as a result of this disease, the target dies."
								]
							}
						}
					]
				}
			},
			"damageTags": [
				"S"
			],
			"hasToken": true
		},
		{
			"name": "Sunbird",
			"source": "PSX",
			"page": 32,
			"size": [
				"G"
			],
			"type": "monstrosity",
			"alignment": [
				"U"
			],
			"ac": [
				{
					"ac": 17,
					"from": [
						"natural armor"
					]
				}
			],
			"hp": {
				"average": 279,
				"formula": "18d20 + 90"
			},
			"speed": {
				"walk": 20,
				"fly": 120
			},
			"str": 28,
			"dex": 10,
			"con": 20,
			"int": 13,
			"wis": 14,
			"cha": 15,
			"save": {
				"dex": "+5",
				"con": "+10",
				"wis": "+7",
				"cha": "+7"
			},
			"skill": {
				"perception": "+7"
			},
			"senses": [
				"darkvision 120 ft."
			],
			"passive": 17,
			"resist": [
				{
					"resist": [
						"bludgeoning",
						"piercing",
						"slashing"
					],
					"note": "from nonmagical attacks",
					"cond": true
				}
			],
			"immune": [
				"fire"
			],
			"languages": [
				"Giant Owl",
				"understands Common but can't speak it"
			],
			"cr": "13",
			"trait": [
				{
					"name": "Death Throes",
					"entries": [
						"When the sunbird dies, it explodes, and each creature within 30 feet of it must make a {@dc 18} Dexterity saving throw, taking 42 ({@damage 12d6}) fire damage on a failed save, or half as much damage on a successful one. The explosion ignites flammable objects in that area that aren't being worn or carried. The sunbird's body turns to ash, but an egg is left where the sunbird was."
					]
				},
				{
					"name": "Fire Aura",
					"entries": [
						"At the start of each of the sunbird's turns, each creature within 5 feet of it takes 11 ({@damage 2d10}) fire damage, and flammable objects in the area that aren't being worn or carried ignite. A creature that touches the sunbird or hits it with a melee attack while within 5 feet of it takes 11 ({@damage 2d10}) fire damage. The aura also sheds bright light in a 60-foot radius and dim light for an additional 60 feet."
					]
				},
				{
					"name": "Flyby",
					"entries": [
						"The sunbird doesn't provoke opportunity attacks when it flies out of an enemy's reach."
					]
				},
				{
					"name": "Keen Hearing and Sight",
					"entries": [
						"The sunbird has advantage on Wisdom ({@skill Perception}) checks that rely on hearing or sight."
					]
				}
			],
			"action": [
				{
					"name": "Multiattack",
					"entries": [
						"The sunbird makes two talon attacks."
					]
				},
				{
					"name": "Talon",
					"entries": [
						"{@atk mw} {@hit 14} to hit, reach 5 ft., one target. {@h}16 ({@damage 2d6 + 9}) slashing damage plus 14 ({@damage 4d6}) fire damage, and the target is {@condition grappled} (escape {@dc 18}). Until this grapple ends, the target is {@condition restrained}, and the sunbird can't attack another target with that talon. A {@condition grappled} creature takes 11 ({@damage 2d10}) fire damage at the start of each of the sunbird's turns."
					]
				}
			],
			"traitTags": [
				"Death Burst",
				"Flyby",
				"Keen Senses"
			],
			"senseTags": [
				"SD"
			],
			"actionTags": [
				"Multiattack"
			],
			"languageTags": [
				"C",
				"CS",
				"GI",
				"OTH"
			],
			"damageTags": [
				"F",
				"S"
			],
			"miscTags": [
				"AOE",
				"MW"
			],
			"conditionInflict": [
				"grappled",
				"restrained"
			],
			"hasToken": true
		}
	]
}
