{
	"AI": "fluff-bestiary-ai.json",
	"AitFR-ISF": "fluff-bestiary-aitfr-isf.json",
	"AitFR-THP": "fluff-bestiary-aitfr-thp.json",
	"AitFR-DN": "fluff-bestiary-aitfr-dn.json",
	"AitFR-FCD": "fluff-bestiary-aitfr-fcd.json",
	"BGDIA": "fluff-bestiary-bgdia.json",
	"CM": "fluff-bestiary-cm.json",
	"CoS": "fluff-bestiary-cos.json",
	"CRCotN": "fluff-bestiary-crcotn.json",
	"DC": "fluff-bestiary-dc.json",
	"DIP": "fluff-bestiary-dip.json",
	"DMG": "fluff-bestiary-dmg.json",
	"DoD": "fluff-bestiary-dod.json",
	"EGW": "fluff-bestiary-egw.json",
	"ERLW": "fluff-bestiary-erlw.json",
	"FTD": "fluff-bestiary-ftd.json",
	"GGR": "fluff-bestiary-ggr.json",
	"GoS": "fluff-bestiary-gos.json",
	"HftT": "fluff-bestiary-hftt.json",
	"HotDQ": "fluff-bestiary-hotdq.json",
	"IDRotF": "fluff-bestiary-idrotf.json",
	"IMR": "fluff-bestiary-imr.json",
	"LLK": "fluff-bestiary-llk.json",
	"LMoP": "fluff-bestiary-lmop.json",
	"MaBJoV": "fluff-bestiary-mabjov.json",
	"MCV1SC": "fluff-bestiary-mcv1sc.json",
	"MGELFT": "fluff-bestiary-mgelft.json",
	"MFF": "fluff-bestiary-mff.json",
	"MM": "fluff-bestiary-mm.json",
	"MPMM": "fluff-bestiary-mpmm.json",
	"MOT": "fluff-bestiary-mot.json",
	"MTF": "fluff-bestiary-mtf.json",
	"OotA": "fluff-bestiary-oota.json",
	"OoW": "fluff-bestiary-oow.json",
	"PotA": "fluff-bestiary-pota.json",
	"PSA": "fluff-bestiary-ps-a.json",
	"RMBRE": "fluff-bestiary-rmbre.json",
	"RoT": "fluff-bestiary-rot.json",
	"SADS": "fluff-bestiary-sads.json",
	"SCC": "fluff-bestiary-scc.json",
	"SDW": "fluff-bestiary-sdw.json",
	"SKT": "fluff-bestiary-skt.json",
	"TCE": "fluff-bestiary-tce.json",
	"TTP": "fluff-bestiary-ttp.json",
	"TftYP": "fluff-bestiary-tftyp.json",
	"ToA": "fluff-bestiary-toa.json",
	"VD": "fluff-bestiary-vd.json",
	"VGM": "fluff-bestiary-vgm.json",
	"VRGR": "fluff-bestiary-vrgr.json",
	"WBtW": "fluff-bestiary-wbtw.json",
	"WDH": "fluff-bestiary-wdh.json",
	"WDMM": "fluff-bestiary-wdmm.json"
}
