{
	"class": [],
	"classFeature": [
		{
			"name": "Unarmored Movement",
			"source": "PHB",
			"className": "Monk",
			"classSource": "PHB",
			"level": 2,
			"effects": [
				{
					"name": "Unarmored Movement",
					"changes": [
						{
							"key": "data.attributes.movement.walk",
							"mode": "ADD",
							"value": "sign(@attributes.movement.walk) * ((ceil((@classes.monk.levels - 1) / 4) * 5) + 5)"
						},
						{
							"key": "data.attributes.movement.burrow",
							"mode": "ADD",
							"value": "sign(@attributes.movement.burrow) * ((ceil((@classes.monk.levels - 1) / 4) * 5) + 5)"
						},
						{
							"key": "data.attributes.movement.climb",
							"mode": "ADD",
							"value": "sign(@attributes.movement.climb) * ((ceil((@classes.monk.levels - 1) / 4) * 5) + 5)"
						},
						{
							"key": "data.attributes.movement.fly",
							"mode": "ADD",
							"value": "sign(@attributes.movement.fly) * ((ceil((@classes.monk.levels - 1) / 4) * 5) + 5)"
						},
						{
							"key": "data.attributes.movement.swim",
							"mode": "ADD",
							"value": "sign(@attributes.movement.swim) * ((ceil((@classes.monk.levels - 1) / 4) * 5) + 5)"
						}
					]
				}
			]
		},
		{
			"name": "Metamagic",
			"source": "PHB",
			"className": "Sorcerer",
			"classSource": "PHB",
			"level": 3,
			"entries": [
				"At 3rd level, you gain the ability to twist your spells to suit your needs. You gain two Metamagic options of your choice. You gain another one at 10th and 17th level.",
				"You can use only one Metamagic option on a spell when you cast it, unless otherwise noted."
			]
		},
		{
			"name": "Metamagic Options",
			"source": "UAClassFeatureVariants",
			"className": "Sorcerer",
			"classSource": "PHB",
			"level": 3,
			"isIgnored": true
		},
		{
			"name": "Metamagic Options",
			"source": "TCE",
			"className": "Sorcerer",
			"classSource": "PHB",
			"level": 3,
			"isIgnored": true
		},
		{
			"name": "Metamagic",
			"source": "PHB",
			"className": "Sorcerer",
			"classSource": "PHB",
			"level": 10,
			"isIgnored": true
		},
		{
			"name": "Metamagic",
			"source": "PHB",
			"className": "Sorcerer",
			"classSource": "PHB",
			"level": 17,
			"isIgnored": true
		},
		{
			"name": "Infusions Known",
			"source": "TCE",
			"className": "Artificer",
			"classSource": "TCE",
			"level": 2,
			"isIgnored": true
		},
		{
			"name": "Eldritch Invocations",
			"source": "PHB",
			"className": "Warlock",
			"classSource": "PHB",
			"level": 2,
			"entries": [
				"In your study of occult lore, you have unearthed eldritch invocations, fragments of forbidden knowledge that imbue you with an abiding magical ability.",
				"At 2nd level, you gain two eldritch invocations of your choice. Your invocation options are detailed at the end of the class description. When you gain certain warlock levels, you gain additional invocations of your choice, as shown in the Invocations Known column of the Warlock table.",
				"Additionally, when you gain a level in this class, you can choose one of the invocations you know and replace it with another invocation that you could learn at that level.",
				"If an eldritch invocation has prerequisites, you must meet them to learn it. You can learn the invocation at the same time that you meet its prerequisites. A level prerequisite refers to your level in this class."
			]
		},
		{
			"name": "Martial Arts",
			"source": "PHB",
			"className": "Monk",
			"classSource": "PHB",
			"level": 1,
			"subEntities": {
				"item": [
					{
						"name": "Unarmed Strike (Monk)",
						"source": "PHB",
						"page": 76,
						"srd": true,
						"type": "M",
						"rarity": "none",
						"weaponCategory": "simple",
						"entries": [
							{
								"type": "quote",
								"entries": [
									"Tether even a roasted chicken."
								],
								"by": "Yamamoto Tsunetomo",
								"from": "Hagakure Kikigaki"
							}
						],
						"foundryData": {
							"equipped": true,
							"damage.parts": [
								[
									"1d(2 + ceil((@classes.monk.levels + 2) / 6) * 2) + @mod",
									"bludgeoning"
								]
							],
							"ability": "dex"
						}
					}
				]
			}
		},
		{
			"name": "Fast Movement",
			"source": "PHB",
			"className": "Barbarian",
			"classSource": "PHB",
			"level": 5,
			"effects": [
				{
					"changes": [
						{
							"key": "data.attributes.movement.walk",
							"mode": "ADD",
							"value": 10
						}
					]
				}
			]
		},
		{
			"name": "Expertise",
			"source": "PHB",
			"className": "Rogue",
			"classSource": "PHB",
			"level": 1,
			"entryData": {
				"expertise": [
					{
						"anyProficientSkill": 2
					},
					{
						"anyProficientSkill": 1,
						"thieves' tools": true
					}
				]
			}
		},
		{
			"name": "Expertise",
			"source": "PHB",
			"className": "Rogue",
			"classSource": "PHB",
			"level": 6,
			"entryData": {
				"expertise": [
					{
						"anyProficientSkill": 2
					},
					{
						"anyProficientSkill": 1,
						"thieves' tools": true
					}
				]
			}
		},
		{
			"name": "Expertise",
			"source": "PHB",
			"className": "Bard",
			"classSource": "PHB",
			"level": 3,
			"entryData": {
				"expertise": [
					{
						"anyProficientSkill": 2
					}
				]
			}
		},
		{
			"name": "Expertise",
			"source": "PHB",
			"className": "Bard",
			"classSource": "PHB",
			"level": 10,
			"entryData": {
				"expertise": [
					{
						"anyProficientSkill": 2
					}
				]
			}
		},
		{
			"name": "Primal Knowledge",
			"source": "TCE",
			"className": "Barbarian",
			"classSource": "PHB",
			"level": 3,
			"entryData": {
				"skillProficiencies": [
					{
						"choose": {
							"from": [
								"animal handling",
								"athletics",
								"intimidation",
								"nature",
								"perception",
								"survival"
							]
						}
					}
				]
			}
		},
		{
			"name": "Bonus Proficiencies",
			"source": "TCE",
			"className": "Spellcaster Sidekick",
			"classSource": "TCE",
			"level": 1,
			"entryData": {
				"skillProficiencies": [
					{
						"choose": {
							"from": [
								"arcana",
								"history",
								"insight",
								"investigation",
								"medicine",
								"performance",
								"persuasion",
								"religion"
							],
							"count": 2
						}
					}
				]
			}
		},
		{
			"name": "Bonus Proficiencies",
			"source": "TCE",
			"className": "Warrior Sidekick",
			"classSource": "TCE",
			"level": 1,
			"entryData": {
				"skillProficiencies": [
					{
						"choose": {
							"from": [
								"acrobatics",
								"animal handling",
								"athletics",
								"intimidation",
								"nature",
								"perception",
								"survival"
							],
							"count": 2
						}
					}
				]
			}
		},
		{
			"name": "Druidic",
			"source": "PHB",
			"className": "Druid",
			"classSource": "PHB",
			"level": 1,
			"entryData": {
				"languageProficiencies": [
					{
						"druidic": true
					}
				]
			}
		},
		{
			"name": "Deft Explorer",
			"source": "TCE",
			"className": "Ranger",
			"classSource": "PHB",
			"level": 1,
			"entryData": {
				"languageProficiencies": [
					{
						"any": 2
					}
				],
				"expertise": [
					{
						"anyProficientSkill": 1
					}
				]
			}
		},
		{
			"name": "Thieves' Cant",
			"source": "PHB",
			"className": "Rogue",
			"classSource": "PHB",
			"level": 1,
			"entryData": {
				"languageProficiencies": [
					{
						"thieves' cant": true
					}
				]
			}
		},
		{
			"name": "Slippery Mind",
			"source": "PHB",
			"className": "Rogue",
			"classSource": "PHB",
			"level": 15,
			"entryData": {
				"savingThrowProficiencies": [
					{
						"wis": true
					}
				]
			}
		},
		{
			"name": "Jack of All Trades",
			"source": "PHB",
			"className": "Bard",
			"classSource": "PHB",
			"level": 2,
			"effects": [
				{
					"changes": [
						{
							"key": "flags.dnd5e.jackOfAllTrades",
							"mode": "OVERRIDE",
							"value": true
						}
					]
				}
			]
		},
		{
			"name": "Reliable Talent",
			"source": "PHB",
			"className": "Rogue",
			"classSource": "PHB",
			"level": 11,
			"effects": [
				{
					"changes": [
						{
							"key": "flags.dnd5e.reliableTalent",
							"mode": "OVERRIDE",
							"value": true
						}
					]
				}
			]
		},
		{
			"name": "Diamond Soul",
			"source": "PHB",
			"className": "Monk",
			"classSource": "PHB",
			"level": 14,
			"effects": [
				{
					"changes": [
						{
							"key": "flags.dnd5e.diamondSoul",
							"mode": "OVERRIDE",
							"value": true
						}
					]
				}
			]
		},
		{
			"name": "Brutal Critical (1 die)",
			"source": "PHB",
			"className": "Barbarian",
			"classSource": "PHB",
			"level": 9,
			"effects": [
				{
					"changes": [
						{
							"key": "flags.dnd5e.meleeCriticalDamageDice",
							"mode": "UPGRADE",
							"value": 1
						}
					]
				}
			]
		},
		{
			"name": "Brutal Critical (2 dice)",
			"source": "PHB",
			"className": "Barbarian",
			"classSource": "PHB",
			"level": 13,
			"effects": [
				{
					"changes": [
						{
							"key": "flags.dnd5e.meleeCriticalDamageDice",
							"mode": "UPGRADE",
							"value": 2
						}
					]
				}
			]
		},
		{
			"name": "Brutal Critical (3 dice)",
			"source": "PHB",
			"className": "Barbarian",
			"classSource": "PHB",
			"level": 17,
			"effects": [
				{
					"changes": [
						{
							"key": "flags.dnd5e.meleeCriticalDamageDice",
							"mode": "UPGRADE",
							"value": 3
						}
					]
				}
			]
		},
		{
			"name": "Primal Champion",
			"source": "PHB",
			"className": "Barbarian",
			"classSource": "PHB",
			"level": 20,
			"effects": [
				{
					"changes": [
						{
							"key": "data.abilities.str.value",
							"mode": "ADD",
							"value": 4
						},
						{
							"key": "data.abilities.con.value",
							"mode": "ADD",
							"value": 4
						}
					]
				}
			]
		},
		{
			"name": "Channel Divinity",
			"source": "PHB",
			"className": "Cleric",
			"classSource": "PHB",
			"level": 6,
			"isIgnored": true
		},
		{
			"name": "Channel Divinity",
			"source": "PHB",
			"className": "Cleric",
			"classSource": "PHB",
			"level": 18,
			"isIgnored": true
		},
		{
			"name": "Font of Magic",
			"source": "PHB",
			"className": "Sorcerer",
			"classSource": "PHB",
			"level": 2,
			"data": {
				"activation.type": null,
				"uses.per": null,
				"uses.value": null,
				"uses.max": null
			}
		},
		{
			"name": "Sorcery Points",
			"source": "PHB",
			"className": "Sorcerer",
			"classSource": "PHB",
			"level": 2,
			"data": {
				"uses.per": "lr",
				"uses.max": "@classes.sorcerer.levels * sign(max(0, @classes.sorcerer.levels - 2))"
			},
			"img": "icons/magic/control/silhouette-hold-change-blue.webp"
		},
		{
			"name": "Fighting Style",
			"source": "PHB",
			"className": "Fighter",
			"classSource": "PHB",
			"level": 1,
			"isIgnored": true
		},
		{
			"name": "Fighting Style",
			"source": "PHB",
			"className": "Paladin",
			"classSource": "PHB",
			"level": 2,
			"isIgnored": true
		},
		{
			"name": "Fighting Style",
			"source": "PHB",
			"className": "Ranger",
			"classSource": "PHB",
			"level": 2,
			"isIgnored": true
		},
		{
			"name": "Pact Boon",
			"source": "PHB",
			"className": "Warlock",
			"classSource": "PHB",
			"level": 3,
			"isIgnored": true
		},
		{
			"name": "Blindsense",
			"source": "PHB",
			"className": "Rogue",
			"classSource": "PHB",
			"level": 14,
			"entryData": {
				"senses": [
					{
						"blindsight": 10
					}
				]
			}
		}
	],
	"subclassFeature": [
		{
			"name": "Arcane Firearm",
			"source": "TCE",
			"className": "Artificer",
			"classSource": "TCE",
			"subclassShortName": "Artillerist",
			"subclassSource": "TCE",
			"level": 5,
			"effects": [
				{
					"changes": [
						{
							"key": "data.bonuses.msak.damage",
							"mode": "ADD",
							"value": "1d8"
						},
						{
							"key": "data.bonuses.rsak.damage",
							"mode": "ADD",
							"value": "1d8"
						}
					]
				}
			]
		},
		{
			"name": "Remarkable Athlete",
			"source": "PHB",
			"className": "Fighter",
			"classSource": "PHB",
			"subclassShortName": "Champion",
			"subclassSource": "PHB",
			"level": 7,
			"effects": [
				{
					"changes": [
						{
							"key": "flags.dnd5e.remarkableAthlete",
							"mode": "OVERRIDE",
							"value": true
						}
					]
				}
			]
		},
		{
			"name": "Additional Fighting Style",
			"source": "PHB",
			"className": "Fighter",
			"classSource": "PHB",
			"subclassShortName": "Champion",
			"subclassSource": "PHB",
			"level": 10,
			"isIgnored": true
		},
		{
			"name": "Improved Critical",
			"source": "PHB",
			"className": "Fighter",
			"classSource": "PHB",
			"subclassShortName": "Champion",
			"subclassSource": "PHB",
			"level": 3,
			"effects": [
				{
					"changes": [
						{
							"key": "flags.dnd5e.weaponCriticalThreshold",
							"mode": "OVERRIDE",
							"value": 19
						}
					]
				}
			]
		},
		{
			"name": "Eagle",
			"source": "PHB",
			"className": "Barbarian",
			"classSource": "PHB",
			"subclassShortName": "Totem Warrior",
			"subclassSource": "PHB",
			"level": 3,
			"data": {
				"activation.type": "bonus",
				"activation.cost": 1
			}
		},
		{
			"name": "Combat Superiority",
			"source": "PHB",
			"className": "Fighter",
			"classSource": "PHB",
			"subclassShortName": "Battle Master",
			"subclassSource": "PHB",
			"level": 3,
			"entryData": {
				"resources": [
					{
						"name": "Superiority Dice",
						"type": "dicePool",
						"recharge": "restShort",
						"count": "floor((<$level$> + 1) / 8) + 4",
						"number": 1,
						"faces": "8 + (sign(ceil((<$level$> - 2) / 8) - 1) * 2)"
					}
				]
			}
		},
		{
			"name": "Additional Superiority Die",
			"source": "PHB",
			"className": "Fighter",
			"classSource": "PHB",
			"subclassShortName": "Battle Master",
			"subclassSource": "PHB",
			"level": 7,
			"isIgnored": true
		},
		{
			"name": "Additional Superiority Die",
			"source": "PHB",
			"className": "Fighter",
			"classSource": "PHB",
			"subclassShortName": "Battle Master",
			"subclassSource": "PHB",
			"level": 15,
			"isIgnored": true
		},
		{
			"name": "Improved Combat Superiority (d10)",
			"source": "PHB",
			"className": "Fighter",
			"classSource": "PHB",
			"subclassShortName": "Battle Master",
			"subclassSource": "PHB",
			"level": 10,
			"isIgnored": true
		},
		{
			"name": "Improved Combat Superiority (d12)",
			"source": "PHB",
			"className": "Fighter",
			"classSource": "PHB",
			"subclassShortName": "Battle Master",
			"subclassSource": "PHB",
			"level": 18,
			"isIgnored": true
		},
		{
			"name": "Maneuvers",
			"source": "PHB",
			"className": "Fighter",
			"classSource": "PHB",
			"subclassShortName": "Battle Master",
			"subclassSource": "PHB",
			"level": 3,
			"isIgnored": true
		},
		{
			"name": "Additional Maneuvers",
			"source": "PHB",
			"className": "Fighter",
			"classSource": "PHB",
			"subclassShortName": "Battle Master",
			"subclassSource": "PHB",
			"level": 7,
			"isIgnored": true
		},
		{
			"name": "Additional Maneuvers",
			"source": "PHB",
			"className": "Fighter",
			"classSource": "PHB",
			"subclassShortName": "Battle Master",
			"subclassSource": "PHB",
			"level": 10,
			"isIgnored": true
		},
		{
			"name": "Additional Maneuvers",
			"source": "PHB",
			"className": "Fighter",
			"classSource": "PHB",
			"subclassShortName": "Battle Master",
			"subclassSource": "PHB",
			"level": 15,
			"isIgnored": true
		},
		{
			"name": "Maneuver Options",
			"source": "UAClassFeatureVariants",
			"className": "Fighter",
			"classSource": "PHB",
			"subclassShortName": "Battle Master",
			"subclassSource": "PHB",
			"level": 3,
			"isIgnored": true
		},
		{
			"name": "Maneuver Options",
			"source": "TCE",
			"className": "Fighter",
			"classSource": "PHB",
			"subclassShortName": "Battle Master",
			"subclassSource": "PHB",
			"level": 3,
			"isIgnored": true
		},
		{
			"name": "Chemical Mastery",
			"source": "TCE",
			"className": "Artificer",
			"classSource": "TCE",
			"subclassShortName": "Alchemist",
			"subclassSource": "TCE",
			"level": 15,
			"entryData": {
				"resist": [
					"acid",
					"poison"
				],
				"conditionImmune": [
					"poisoned"
				]
			}
		},
		{
			"name": "Divine Fury",
			"source": "XGE",
			"className": "Barbarian",
			"classSource": "PHB",
			"subclassShortName": "Zealot",
			"subclassSource": "XGE",
			"level": 3,
			"isChooseDataRenderEntries": true,
			"data": {
				"activation.type": "special",
				"activation.condition": "While you're raging, the first creature you hit on each of your turns with a weapon attack"
			},
			"chooseData": [
				{
					"name": "Necrotic Damage",
					"data": {
						"damage.parts": [
							[
								"1d6 + floor(@classes.barbarian.levels / 2)",
								"necrotic"
							]
						]
					}
				},
				{
					"name": "Radiant Damage",
					"data": {
						"damage.parts": [
							[
								"1d6 + floor(@classes.barbarian.levels / 2)",
								"radiant"
							]
						]
					}
				}
			]
		},
		{
			"name": "Enthralling Performance",
			"source": "XGE",
			"className": "Bard",
			"classSource": "PHB",
			"subclassShortName": "Glamour",
			"subclassSource": "XGE",
			"level": 3,
			"data": {
				"activation.type": "minute",
				"activation.cost": 1,
				"target.value": 60,
				"target.units": "ft",
				"target.type": "sphere"
			}
		},
		{
			"name": "Psychic Blades",
			"source": "XGE",
			"className": "Bard",
			"classSource": "PHB",
			"subclassShortName": "Whispers",
			"subclassSource": "XGE",
			"level": 3,
			"data": {
				"activation.type": "special",
				"activation.condition": "When you hit a creature with a weapon attack",
				"damage.parts": [
					[
						"2d6 + (min(floor(@classes.bard.levels/5),1))d6 + (min(floor(@classes.bard.levels/10),1)*2)d6 + (min(floor(@classes.bard.levels/15),1)*3)d6",
						"psychic"
					]
				]
			}
		},
		{
			"name": "Words of Terror",
			"source": "XGE",
			"className": "Bard",
			"classSource": "PHB",
			"subclassShortName": "Whispers",
			"subclassSource": "XGE",
			"level": 3,
			"data": {
				"activation.type": "minute",
				"activation.cost": 1,
				"target.value": 1,
				"target.type": "creature"
			}
		},
		{
			"name": "Mantle of Whispers",
			"source": "XGE",
			"className": "Bard",
			"classSource": "PHB",
			"subclassShortName": "Whispers",
			"subclassSource": "XGE",
			"level": 6,
			"data": {
				"target.value": 30,
				"target.units": "ft",
				"target.type": "creature"
			}
		},
		{
			"name": "Shadow Lore",
			"source": "XGE",
			"className": "Bard",
			"classSource": "PHB",
			"subclassShortName": "Whispers",
			"subclassSource": "XGE",
			"level": 14,
			"data": {
				"target.value": 30,
				"target.units": "ft",
				"target.type": "creature"
			}
		},
		{
			"name": "Channel Divinity: Arcane Abjuration",
			"source": "SCAG",
			"className": "Cleric",
			"classSource": "PHB",
			"subclassShortName": "Arcana",
			"subclassSource": "SCAG",
			"level": 2,
			"data": {
				"target.value": 1,
				"target.type": "creature",
				"range.value": 30,
				"range.units": "ft"
			}
		},
		{
			"name": "Channel Divinity: Touch of Death",
			"source": "DMG",
			"className": "Cleric",
			"classSource": "PHB",
			"subclassShortName": "Death",
			"subclassSource": "DMG",
			"level": 2,
			"data": {
				"activation.type": "special",
				"activation.condition": "When the cleric hits a creature with a melee attack",
				"damage.parts": [
					[
						"5 + (2 * @classes.cleric.levels)",
						"necrotic"
					]
				]
			}
		},
		{
			"name": "Divine Strike",
			"source": "DMG",
			"className": "Cleric",
			"classSource": "PHB",
			"subclassShortName": "Death",
			"subclassSource": "DMG",
			"level": 8,
			"data": {
				"damage.parts": [
					[
						"(min(floor(@classes.cleric.levels/14),1) + 1)d8",
						"necrotic"
					]
				]
			}
		},
		{
			"name": "Divine Strike",
			"source": "XGE",
			"className": "Cleric",
			"classSource": "PHB",
			"subclassShortName": "Forge",
			"subclassSource": "XGE",
			"level": 8,
			"data": {
				"damage.parts": [
					[
						"(min(floor(@classes.cleric.levels/14),1) + 1)d8",
						"fire"
					]
				]
			}
		},
		{
			"name": "Saint of Forge and Fire",
			"source": "XGE",
			"className": "Cleric",
			"classSource": "PHB",
			"subclassShortName": "Forge",
			"subclassSource": "XGE",
			"level": 17,
			"entryData": {
				"immune": [
					"fire"
				]
			}
		},
		{
			"name": "Channel Divinity: Path to the Grave",
			"source": "XGE",
			"className": "Cleric",
			"classSource": "PHB",
			"subclassShortName": "Grave",
			"subclassSource": "XGE",
			"level": 2,
			"data": {
				"target.value": 1,
				"target.type": "creature",
				"range.value": 30,
				"range.units": "ft"
			}
		},
		{
			"name": "Sentinel at Death's Door",
			"source": "XGE",
			"className": "Cleric",
			"classSource": "PHB",
			"subclassShortName": "Grave",
			"subclassSource": "XGE",
			"level": 6,
			"data": {
				"target.value": 1,
				"target.type": "creature",
				"range.value": 30,
				"range.units": "ft"
			}
		},
		{
			"name": "Keeper of Souls",
			"source": "XGE",
			"className": "Cleric",
			"classSource": "PHB",
			"subclassShortName": "Grave",
			"subclassSource": "XGE",
			"level": 17,
			"data": {
				"target.value": 1,
				"target.type": "creature",
				"range.value": 60,
				"range.units": "ft"
			}
		},
		{
			"name": "Channel Divinity: Knowledge of the Ages",
			"source": "PHB",
			"className": "Cleric",
			"classSource": "PHB",
			"subclassShortName": "Knowledge",
			"subclassSource": "PHB",
			"level": 2,
			"data": {
				"duration.value": 10,
				"duration.units": "minute"
			}
		},
		{
			"name": "Channel Divinity: Read Thoughts",
			"source": "PHB",
			"className": "Cleric",
			"classSource": "PHB",
			"subclassShortName": "Knowledge",
			"subclassSource": "PHB",
			"level": 6,
			"data": {
				"target.value": 1,
				"target.type": "creature",
				"range.value": 60,
				"range.units": "ft"
			}
		},
		{
			"name": "Visions of the Past",
			"source": "PHB",
			"className": "Cleric",
			"classSource": "PHB",
			"subclassShortName": "Knowledge",
			"subclassSource": "PHB",
			"level": 17,
			"data": {
				"activation.type": "minute",
				"activation.cost": 1
			}
		},
		{
			"name": "Channel Divinity: Radiance of the Dawn",
			"source": "PHB",
			"className": "Cleric",
			"classSource": "PHB",
			"subclassShortName": "Light",
			"subclassSource": "PHB",
			"level": 2,
			"data": {
				"target.value": 30,
				"target.units": "ft",
				"target.type": "sphere",
				"damage.parts": [
					[
						"2d10 + @classes.cleric.levels",
						"radiant"
					]
				],
				"formula": ""
			}
		},
		{
			"name": "Corona of Light",
			"source": "PHB",
			"className": "Cleric",
			"classSource": "PHB",
			"subclassShortName": "Light",
			"subclassSource": "PHB",
			"level": 17,
			"data": {
				"target.value": 60,
				"target.units": "ft",
				"target.type": "sphere"
			}
		},
		{
			"name": "Channel Divinity: Charm Animals and Plants",
			"source": "PHB",
			"className": "Cleric",
			"classSource": "PHB",
			"subclassShortName": "Nature",
			"subclassSource": "PHB",
			"level": 2,
			"data": {
				"target.value": 30,
				"target.units": "ft",
				"target.type": "sphere",
				"damage.parts": [
					[
						"2d10 + @classes.cleric.levels",
						"radiant"
					]
				]
			}
		},
		{
			"name": "Divine Strike",
			"source": "PHB",
			"className": "Cleric",
			"classSource": "PHB",
			"subclassShortName": "Nature",
			"subclassSource": "PHB",
			"level": 8,
			"data": {
				"damage.parts": [
					[
						"(min(floor(@classes.cleric.levels/14),1) + 1)d8",
						"cold"
					],
					[
						"(min(floor(@classes.cleric.levels/14),1) + 1)d8",
						"fire"
					],
					[
						"(min(floor(@classes.cleric.levels/14),1) + 1)d8",
						"lightning"
					]
				]
			}
		},
		{
			"name": "Channel Divinity: Order's Demand",
			"source": "TCE",
			"className": "Cleric",
			"classSource": "PHB",
			"subclassShortName": "Order",
			"subclassSource": "TCE",
			"level": 2,
			"data": {
				"target.value": 30,
				"target.units": "ft",
				"target.type": "sphere"
			}
		},
		{
			"name": "Divine Strike",
			"source": "TCE",
			"className": "Cleric",
			"classSource": "PHB",
			"subclassShortName": "Order",
			"subclassSource": "TCE",
			"level": 8,
			"data": {
				"damage.parts": [
					[
						"(min(floor(@classes.cleric.levels/14),1) + 1)d8",
						"psychic"
					]
				]
			}
		},
		{
			"name": "Channel Divinity: Invoke Duplicity",
			"source": "PHB",
			"className": "Cleric",
			"classSource": "PHB",
			"subclassShortName": "Trickery",
			"subclassSource": "PHB",
			"level": 2,
			"data": {
				"target.value": 1,
				"target.type": "space",
				"range.value": 30,
				"range.units": "ft"
			}
		},
		{
			"name": "Divine Strike",
			"source": "PHB",
			"className": "Cleric",
			"classSource": "PHB",
			"subclassShortName": "Trickery",
			"subclassSource": "PHB",
			"level": 8,
			"data": {
				"damage.parts": [
					[
						"(min(floor(@classes.cleric.levels/14),1) + 1)d8",
						"poison"
					]
				]
			}
		},
		{
			"name": "Balm of the Summer Court",
			"source": "XGE",
			"className": "Druid",
			"classSource": "PHB",
			"subclassShortName": "Dreams",
			"subclassSource": "XGE",
			"level": 2,
			"data": {
				"target.value": 1,
				"target.type": "creature",
				"range.value": 120,
				"range.units": "ft"
			}
		},
		{
			"name": "Hearth of Moonlight and Shadow",
			"source": "XGE",
			"className": "Druid",
			"classSource": "PHB",
			"subclassShortName": "Dreams",
			"subclassSource": "XGE",
			"level": 6,
			"data": {
				"target.value": 30,
				"target.units": "ft",
				"target.type": "sphere"
			}
		},
		{
			"name": "Hidden Paths",
			"source": "XGE",
			"className": "Druid",
			"classSource": "PHB",
			"subclassShortName": "Dreams",
			"subclassSource": "XGE",
			"level": 10,
			"data": {
				"target.value": 1,
				"target.type": "space",
				"range.value": 60,
				"range.units": "ft"
			}
		},
		{
			"name": "Nature's Ward",
			"source": "PHB",
			"className": "Druid",
			"classSource": "PHB",
			"subclassShortName": "Land",
			"subclassSource": "PHB",
			"level": 10,
			"entryData": {
				"immune": [
					"poison"
				],
				"conditionImmune": [
					"disease",
					"poisoned"
				]
			}
		},
		{
			"name": "Speech of the Woods",
			"source": "XGE",
			"className": "Druid",
			"classSource": "PHB",
			"subclassShortName": "Shepherd",
			"subclassSource": "XGE",
			"level": 2,
			"entryData": {
				"languageProficiencies": [
					{
						"sylvan": true
					}
				]
			}
		},
		{
			"name": "Spirit Totem",
			"source": "XGE",
			"className": "Druid",
			"classSource": "PHB",
			"subclassShortName": "Shepherd",
			"subclassSource": "XGE",
			"level": 2,
			"data": {
				"target.value": 1,
				"target.type": "space",
				"range.value": 60,
				"range.units": "ft"
			}
		},
		{
			"name": "Halo of Spores",
			"source": "TCE",
			"className": "Druid",
			"classSource": "PHB",
			"subclassShortName": "Spores",
			"subclassSource": "TCE",
			"level": 2,
			"data": {
				"target.value": 10,
				"target.units": "ft",
				"target.type": "sphere",
				"range.units": "self"
			}
		},
		{
			"name": "Spreading Spores",
			"source": "TCE",
			"className": "Druid",
			"classSource": "PHB",
			"subclassShortName": "Spores",
			"subclassSource": "TCE",
			"level": 10,
			"data": {
				"target.value": 10,
				"target.units": "ft",
				"target.type": "cube",
				"range.value": 30,
				"range.units": "ft",
				"duration.value": 1,
				"duration.units": "minute"
			}
		},
		{
			"name": "Fungal Body",
			"source": "TCE",
			"className": "Druid",
			"classSource": "PHB",
			"subclassShortName": "Spores",
			"subclassSource": "TCE",
			"level": 14,
			"entryData": {
				"conditionImmune": [
					"blinded",
					"deafened",
					"frightened",
					"poisoned"
				]
			}
		},
		{
			"name": "Arcane Charge",
			"source": "PHB",
			"className": "Fighter",
			"classSource": "PHB",
			"subclassShortName": "Eldritch Knight",
			"subclassSource": "PHB",
			"level": 15,
			"data": {
				"target.value": 1,
				"target.type": "space",
				"range.value": 30,
				"range.units": "ft"
			}
		},
		{
			"name": "Rallying Cry",
			"source": "SCAG",
			"className": "Fighter",
			"classSource": "PHB",
			"subclassShortName": "Purple Dragon Knight (Banneret)",
			"subclassSource": "SCAG",
			"level": 3,
			"data": {
				"target.value": 3,
				"target.type": "creature",
				"range.value": 60,
				"range.units": "ft"
			}
		},
		{
			"name": "Inspiring Surge",
			"source": "SCAG",
			"className": "Fighter",
			"classSource": "PHB",
			"subclassShortName": "Purple Dragon Knight (Banneret)",
			"subclassSource": "SCAG",
			"level": 10,
			"data": {
				"target.value": 1,
				"target.type": "ally",
				"range.value": 60,
				"range.units": "ft"
			}
		},
		{
			"name": "Hour of Reaping",
			"source": "SCAG",
			"className": "Monk",
			"classSource": "PHB",
			"subclassShortName": "Long Death",
			"subclassSource": "SCAG",
			"level": 6,
			"data": {
				"target.value": 30,
				"target.units": "ft",
				"target.type": "sphere"
			}
		},
		{
			"name": "Shadow Step",
			"source": "PHB",
			"className": "Monk",
			"classSource": "PHB",
			"subclassShortName": "Shadow",
			"subclassSource": "PHB",
			"level": 6,
			"data": {
				"target.value": 60,
				"target.units": "ft",
				"target.type": "space"
			}
		},
		{
			"name": "Searing Sunburst",
			"source": "XGE",
			"className": "Monk",
			"classSource": "PHB",
			"subclassShortName": "Sun Soul",
			"subclassSource": "XGE",
			"level": 11,
			"data": {
				"target.value": 20,
				"target.units": "ft",
				"target.type": "sphere",
				"range.value": 150,
				"range.units": "ft"
			}
		},
		{
			"name": "Sun Shield",
			"source": "XGE",
			"className": "Monk",
			"classSource": "PHB",
			"subclassShortName": "Sun Soul",
			"subclassSource": "XGE",
			"level": 17,
			"data": {
				"target.value": 60,
				"target.units": "ft",
				"target.type": "radius"
			}
		},
		{
			"name": "Channel Divinity: Nature's Wrath",
			"source": "PHB",
			"className": "Paladin",
			"classSource": "PHB",
			"subclassShortName": "Ancients",
			"subclassSource": "PHB",
			"level": 3,
			"data": {
				"target.value": 1,
				"target.type": "creature",
				"range.value": 10,
				"range.units": "ft"
			}
		},
		{
			"name": "Channel Divinity: Turn the Faithless",
			"source": "PHB",
			"className": "Paladin",
			"classSource": "PHB",
			"subclassShortName": "Ancients",
			"subclassSource": "PHB",
			"level": 3,
			"data": {
				"target.value": 30,
				"target.units": "ft",
				"target.type": "creature"
			}
		},
		{
			"name": "Channel Divinity: Conquering Presence",
			"source": "XGE",
			"className": "Paladin",
			"classSource": "PHB",
			"subclassShortName": "Conquest",
			"subclassSource": "XGE",
			"level": 3,
			"data": {
				"target.value": 30,
				"target.units": "ft",
				"target.type": "creature"
			}
		},
		{
			"name": "Channel Divinity: Champion Challenge",
			"source": "SCAG",
			"className": "Paladin",
			"classSource": "PHB",
			"subclassShortName": "Crown",
			"subclassSource": "SCAG",
			"level": 3,
			"data": {
				"target.value": 30,
				"target.units": "ft",
				"target.type": "creature"
			}
		},
		{
			"name": "Channel Divinity: Turn the Tide",
			"source": "SCAG",
			"className": "Paladin",
			"classSource": "PHB",
			"subclassShortName": "Crown",
			"subclassSource": "SCAG",
			"level": 3,
			"data": {
				"target.value": 30,
				"target.units": "ft",
				"target.type": "creature"
			}
		},
		{
			"name": "Channel Divinity: Sacred Weapon",
			"source": "PHB",
			"className": "Paladin",
			"classSource": "PHB",
			"subclassShortName": "Devotion",
			"subclassSource": "PHB",
			"level": 3,
			"data": {
				"target.value": 40,
				"target.units": "ft",
				"target.type": "radius"
			}
		},
		{
			"name": "Channel Divinity: Turn the Unholy",
			"source": "PHB",
			"className": "Paladin",
			"classSource": "PHB",
			"subclassShortName": "Devotion",
			"subclassSource": "PHB",
			"level": 3,
			"data": {
				"target.value": 30,
				"target.units": "ft",
				"target.type": "creature"
			}
		},
		{
			"name": "Holy Nimbus",
			"source": "PHB",
			"className": "Paladin",
			"classSource": "PHB",
			"subclassShortName": "Devotion",
			"subclassSource": "PHB",
			"level": 20,
			"data": {
				"target.value": 60,
				"target.units": "ft",
				"target.type": "radius"
			}
		},
		{
			"name": "Channel Divinity: Inspiring Smite",
			"source": "TCE",
			"className": "Paladin",
			"classSource": "PHB",
			"subclassShortName": "Glory",
			"subclassSource": "TCE",
			"level": 3,
			"data": {
				"target.value": 30,
				"target.units": "ft",
				"target.type": "creature"
			}
		},
		{
			"name": "Glorious Defense",
			"source": "TCE",
			"className": "Paladin",
			"classSource": "PHB",
			"subclassShortName": "Glory",
			"subclassSource": "TCE",
			"level": 15,
			"data": {
				"range.value": 10,
				"range.units": "ft"
			}
		},
		{
			"name": "Oathbreaker Channel Divinity: Control Undead",
			"source": "DMG",
			"className": "Paladin",
			"classSource": "PHB",
			"subclassShortName": "Oathbreaker",
			"subclassSource": "DMG",
			"level": 3,
			"data": {
				"target.value": 30,
				"target.units": "ft",
				"target.type": "creature"
			}
		},
		{
			"name": "Oathbreaker Channel Divinity: Dreadful Aspect",
			"source": "DMG",
			"className": "Paladin",
			"classSource": "PHB",
			"subclassShortName": "Oathbreaker",
			"subclassSource": "DMG",
			"level": 3,
			"data": {
				"target.value": 30,
				"target.units": "ft",
				"target.type": "creature"
			}
		},
		{
			"name": "Channel Divinity: Rebuke the Violent",
			"source": "XGE",
			"className": "Paladin",
			"classSource": "PHB",
			"subclassShortName": "Redemption",
			"subclassSource": "XGE",
			"level": 3,
			"data": {
				"range.value": 30,
				"range.units": "ft"
			}
		},
		{
			"name": "Channel Divinity: Abjure Enemy",
			"source": "PHB",
			"className": "Paladin",
			"classSource": "PHB",
			"subclassShortName": "Vengeance",
			"subclassSource": "PHB",
			"level": 3,
			"data": {
				"range.value": 60,
				"range.units": "ft"
			}
		},
		{
			"name": "Channel Divinity: Vow of Enmity",
			"source": "PHB",
			"className": "Paladin",
			"classSource": "PHB",
			"subclassShortName": "Vengeance",
			"subclassSource": "PHB",
			"level": 3,
			"data": {
				"range.value": 10,
				"range.units": "ft"
			}
		},
		{
			"name": "Umbral Sight",
			"source": "XGE",
			"className": "Ranger",
			"classSource": "PHB",
			"subclassShortName": "Gloom Stalker",
			"subclassSource": "XGE",
			"level": 3,
			"actorTokenMod": {
				"_": [
					{
						"mode": "conditionals",
						"conditionals": [
							{
								"condition": "!PLUT_CONTEXT?.actor?.data?.token?.dimSight",
								"mod": {
									"dimSight": [
										{
											"mode": "set",
											"value": 60
										}
									]
								}
							},
							{
								"mod": {
									"dimSight": [
										{
											"mode": "scalarAdd",
											"scalar": 30
										}
									]
								}
							}
						]
					}
				]
			}
		},
		{
			"name": "Hunter's Sense",
			"source": "XGE",
			"className": "Ranger",
			"classSource": "PHB",
			"subclassShortName": "Monster Slayer",
			"subclassSource": "XGE",
			"level": 3,
			"data": {
				"range.value": 60,
				"range.units": "ft"
			}
		},
		{
			"name": "Slayer's Prey",
			"source": "XGE",
			"className": "Ranger",
			"classSource": "PHB",
			"subclassShortName": "Monster Slayer",
			"subclassSource": "XGE",
			"level": 3,
			"data": {
				"range.value": 60,
				"range.units": "ft"
			}
		},
		{
			"name": "Magic-User's Nemesis",
			"source": "XGE",
			"className": "Ranger",
			"classSource": "PHB",
			"subclassShortName": "Monster Slayer",
			"subclassSource": "XGE",
			"level": 11,
			"data": {
				"range.value": 60,
				"range.units": "ft"
			}
		},
		{
			"name": "Master of Tactics",
			"source": "XGE",
			"className": "Rogue",
			"classSource": "PHB",
			"subclassShortName": "Mastermind",
			"subclassSource": "XGE",
			"level": 3,
			"data": {
				"range.value": 30,
				"range.units": "ft"
			}
		},
		{
			"name": "Superior Mobility",
			"source": "XGE",
			"className": "Rogue",
			"classSource": "PHB",
			"subclassShortName": "Scout",
			"subclassSource": "XGE",
			"level": 9,
			"effects": [
				{
					"name": "Superior Mobility",
					"changes": [
						{
							"key": "data.attributes.movement.walk",
							"mode": "ADD",
							"value": "10"
						}
					]
				}
			]
		},
		{
			"name": "Draconic Presence",
			"source": "PHB",
			"className": "Sorcerer",
			"classSource": "PHB",
			"subclassShortName": "Draconic",
			"subclassSource": "PHB",
			"level": 18,
			"data": {
				"target.value": 60,
				"target.units": "ft",
				"target.type": "sphere"
			}
		},
		{
			"name": "Hound of Ill Omen",
			"source": "XGE",
			"className": "Sorcerer",
			"classSource": "PHB",
			"subclassShortName": "Shadow",
			"subclassSource": "XGE",
			"level": 6,
			"data": {
				"target.value": 1,
				"target.type": "creature",
				"range.value": 120,
				"range.units": "ft"
			}
		},
		{
			"name": "Shadow Walk",
			"source": "XGE",
			"className": "Sorcerer",
			"classSource": "PHB",
			"subclassShortName": "Shadow",
			"subclassSource": "XGE",
			"level": 14,
			"data": {
				"target.value": 1,
				"target.type": "space",
				"range.value": 120,
				"range.units": "ft"
			}
		},
		{
			"name": "Heart of the Storm",
			"source": "XGE",
			"className": "Sorcerer",
			"classSource": "PHB",
			"subclassShortName": "Storm",
			"subclassSource": "XGE",
			"level": 6,
			"entryData": {
				"resist": [
					"lightning",
					"thunder"
				]
			},
			"data": {
				"target.value": 10,
				"target.units": "ft",
				"target.type": "sphere"
			}
		},
		{
			"name": "Wind Soul",
			"source": "XGE",
			"className": "Sorcerer",
			"classSource": "PHB",
			"subclassShortName": "Storm",
			"subclassSource": "XGE",
			"level": 18,
			"entryData": {
				"immune": [
					"lightning",
					"thunder"
				]
			}
		},
		{
			"name": "Fey Presence",
			"source": "PHB",
			"className": "Warlock",
			"classSource": "PHB",
			"subclassShortName": "Archfey",
			"subclassSource": "PHB",
			"level": 1,
			"data": {
				"target.value": 10,
				"target.units": "ft",
				"target.type": "cube"
			}
		},
		{
			"name": "Misty Escape",
			"source": "PHB",
			"className": "Warlock",
			"classSource": "PHB",
			"subclassShortName": "Archfey",
			"subclassSource": "PHB",
			"level": 6,
			"data": {
				"target.value": 1,
				"target.type": "space",
				"range.value": 60,
				"range.units": "ft"
			}
		},
		{
			"name": "Beguiling Defenses",
			"source": "PHB",
			"className": "Warlock",
			"classSource": "PHB",
			"subclassShortName": "Archfey",
			"subclassSource": "PHB",
			"level": 10,
			"entryData": {
				"conditionImmune": [
					"charmed"
				]
			}
		},
		{
			"name": "Dark Delirium",
			"source": "PHB",
			"className": "Warlock",
			"classSource": "PHB",
			"subclassShortName": "Archfey",
			"subclassSource": "PHB",
			"level": 14,
			"data": {
				"target.value": 1,
				"target.type": "creature",
				"range.value": 60,
				"range.units": "ft"
			}
		},
		{
			"name": "Radiant Soul",
			"source": "XGE",
			"className": "Warlock",
			"classSource": "PHB",
			"subclassShortName": "Celestial",
			"subclassSource": "XGE",
			"level": 6,
			"entryData": {
				"resist": [
					"radiant"
				]
			}
		},
		{
			"name": "Searing Vengeance",
			"source": "XGE",
			"className": "Warlock",
			"classSource": "PHB",
			"subclassShortName": "Celestial",
			"subclassSource": "XGE",
			"level": 14,
			"data": {
				"target.value": 30,
				"target.units": "ft",
				"target.type": "sphere"
			}
		},
		{
			"name": "Awakened Mind",
			"source": "PHB",
			"className": "Warlock",
			"classSource": "PHB",
			"subclassShortName": "Great Old One",
			"subclassSource": "PHB",
			"level": 1,
			"data": {
				"target.value": 30,
				"target.units": "ft",
				"target.type": "sphere"
			}
		},
		{
			"name": "Thought Shield",
			"source": "PHB",
			"className": "Warlock",
			"classSource": "PHB",
			"subclassShortName": "Great Old One",
			"subclassSource": "PHB",
			"level": 10,
			"entryData": {
				"resist": [
					"psychic"
				]
			}
		},
		{
			"name": "Projected Ward",
			"source": "PHB",
			"className": "Wizard",
			"classSource": "PHB",
			"subclassShortName": "Abjuration",
			"subclassSource": "PHB",
			"level": 6,
			"data": {
				"target.value": 30,
				"target.units": "ft",
				"target.type": "sphere"
			}
		},
		{
			"name": "Chronal Shift",
			"source": "EGW",
			"className": "Wizard",
			"classSource": "PHB",
			"subclassShortName": "Chronurgy",
			"subclassSource": "EGW",
			"level": 2,
			"data": {
				"range.value": 30,
				"range.units": "ft"
			}
		},
		{
			"name": "Momentary Stasis",
			"source": "EGW",
			"className": "Wizard",
			"classSource": "PHB",
			"subclassShortName": "Chronurgy",
			"subclassSource": "EGW",
			"level": 6,
			"data": {
				"range.value": 60,
				"range.units": "ft"
			}
		},
		{
			"name": "Convergent Future",
			"source": "EGW",
			"className": "Wizard",
			"classSource": "PHB",
			"subclassShortName": "Chronurgy",
			"subclassSource": "EGW",
			"level": 14,
			"data": {
				"range.value": 60,
				"range.units": "ft"
			}
		},
		{
			"name": "Benign Transposition",
			"source": "PHB",
			"className": "Wizard",
			"classSource": "PHB",
			"subclassShortName": "Conjuration",
			"subclassSource": "PHB",
			"level": 6,
			"data": {
				"target.value": 1,
				"target.type": "space",
				"range.value": 30,
				"range.units": "ft"
			}
		},
		{
			"name": "Hypnotic Gaze",
			"source": "PHB",
			"className": "Wizard",
			"classSource": "PHB",
			"subclassShortName": "Enchantment",
			"subclassSource": "PHB",
			"level": 2,
			"data": {
				"target.value": 1,
				"target.type": "creature",
				"range.value": 5,
				"range.units": "ft"
			}
		},
		{
			"name": "Instinctive Charm",
			"source": "PHB",
			"className": "Wizard",
			"classSource": "PHB",
			"subclassShortName": "Enchantment",
			"subclassSource": "PHB",
			"level": 6,
			"data": {
				"target.value": 1,
				"target.type": "creature",
				"range.value": 30,
				"range.units": "ft"
			}
		},
		{
			"name": "Adjust Density",
			"source": "EGW",
			"className": "Wizard",
			"classSource": "PHB",
			"subclassShortName": "Graviturgy",
			"subclassSource": "EGW",
			"level": 2,
			"data": {
				"target.value": 1,
				"target.type": "creature",
				"range.value": 30,
				"range.units": "ft"
			}
		},
		{
			"name": "Violent Attraction",
			"source": "EGW",
			"className": "Wizard",
			"classSource": "PHB",
			"subclassShortName": "Graviturgy",
			"subclassSource": "EGW",
			"level": 10,
			"data": {
				"target.value": 1,
				"target.type": "creature",
				"range.value": 60,
				"range.units": "ft"
			}
		},
		{
			"name": "Event Horizon",
			"source": "EGW",
			"className": "Wizard",
			"classSource": "PHB",
			"subclassShortName": "Graviturgy",
			"subclassSource": "EGW",
			"level": 14,
			"data": {
				"target.value": 30,
				"target.units": "ft",
				"target.type": "sphere"
			}
		},
		{
			"name": "Inured to Undeath",
			"source": "PHB",
			"className": "Wizard",
			"classSource": "PHB",
			"subclassShortName": "Necromancy",
			"subclassSource": "PHB",
			"level": 10,
			"entryData": {
				"resist": [
					"necrotic"
				]
			}
		},
		{
			"name": "Command Undead",
			"source": "PHB",
			"className": "Wizard",
			"classSource": "PHB",
			"subclassShortName": "Necromancy",
			"subclassSource": "PHB",
			"level": 14,
			"data": {
				"target.value": 1,
				"target.type": "creature",
				"range.value": 60,
				"range.units": "ft"
			}
		},
		{
			"name": "Deflecting Shroud",
			"source": "XGE",
			"className": "Wizard",
			"classSource": "PHB",
			"subclassShortName": "War",
			"subclassSource": "XGE",
			"level": 14,
			"data": {
				"target.value": 3,
				"target.type": "creature",
				"range.value": 60,
				"range.units": "ft"
			}
		},
		{
			"name": "Call the Hunt",
			"source": "TCE",
			"className": "Barbarian",
			"classSource": "PHB",
			"subclassShortName": "Beast",
			"subclassSource": "TCE",
			"level": 14,
			"data": {
				"target.value": 30,
				"target.units": "ft"
			}
		},
		{
			"name": "Magic Awareness",
			"source": "TCE",
			"className": "Barbarian",
			"classSource": "PHB",
			"subclassShortName": "Wild Magic",
			"subclassSource": "TCE",
			"level": 3,
			"data": {
				"target.value": 60,
				"target.units": "ft"
			}
		},
		{
			"name": "Performance of Creation",
			"source": "TCE",
			"className": "Bard",
			"classSource": "PHB",
			"subclassShortName": "Creation",
			"subclassSource": "TCE",
			"level": 3,
			"data": {
				"target.value": 1,
				"target.type": "object",
				"range.value": 10,
				"range.units": "ft"
			}
		},
		{
			"name": "Animating Performance",
			"source": "TCE",
			"className": "Bard",
			"classSource": "PHB",
			"subclassShortName": "Creation",
			"subclassSource": "TCE",
			"level": 6,
			"data": {
				"target.value": 1,
				"target.type": "object",
				"range.value": 30,
				"range.units": "ft"
			}
		},
		{
			"name": "Unsettling Words",
			"source": "TCE",
			"className": "Bard",
			"classSource": "PHB",
			"subclassShortName": "Eloquence",
			"subclassSource": "TCE",
			"level": 3,
			"data": {
				"target.value": 1,
				"target.type": "creature",
				"range.value": 60,
				"range.units": "ft"
			}
		},
		{
			"name": "Universal Speech",
			"source": "TCE",
			"className": "Bard",
			"classSource": "PHB",
			"subclassShortName": "Eloquence",
			"subclassSource": "TCE",
			"level": 6,
			"data": {
				"target.type": "creature",
				"range.value": 60,
				"range.units": "ft"
			}
		},
		{
			"name": "Infectious Inspiration",
			"source": "TCE",
			"className": "Bard",
			"classSource": "PHB",
			"subclassShortName": "Eloquence",
			"subclassSource": "TCE",
			"level": 14,
			"data": {
				"target.value": 1,
				"target.type": "creature",
				"range.value": 60,
				"range.units": "ft"
			}
		},
		{
			"name": "Emboldening Bond",
			"source": "TCE",
			"className": "Cleric",
			"classSource": "PHB",
			"subclassShortName": "Peace",
			"subclassSource": "TCE",
			"level": 1,
			"data": {
				"target.type": "creature",
				"range.value": 30,
				"range.units": "ft"
			}
		},
		{
			"name": "Eyes of Night",
			"source": "TCE",
			"className": "Cleric",
			"classSource": "PHB",
			"subclassShortName": "Twilight",
			"subclassSource": "TCE",
			"level": 1,
			"actorTokenMod": {
				"dimSight": [
					{
						"mode": "setMax",
						"value": 300
					}
				]
			},
			"data": {
				"target.type": "creature",
				"range.value": 10,
				"range.units": "ft"
			}
		},
		{
			"name": "Summon Wildfire Spirit",
			"source": "TCE",
			"className": "Druid",
			"classSource": "PHB",
			"subclassShortName": "Wildfire",
			"subclassSource": "TCE",
			"level": 2,
			"data": {
				"target.type": "space",
				"range.value": 30,
				"range.units": "ft"
			}
		},
		{
			"name": "Guarded Mind",
			"source": "TCE",
			"className": "Fighter",
			"classSource": "PHB",
			"subclassShortName": "Psi Warrior",
			"subclassSource": "TCE",
			"level": 10,
			"entryData": {
				"resist": [
					"psychic"
				]
			}
		},
		{
			"name": "Bulwark of Force",
			"source": "TCE",
			"className": "Fighter",
			"classSource": "PHB",
			"subclassShortName": "Psi Warrior",
			"subclassSource": "TCE",
			"level": 15,
			"data": {
				"target.type": "creature",
				"range.value": 30,
				"range.units": "ft"
			}
		},
		{
			"name": "Runic Shield",
			"source": "TCE",
			"className": "Fighter",
			"classSource": "PHB",
			"subclassShortName": "Rune Knight",
			"subclassSource": "TCE",
			"level": 7,
			"data": {
				"target.value": 1,
				"target.type": "creature",
				"range.value": 60,
				"range.units": "ft"
			}
		},
		{
			"name": "Vigilant Rebuke",
			"source": "TCE",
			"className": "Paladin",
			"classSource": "PHB",
			"subclassShortName": "Watchers",
			"subclassSource": "TCE",
			"level": 15,
			"data": {
				"target.value": 1,
				"target.type": "creature",
				"range.value": 30,
				"range.units": "ft"
			}
		},
		{
			"name": "Beguiling Twist",
			"source": "TCE",
			"className": "Ranger",
			"classSource": "PHB",
			"subclassShortName": "Fey Wanderer",
			"subclassSource": "TCE",
			"level": 7,
			"data": {
				"target.value": 1,
				"target.type": "creature",
				"range.value": 120,
				"range.units": "ft"
			}
		},
		{
			"name": "Wails from the Grave",
			"source": "TCE",
			"className": "Rogue",
			"classSource": "PHB",
			"subclassShortName": "Phantom",
			"subclassSource": "TCE",
			"level": 3,
			"data": {
				"target.value": 1,
				"target.type": "creature",
				"range.value": 30,
				"range.units": "ft"
			}
		},
		{
			"name": "Telepathic Speech",
			"source": "TCE",
			"className": "Sorcerer",
			"classSource": "PHB",
			"subclassShortName": "Aberrant Mind",
			"subclassSource": "TCE",
			"level": 1,
			"data": {
				"target.value": 1,
				"target.type": "creature",
				"range.value": 30,
				"range.units": "ft"
			}
		},
		{
			"name": "Warping Implosion",
			"source": "TCE",
			"className": "Sorcerer",
			"classSource": "PHB",
			"subclassShortName": "Aberrant Mind",
			"subclassSource": "TCE",
			"level": 18,
			"data": {
				"target.value": 1,
				"target.type": "space",
				"range.value": 120,
				"range.units": "ft"
			}
		},
		{
			"name": "Restore Balance",
			"source": "TCE",
			"className": "Sorcerer",
			"classSource": "PHB",
			"subclassShortName": "Clockwork Soul",
			"subclassSource": "TCE",
			"level": 1,
			"data": {
				"target.value": 1,
				"target.type": "creature",
				"range.value": 60,
				"range.units": "ft"
			}
		},
		{
			"name": "Bastion of Law",
			"source": "TCE",
			"className": "Sorcerer",
			"classSource": "PHB",
			"subclassShortName": "Clockwork Soul",
			"subclassSource": "TCE",
			"level": 6,
			"data": {
				"target.value": 1,
				"target.type": "creature",
				"range.value": 30,
				"range.units": "ft"
			}
		},
		{
			"name": "Clockwork Cavalcade",
			"source": "TCE",
			"className": "Sorcerer",
			"classSource": "PHB",
			"subclassShortName": "Clockwork Soul",
			"subclassSource": "TCE",
			"level": 18,
			"data": {
				"target.value": 30,
				"target.units": "ft",
				"target.type": "cube"
			}
		},
		{
			"name": "Tentacle of the Deeps",
			"source": "TCE",
			"className": "Warlock",
			"classSource": "PHB",
			"subclassShortName": "Fathomless",
			"subclassSource": "TCE",
			"level": 1,
			"data": {
				"target.value": 1,
				"target.type": "space",
				"range.value": 60,
				"range.units": "ft"
			}
		},
		{
			"name": "Gift of the Sea",
			"source": "TCE",
			"className": "Warlock",
			"classSource": "PHB",
			"subclassShortName": "Fathomless",
			"subclassSource": "TCE",
			"level": 1,
			"effects": [
				{
					"name": "Gift of the Sea",
					"changes": [
						{
							"key": "data.attributes.movement.swim",
							"mode": "UPGRADE",
							"value": "40"
						}
					]
				}
			]
		},
		{
			"name": "Oceanic Soul",
			"source": "TCE",
			"className": "Warlock",
			"classSource": "PHB",
			"subclassShortName": "Fathomless",
			"subclassSource": "TCE",
			"level": 6,
			"entryData": {
				"resist": [
					"cold"
				]
			}
		},
		{
			"name": "Fathomless Plunge",
			"source": "TCE",
			"className": "Warlock",
			"classSource": "PHB",
			"subclassShortName": "Fathomless",
			"subclassSource": "TCE",
			"level": 14,
			"data": {
				"target.value": 30,
				"target.units": "ft",
				"target.type": "radius",
				"range.value": 1,
				"range.units": "mi"
			}
		},
		{
			"name": "Sanctuary Vessel",
			"source": "TCE",
			"className": "Warlock",
			"classSource": "PHB",
			"subclassShortName": "Genie",
			"subclassSource": "TCE",
			"level": 10,
			"data": {
				"target.value": 5,
				"target.type": "creature",
				"range.value": 30,
				"range.units": "ft"
			}
		},
		{
			"name": "Unleash Incarnation",
			"source": "EGW",
			"className": "Fighter",
			"classSource": "PHB",
			"subclassShortName": "Echo Knight",
			"subclassSource": "EGW",
			"level": 3,
			"data": {
				"activation.type": "special",
				"activation.condition": "Whenever you take the Attack action",
				"activation.cost": 1
			}
		},
		{
			"name": "Rune Carver",
			"source": "TCE",
			"className": "Fighter",
			"classSource": "PHB",
			"subclassShortName": "Rune Knight",
			"subclassSource": "TCE",
			"level": 3,
			"entries": [
				"{@i 3rd-level Rune Knight feature}",
				"You can use magic runes to enhance your gear. You learn two runes of your choice, from among the runes described below, and each time you gain a level in this class, you can replace one rune you know with a different one from this feature. When you reach certain levels in this class, you learn additional runes, as shown in the Runes Known table.",
				"Whenever you finish a long rest, you can touch a number of objects equal to the number of runes you know, and you inscribe a different rune onto each of the objects. To be eligible, an object must be a weapon, a suit of armor, a shield, a piece of jewelry, or something else you can wear or hold in a hand. Your rune remains on an object until you finish a long rest, and an object can bear only one of your runes at a time.",
				{
					"type": "table",
					"caption": "Runes Known",
					"colLabels": [
						"Fighter Level",
						"Number of Runes"
					],
					"colStyles": [
						"col-6 text-center",
						"col-6 text-center"
					],
					"rows": [
						[
							"3rd",
							"2"
						],
						[
							"7th",
							"3"
						],
						[
							"10th",
							"4"
						],
						[
							"15th",
							"5"
						]
					]
				},
				"If a rune has a level requirement, you must be at least that level in this class to learn the rune. If a rune requires a saving throw, your Rune Magic save DC equals 8 + your proficiency bonus + your Constitution modifier."
			]
		},
		{
			"name": "Additional Rune Known",
			"source": "TCE",
			"className": "Fighter",
			"classSource": "PHB",
			"subclassShortName": "Rune Knight",
			"subclassSource": "TCE",
			"level": 7,
			"entries": [
				{
					"type": "options",
					"count": 1,
					"entries": [
						{
							"type": "refOptionalfeature",
							"optionalfeature": "Cloud Rune|TCE"
						},
						{
							"type": "refOptionalfeature",
							"optionalfeature": "Fire Rune|TCE"
						},
						{
							"type": "refOptionalfeature",
							"optionalfeature": "Frost Rune|TCE"
						},
						{
							"type": "refOptionalfeature",
							"optionalfeature": "Stone Rune|TCE"
						},
						{
							"type": "refOptionalfeature",
							"optionalfeature": "Hill Rune|TCE"
						},
						{
							"type": "refOptionalfeature",
							"optionalfeature": "Storm Rune|TCE"
						}
					]
				}
			]
		},
		{
			"name": "Additional Rune Known",
			"source": "TCE",
			"className": "Fighter",
			"classSource": "PHB",
			"subclassShortName": "Rune Knight",
			"subclassSource": "TCE",
			"level": 10,
			"entries": [
				{
					"type": "options",
					"count": 1,
					"entries": [
						{
							"type": "refOptionalfeature",
							"optionalfeature": "Cloud Rune|TCE"
						},
						{
							"type": "refOptionalfeature",
							"optionalfeature": "Fire Rune|TCE"
						},
						{
							"type": "refOptionalfeature",
							"optionalfeature": "Frost Rune|TCE"
						},
						{
							"type": "refOptionalfeature",
							"optionalfeature": "Stone Rune|TCE"
						},
						{
							"type": "refOptionalfeature",
							"optionalfeature": "Hill Rune|TCE"
						},
						{
							"type": "refOptionalfeature",
							"optionalfeature": "Storm Rune|TCE"
						}
					]
				}
			]
		},
		{
			"name": "Additional Rune Known",
			"source": "TCE",
			"className": "Fighter",
			"classSource": "PHB",
			"subclassShortName": "Rune Knight",
			"subclassSource": "TCE",
			"level": 15,
			"entries": [
				{
					"type": "options",
					"count": 1,
					"entries": [
						{
							"type": "refOptionalfeature",
							"optionalfeature": "Cloud Rune|TCE"
						},
						{
							"type": "refOptionalfeature",
							"optionalfeature": "Fire Rune|TCE"
						},
						{
							"type": "refOptionalfeature",
							"optionalfeature": "Frost Rune|TCE"
						},
						{
							"type": "refOptionalfeature",
							"optionalfeature": "Stone Rune|TCE"
						},
						{
							"type": "refOptionalfeature",
							"optionalfeature": "Hill Rune|TCE"
						},
						{
							"type": "refOptionalfeature",
							"optionalfeature": "Storm Rune|TCE"
						}
					]
				}
			]
		},
		{
			"name": "Extra Elemental Discipline",
			"source": "PHB",
			"className": "Monk",
			"classSource": "PHB",
			"subclassShortName": "Four Elements",
			"subclassSource": "PHB",
			"level": 6,
			"isIgnored": true
		},
		{
			"name": "Extra Elemental Discipline",
			"source": "PHB",
			"className": "Monk",
			"classSource": "PHB",
			"subclassShortName": "Four Elements",
			"subclassSource": "PHB",
			"level": 11,
			"isIgnored": true
		},
		{
			"name": "Extra Elemental Discipline",
			"source": "PHB",
			"className": "Monk",
			"classSource": "PHB",
			"subclassShortName": "Four Elements",
			"subclassSource": "PHB",
			"level": 17,
			"isIgnored": true
		},
		{
			"name": "Blessings of Knowledge",
			"source": "PHB",
			"className": "Cleric",
			"classSource": "PHB",
			"subclassShortName": "Knowledge",
			"subclassSource": "PHB",
			"level": 1,
			"entryData": {
				"skillProficiencies": [
					{
						"choose": {
							"from": [
								"arcana",
								"history",
								"nature",
								"religion"
							],
							"count": 2
						}
					}
				],
				"languageProficiencies": [
					{
						"any": 2
					}
				]
			}
		},
		{
			"name": "Tiger",
			"source": "SCAG",
			"className": "Barbarian",
			"classSource": "SCAG",
			"subclassShortName": "Totem Warrior",
			"subclassSource": "PHB",
			"level": 6,
			"entryData": {
				"skillProficiencies": [
					{
						"choose": {
							"from": [
								"athletics",
								"acrobatics",
								"stealth",
								"survival"
							],
							"count": 2
						}
					}
				]
			}
		},
		{
			"name": "Acolyte of Nature",
			"source": "PHB",
			"className": "Cleric",
			"classSource": "PHB",
			"subclassShortName": "Nature",
			"subclassSource": "PHB",
			"level": 1,
			"entryData": {
				"skillProficiencies": [
					{
						"choose": {
							"from": [
								"animal handling",
								"nature",
								"survival"
							]
						}
					}
				]
			}
		},
		{
			"name": "Acolyte of Strength",
			"source": "PSA",
			"className": "Cleric",
			"classSource": "PHB",
			"subclassShortName": "Strength (PSA)",
			"subclassSource": "PSA",
			"level": 1,
			"entryData": {
				"skillProficiencies": [
					{
						"choose": {
							"from": [
								"animal handling",
								"athletics",
								"nature",
								"survival"
							]
						}
					}
				]
			}
		},
		{
			"name": "Arcane Initiate",
			"source": "SCAG",
			"className": "Cleric",
			"classSource": "PHB",
			"subclassShortName": "Arcana",
			"subclassSource": "SCAG",
			"level": 1,
			"entryData": {
				"skillProficiencies": [
					{
						"arcana": true
					}
				]
			}
		},
		{
			"name": "Bonus Proficiencies",
			"source": "TCE",
			"className": "Cleric",
			"classSource": "PHB",
			"subclassShortName": "Order",
			"subclassSource": "TCE",
			"level": 1,
			"entryData": {
				"skillProficiencies": [
					{
						"choose": {
							"from": [
								"intimidation",
								"persuasion"
							]
						}
					}
				],
				"armorProficiencies": [
					{
						"heavy": true
					}
				]
			}
		},
		{
			"name": "Implement of Peace",
			"source": "TCE",
			"className": "Cleric",
			"classSource": "PHB",
			"subclassShortName": "Peace",
			"subclassSource": "TCE",
			"level": 1,
			"entryData": {
				"skillProficiencies": [
					{
						"choose": {
							"from": [
								"insight",
								"performance",
								"persuasion"
							]
						}
					}
				]
			}
		},
		{
			"name": "Royal Envoy",
			"source": "SCAG",
			"className": "Fighter",
			"classSource": "PHB",
			"subclassShortName": "Purple Dragon Knight (Banneret)",
			"subclassSource": "SCAG",
			"level": 7,
			"entryData": {
				"skillProficiencies": [
					{
						"choose": {
							"from": [
								"animal handling",
								"insight",
								"intimidation",
								"performance",
								"persuasion"
							]
						}
					}
				],
				"expertise": [
					{
						"persuasion": true
					}
				]
			}
		},
		{
			"name": "Arcane Archer Lore",
			"source": "XGE",
			"className": "Fighter",
			"classSource": "PHB",
			"subclassShortName": "Arcane Archer",
			"subclassSource": "XGE",
			"level": 3,
			"entryData": {
				"skillProficiencies": [
					{
						"choose": {
							"from": [
								"arcana",
								"nature"
							]
						}
					}
				]
			}
		},
		{
			"name": "Bonus Proficiency",
			"source": "XGE",
			"className": "Fighter",
			"classSource": "PHB",
			"subclassShortName": "Cavalier",
			"subclassSource": "XGE",
			"level": 3,
			"entryData": {
				"skillProficiencies": [
					{
						"choose": {
							"from": [
								"animal handling",
								"history",
								"insight",
								"performance",
								"persuasion"
							]
						}
					}
				]
			}
		},
		{
			"name": "Bonus Proficiency",
			"source": "XGE",
			"className": "Fighter",
			"classSource": "PHB",
			"subclassShortName": "Samurai",
			"subclassSource": "XGE",
			"level": 3,
			"entryData": {
				"skillProficiencies": [
					{
						"choose": {
							"from": [
								"history",
								"insight",
								"performance",
								"persuasion"
							]
						}
					}
				]
			}
		},
		{
			"name": "Implements of Mercy",
			"source": "TCE",
			"className": "Monk",
			"classSource": "PHB",
			"subclassShortName": "Mercy",
			"subclassSource": "TCE",
			"level": 3,
			"entryData": {
				"skillProficiencies": [
					{
						"insight": true,
						"medicine": true
					}
				],
				"toolProficiencies": [
					{
						"herbalism kit": true
					}
				]
			}
		},
		{
			"name": "Bonus Proficiencies",
			"source": "XGE",
			"className": "Monk",
			"classSource": "PHB",
			"subclassShortName": "Drunken Master",
			"subclassSource": "XGE",
			"level": 3,
			"entryData": {
				"skillProficiencies": [
					{
						"performance": true
					}
				],
				"toolProficiencies": [
					{
						"brewer's supplies": true
					}
				]
			}
		},
		{
			"name": "Otherworldly Glamour",
			"source": "TCE",
			"className": "Ranger",
			"classSource": "PHB",
			"subclassShortName": "Fey Wanderer",
			"subclassSource": "TCE",
			"level": 3,
			"entryData": {
				"skillProficiencies": [
					{
						"choose": {
							"from": [
								"deception",
								"performance",
								"persuasion"
							]
						}
					}
				]
			}
		},
		{
			"name": "Survivalist",
			"source": "XGE",
			"className": "Rogue",
			"classSource": "PHB",
			"subclassShortName": "Scout",
			"subclassSource": "XGE",
			"level": 3,
			"entryData": {
				"expertise": [
					{
						"nature": true,
						"survival": true
					}
				]
			}
		},
		{
			"name": "Training in War and Song (Bladesinging)",
			"source": "TCE",
			"className": "Wizard",
			"classSource": "PHB",
			"subclassShortName": "Bladesinging",
			"subclassSource": "TCE",
			"level": 2,
			"entryData": {
				"skillProficiencies": [
					{
						"performance": true
					}
				],
				"armorProficiencies": [
					{
						"light": true
					}
				],
				"weaponProficiencies": [
					{
						"choose": {
							"fromFilter": "type=melee weapon|property=!two-handed|rarity=none"
						}
					}
				]
			}
		},
		{
			"name": "Bonus Proficiencies",
			"source": "TCE",
			"className": "Fighter",
			"classSource": "PHB",
			"subclassShortName": "Rune Knight",
			"subclassSource": "TCE",
			"level": 3,
			"entryData": {
				"toolProficiencies": [
					{
						"smith's tools": true
					}
				],
				"languageProficiencies": [
					{
						"giant": true
					}
				]
			}
		},
		{
			"name": "Dragon Ancestor",
			"source": "PHB",
			"className": "Sorcerer",
			"classSource": "PHB",
			"subclassShortName": "Draconic",
			"subclassSource": "PHB",
			"level": 1,
			"entryData": {
				"languageProficiencies": [
					{
						"draconic": true
					}
				]
			}
		},
		{
			"name": "Wind Speaker",
			"source": "XGE",
			"className": "Sorcerer",
			"classSource": "PHB",
			"subclassShortName": "Storm",
			"subclassSource": "XGE",
			"level": 1,
			"entryData": {
				"languageProficiencies": [
					{
						"primordial": true
					}
				]
			}
		},
		{
			"name": "Tool Proficiency",
			"source": "TCE",
			"className": "Artificer",
			"classSource": "TCE",
			"subclassShortName": "Alchemist",
			"subclassSource": "TCE",
			"level": 3,
			"entryData": {
				"toolProficiencies": [
					{
						"alchemist's supplies": true
					},
					{
						"anyArtisansTool": true
					}
				]
			}
		},
		{
			"name": "Tools of the Trade",
			"source": "TCE",
			"className": "Artificer",
			"classSource": "TCE",
			"subclassShortName": "Armorer",
			"subclassSource": "TCE",
			"level": 3,
			"entryData": {
				"armorProficiencies": [
					{
						"heavy": true
					}
				],
				"toolProficiencies": [
					{
						"smith's tools": true
					},
					{
						"anyArtisansTool": true
					}
				]
			}
		},
		{
			"name": "Tool Proficiency",
			"source": "TCE",
			"className": "Artificer",
			"classSource": "TCE",
			"subclassShortName": "Artillerist",
			"subclassSource": "TCE",
			"level": 3,
			"entryData": {
				"toolProficiencies": [
					{
						"woodcarver's tools": true
					},
					{
						"anyArtisansTool": true
					}
				]
			}
		},
		{
			"name": "Battle Ready",
			"source": "TCE",
			"className": "Artificer",
			"classSource": "TCE",
			"subclassShortName": "Battle Smith",
			"subclassSource": "TCE",
			"level": 3,
			"entryData": {
				"weaponProficiencies": [
					{
						"martial": true
					}
				]
			}
		},
		{
			"name": "Tool Proficiency",
			"source": "TCE",
			"className": "Artificer",
			"classSource": "TCE",
			"subclassShortName": "Battle Smith",
			"subclassSource": "TCE",
			"level": 3,
			"entryData": {
				"toolProficiencies": [
					{
						"smith's tools": true
					},
					{
						"anyArtisansTool": true
					}
				]
			}
		},
		{
			"name": "Bonus Proficiencies",
			"source": "PHB",
			"className": "Bard",
			"classSource": "PHB",
			"subclassShortName": "Lore",
			"subclassSource": "PHB",
			"level": 3,
			"entryData": {
				"skillProficiencies": [
					{
						"any": 3
					}
				]
			}
		},
		{
			"name": "Bonus Proficiencies",
			"source": "PHB",
			"className": "Bard",
			"classSource": "PHB",
			"subclassShortName": "Valor",
			"subclassSource": "PHB",
			"level": 3,
			"entryData": {
				"armorProficiencies": [
					{
						"medium": true,
						"shield|phb": true
					}
				],
				"weaponProficiencies": [
					{
						"martial": true
					}
				]
			}
		},
		{
			"name": "Bonus Proficiencies",
			"source": "XGE",
			"className": "Bard",
			"classSource": "PHB",
			"subclassShortName": "Swords",
			"subclassSource": "XGE",
			"level": 3,
			"entryData": {
				"armorProficiencies": [
					{
						"medium": true
					}
				],
				"weaponProficiencies": [
					{
						"scimitar|phb": true
					}
				]
			}
		},
		{
			"name": "Bonus Proficiency",
			"source": "PHB",
			"className": "Cleric",
			"classSource": "PHB",
			"subclassShortName": "Life",
			"subclassSource": "PHB",
			"level": 1,
			"entryData": {
				"armorProficiencies": [
					{
						"heavy": true
					}
				]
			}
		},
		{
			"name": "Bonus Proficiency",
			"source": "PHB",
			"className": "Cleric",
			"classSource": "PHB",
			"subclassShortName": "Nature",
			"subclassSource": "PHB",
			"level": 1,
			"entryData": {
				"armorProficiencies": [
					{
						"heavy": true
					}
				]
			}
		},
		{
			"name": "Bonus Proficiencies",
			"source": "PHB",
			"className": "Cleric",
			"classSource": "PHB",
			"subclassShortName": "Tempest",
			"subclassSource": "PHB",
			"level": 1,
			"entryData": {
				"armorProficiencies": [
					{
						"heavy": true
					}
				],
				"weaponProficiencies": [
					{
						"martial": true
					}
				]
			}
		},
		{
			"name": "Bonus Proficiencies",
			"source": "PHB",
			"className": "Cleric",
			"classSource": "PHB",
			"subclassShortName": "War",
			"subclassSource": "PHB",
			"level": 1,
			"entryData": {
				"armorProficiencies": [
					{
						"heavy": true
					}
				],
				"weaponProficiencies": [
					{
						"martial": true
					}
				]
			}
		},
		{
			"name": "Bonus Proficiencies",
			"source": "TCE",
			"className": "Cleric",
			"classSource": "PHB",
			"subclassShortName": "Twilight",
			"subclassSource": "TCE",
			"level": 1,
			"entryData": {
				"armorProficiencies": [
					{
						"heavy": true
					}
				],
				"weaponProficiencies": [
					{
						"martial": true
					}
				]
			}
		},
		{
			"name": "Bonus Proficiency",
			"source": "XGE",
			"className": "Cleric",
			"classSource": "PHB",
			"subclassShortName": "Forge",
			"subclassSource": "XGE",
			"level": 1,
			"entryData": {
				"armorProficiencies": [
					{
						"heavy": true
					}
				],
				"toolProficiencies": [
					{
						"smith's tools": true
					}
				]
			}
		},
		{
			"name": "Student of War",
			"source": "PHB",
			"className": "Fighter",
			"classSource": "PHB",
			"subclassShortName": "Battle Master",
			"subclassSource": "PHB",
			"level": 3,
			"entryData": {
				"toolProficiencies": [
					{
						"anyArtisansTool": true
					}
				]
			}
		},
		{
			"name": "Path of the Kensei",
			"source": "XGE",
			"className": "Monk",
			"classSource": "PHB",
			"subclassShortName": "Kensei",
			"subclassSource": "XGE",
			"level": 3,
			"entryData": {
				"toolProficiencies": [
					{
						"choose": {
							"from": [
								"calligrapher's supplies",
								"painter's supplies"
							]
						}
					}
				]
			}
		},
		{
			"name": "Bonus Proficiencies",
			"source": "PHB",
			"className": "Rogue",
			"classSource": "PHB",
			"subclassShortName": "Assassin",
			"subclassSource": "PHB",
			"level": 3,
			"entryData": {
				"toolProficiencies": [
					{
						"disguise kit": true,
						"poisoner's kit": true
					}
				]
			}
		},
		{
			"name": "Master of Intrigue",
			"source": "XGE",
			"className": "Rogue",
			"classSource": "PHB",
			"subclassShortName": "Mastermind",
			"subclassSource": "XGE",
			"level": 3,
			"entryData": {
				"toolProficiencies": [
					{
						"disguise kit": true,
						"forgery kit": true,
						"gaming set": true
					}
				],
				"languageProficiencies": [
					{
						"any": 2
					}
				]
			}
		},
		{
			"name": "Hex Warrior",
			"source": "XGE",
			"className": "Warlock",
			"classSource": "PHB",
			"subclassShortName": "Hexblade",
			"subclassSource": "XGE",
			"level": 1,
			"entryData": {
				"weaponProficiencies": [
					{
						"martial": true
					}
				],
				"armorProficiencies": [
					{
						"shield|phb": true,
						"medium": true
					}
				]
			}
		},
		{
			"name": "Iron Mind",
			"source": "XGE",
			"className": "Ranger",
			"classSource": "PHB",
			"subclassShortName": "Gloom Stalker",
			"subclassSource": "XGE",
			"level": 7,
			"entryData": {
				"savingThrowProficiencies": [
					{
						"wis": true
					},
					{
						"choose": {
							"from": [
								"int",
								"cha"
							]
						}
					}
				]
			}
		},
		{
			"name": "Elegant Courtier",
			"source": "XGE",
			"className": "Fighter",
			"classSource": "PHB",
			"subclassShortName": "Samurai",
			"subclassSource": "XGE",
			"level": 7,
			"entryData": {
				"savingThrowProficiencies": [
					{
						"wis": true
					},
					{
						"choose": {
							"from": [
								"int",
								"cha"
							]
						}
					}
				]
			}
		},
		{
			"name": "Tales from Beyond",
			"source": "VRGR",
			"className": "Bard",
			"classSource": "PHB",
			"subclassShortName": "Spirits",
			"subclassSource": "VRGR",
			"level": 3,
			"data": {
				"target.value": 1,
				"target.type": "creature",
				"range.value": 30,
				"range.units": "ft"
			}
		},
		{
			"name": "Necrotic Husk",
			"source": "VRGR",
			"className": "Warlock",
			"classSource": "PHB",
			"subclassShortName": "Undead",
			"subclassSource": "VRGR",
			"level": 10,
			"entryData": {
				"resist": [
					"necrotic"
				]
			},
			"data": {
				"target.value": 30,
				"target.units": "ft",
				"target.type": "radius"
			}
		},
		{
			"name": "Draconic Resilience",
			"source": "PHB",
			"className": "Sorcerer",
			"classSource": "PHB",
			"subclassShortName": "Draconic",
			"subclassSource": "PHB",
			"level": 1,
			"effects": [
				{
					"name": "Natural Armor",
					"changes": [
						{
							"key": "data.attributes.ac.calc",
							"mode": "OVERRIDE",
							"value": "draconic"
						}
					]
				},
				{
					"name": "HP Increase",
					"changes": [
						{
							"key": "data.attributes.hp.max",
							"mode": "ADD",
							"value": "@classes.sorcerer.levels"
						}
					]
				}
			]
		},
		{
			"name": "Dragon Wings",
			"source": "PHB",
			"className": "Sorcerer",
			"classSource": "PHB",
			"subclassShortName": "Draconic",
			"subclassSource": "PHB",
			"level": 14,
			"effects": [
				{
					"name": "Flying Speed",
					"changes": [
						{
							"key": "data.attributes.movement.fly",
							"mode": "UPGRADE",
							"value": "@attributes.movement.walk"
						}
					]
				}
			]
		},
		{
			"name": "Immortal Durability",
			"source": "UATheMysticClass",
			"className": "Mystic",
			"classSource": "UATheMysticClass",
			"subclassShortName": "Immortal",
			"subclassSource": "UATheMysticClass",
			"level": 1,
			"effects": [
				{
					"name": "HP Increase",
					"changes": [
						{
							"key": "data.attributes.hp.max",
							"mode": "ADD",
							"value": "@classes.mystic.levels"
						}
					]
				}
			]
		},
		{
			"name": "Eldritch Cannon",
			"source": "TCE",
			"className": "Artificer",
			"classSource": "TCE",
			"subclassShortName": "Artillerist",
			"subclassSource": "TCE",
			"level": 3,
			"data": {
				"damage.parts": [
					[
						"2d8",
						"fire"
					],
					[
						"2d8",
						"force"
					]
				],
				"formula": "1d8 + @abilities.int.mod"
			}
		},
		{
			"name": "Temporal Awareness",
			"source": "EGW",
			"className": "Wizard",
			"classSource": "PHB",
			"subclassShortName": "Chronurgy",
			"subclassSource": "EGW",
			"level": 2,
			"effects": [
				{
					"changes": [
						{
							"key": "data.attributes.init.value",
							"mode": "ADD",
							"value": "@abilities.int.mod"
						}
					]
				}
			]
		},
		{
			"name": "Arcane Ward",
			"source": "PHB",
			"className": "Wizard",
			"classSource": "PHB",
			"subclassShortName": "Abjuration",
			"subclassSource": "PHB",
			"level": 2,
			"data": {
				"activation.type": "special",
				"activation.cost": null,
				"uses.per": null,
				"uses.max": "2 * @classes.wizard.levels + floor((@abilities.int.value - 10) / 2)"
			}
		},
		{
			"name": "Draconic Disciple",
			"source": "FTD",
			"className": "Monk",
			"classSource": "PHB",
			"subclassShortName": "Ascendant Dragon",
			"subclassSource": "FTD",
			"level": 3,
			"entryData": {
				"languageProficiencies": [
					{
						"any": 1
					}
				]
			}
		},
		{
			"name": "Draconic Gift",
			"source": "FTD",
			"className": "Ranger",
			"classSource": "PHB",
			"subclassShortName": "Drakewarden",
			"subclassSource": "FTD",
			"level": 3,
			"entryData": {
				"languageProficiencies": [
					{
						"any": 1
					}
				]
			}
		},
		{
			"name": "Blessing of the All Father",
			"source": "UAGiantSoulSorcerer",
			"className": "Sorcerer",
			"classSource": "PHB",
			"subclassShortName": "Giant Soul (UA)",
			"subclassSource": "UAGiantSoulSorcerer",
			"level": 18,
			"effects": [
				{
					"changes": [
						{
							"key": "data.abilities.con.value",
							"mode": "ADD",
							"value": 2
						}
					]
				}
			]
		},
		{
			"name": "Psionic Power",
			"source": "TCE",
			"className": "Fighter",
			"classSource": "PHB",
			"subclassShortName": "Psi Warrior",
			"subclassSource": "TCE",
			"level": 3,
			"entryData": {
				"resources": [
					{
						"name": "Psionic Energy Dice",
						"type": "dicePool",
						"recharge": "restLong",
						"count": "2 * PB",
						"number": 1,
						"faces": "6 + ((ceil((<$level$> + 2) / 6) - 1) * 2)"
					}
				]
			}
		},
		{
			"name": "Psionic Power",
			"source": "TCE",
			"className": "Rogue",
			"classSource": "PHB",
			"subclassShortName": "Soulknife",
			"subclassSource": "TCE",
			"level": 3,
			"entryData": {
				"resources": [
					{
						"name": "Psionic Energy Dice",
						"type": "dicePool",
						"recharge": "restLong",
						"count": "2 * PB",
						"number": 1,
						"faces": "6 + ((ceil((<$level$> + 2) / 6) - 1) * 2)"
					}
				]
			}
		},
		{
			"name": "Arcane Shot",
			"source": "XGE",
			"className": "Fighter",
			"classSource": "PHB",
			"subclassShortName": "Arcane Archer",
			"subclassSource": "XGE",
			"level": 3,
			"data": {
				"uses.per": "sr",
				"uses.value": 2,
				"uses.max": 2
			}
		},
		{
			"name": "Arcane Shot Options",
			"source": "XGE",
			"className": "Fighter",
			"classSource": "PHB",
			"subclassShortName": "Arcane Archer",
			"subclassSource": "XGE",
			"level": 3,
			"entries": [
				"Arcane shots are all magical effects, and each one is associated with one of the schools of magic.",
				"If an option requires a saving throw, your Arcane Shot save DC is calculated as follows:",
				{
					"type": "abilityDc",
					"name": "Arcane Shot",
					"attributes": [
						"int"
					]
				}
			]
		},
		{
			"name": "Additional Arcane Shot Option",
			"source": "XGE",
			"className": "Fighter",
			"classSource": "PHB",
			"subclassShortName": "Arcane Archer",
			"subclassSource": "XGE",
			"level": 7,
			"isIgnored": true
		},
		{
			"name": "Additional Arcane Shot Option",
			"source": "XGE",
			"className": "Fighter",
			"classSource": "PHB",
			"subclassShortName": "Arcane Archer",
			"subclassSource": "XGE",
			"level": 10,
			"isIgnored": true
		},
		{
			"name": "Additional Arcane Shot Option",
			"source": "XGE",
			"className": "Fighter",
			"classSource": "PHB",
			"subclassShortName": "Arcane Archer",
			"subclassSource": "XGE",
			"level": 15,
			"isIgnored": true
		},
		{
			"name": "Additional Arcane Shot Option",
			"source": "XGE",
			"className": "Fighter",
			"classSource": "PHB",
			"subclassShortName": "Arcane Archer",
			"subclassSource": "XGE",
			"level": 18,
			"isIgnored": true
		},
		{
			"name": "Elemental Disciplines",
			"source": "PHB",
			"className": "Monk",
			"classSource": "PHB",
			"subclassShortName": "Four Elements",
			"subclassSource": "PHB",
			"level": 3,
			"isIgnored": true
		},
		{
			"name": "Armor Model",
			"source": "TCE",
			"className": "Artificer",
			"classSource": "TCE",
			"subclassShortName": "Armorer",
			"subclassSource": "TCE",
			"level": 3,
			"data": {
				"uses.value": null,
				"uses.max": null,
				"uses.per": null
			}
		},
		{
			"name": "Thunder Gauntlets",
			"source": "TCE",
			"className": "Artificer",
			"classSource": "TCE",
			"subclassShortName": "Armorer",
			"subclassSource": "TCE",
			"level": 3,
			"subEntities": {
				"item": [
					{
						"name": "Thunder Gauntlets",
						"source": "TCE",
						"page": 15,
						"srd": true,
						"type": "M",
						"rarity": "none",
						"weaponCategory": "simple",
						"dmg1": "1d8",
						"dmgType": "T",
						"entries": [
							"This weapon is part of the Guardian armor model. When you attack with that weapon, you can add your Intelligence modifier, instead of Strength or Dexterity, to the attack and damage rolls.",
							"A creature hit by the gauntlet has disadvantage on attack rolls against targets other than you until the start of your next turn, as the armor magically emits a distracting pulse when the creature attacks someone else."
						],
						"foundryData": {
							"ability": "int"
						}
					}
				]
			}
		},
		{
			"name": "Lightning Launcher",
			"source": "TCE",
			"className": "Artificer",
			"classSource": "TCE",
			"subclassShortName": "Armorer",
			"subclassSource": "TCE",
			"level": 3,
			"subEntities": {
				"item": [
					{
						"name": "Lightning Launcher",
						"source": "TCE",
						"page": 15,
						"srd": true,
						"type": "R",
						"rarity": "none",
						"weaponCategory": "simple",
						"dmg1": "1d6",
						"dmgType": "L",
						"range": "90/300",
						"entries": [
							"This weapon is part of the Infiltrator armor model. When you attack with that weapon, you can add your Intelligence modifier, instead of Strength or Dexterity, to the attack and damage rolls.",
							"Once on each of your turns when you hit a creature with the launcher, you can deal an extra {@damage 1d6} lightning damage to that target."
						],
						"foundryData": {
							"ability": "int"
						}
					}
				]
			}
		},
		{
			"name": "Powered Steps",
			"source": "TCE",
			"className": "Artificer",
			"classSource": "TCE",
			"subclassShortName": "Armorer",
			"subclassSource": "TCE",
			"level": 3,
			"effects": [
				{
					"name": "Powered Steps",
					"changes": [
						{
							"key": "data.attributes.movement.walk",
							"mode": "ADD",
							"value": 5
						}
					],
					"disabled": true
				}
			]
		},
		{
			"name": "Defensive Field",
			"source": "TCE",
			"className": "Artificer",
			"classSource": "TCE",
			"subclassShortName": "Armorer",
			"subclassSource": "TCE",
			"level": 3,
			"data": {
				"actionType": "heal",
				"damage.parts": [
					[
						"@classes.artificer.levels",
						"temphp"
					]
				]
			}
		},
		{
			"name": "Disciple of Life",
			"source": "PHB",
			"className": "Cleric",
			"classSource": "PHB",
			"subclassShortName": "Life",
			"subclassSource": "PHB",
			"level": 1,
			"effects": [
				{
					"name": "Bonus Healing",
					"changes": [
						{
							"key": "data.bonuses.heal.damage",
							"mode": "ADD",
							"value": "@item.level + 2"
						}
					]
				}
			]
		}
	]
}
