{
	"data": [
		{
			"type": "section",
			"name": "Introduction",
			"id": "000",
			"entries": [
				"The Sea of Fallen Stars connects the eastern and western sides of Faerûn. Many nations that border shorelines along its vast expanse also maintain major navies and trade fleets. A plethora of creatures and humanoid races typically found in the ocean depths live there, including sahuagin, sea elves, merfolk, and locathah.",
				"This is a story about what happens when a normally peaceful species is pushed to the point of open conflict. As elemental forces threaten the safety of the nearby locathah communities, heroes rise from among their number to strike back and defend their homes and families. {@i Locathah Rising} is a DUNGEONS & DRAGONS adventure designed for 9th-level characters. You can run this adventure for as few as three or as many as six players. Depending on your play style, this adventure may take several game sessions to complete, but by its conclusion the characters should advance to 10th level.",
				{
					"type": "section",
					"name": "Running the Adventure",
					"id": "001",
					"entries": [
						"To run this adventure, you need the D&D fifth edition core rulebooks: the {@book Player's Handbook|PHB}, {@book Dungeon Master's Guide|DMG}, and {@book Monster Manual|MM}. The {@book Sword Coast Adventurer's Guide|SCAG} is helpful but not necessary. The {@book Monster Manual|MM} contains stat blocks for most of the creatures found in this adventure. All the necessary stat blocks are included there or in appendix A. When a creature's name appears in {@b bold} type, that's a visual cue for you to look up the creature's stat block in the {@book Monster Manual|MM}, unless the adventure's text instead refers you to the monster appendix in this adventure.",
						"Spells and equipment mentioned in the adventure are described in the {@book Player's Handbook|PHB}. Magic items are described in the {@book Dungeon Master's Guide|DMG}.",
						{
							"type": "insetReadaloud",
							"id": "002",
							"entries": [
								"At various places, the adventure presents descriptive text that's meant to be read or paraphrased aloud to the players. This read-aloud text is offset in boxes like this one. Boxed text is most commonly used to describe locations or present bits of scripted dialogue."
							]
						}
					]
				},
				{
					"type": "section",
					"name": "Adjusting Encounters",
					"id": "003",
					"entries": [
						"This adventure contains advice for adjusting encounters based on the number of characters in the party. You are empowered to modify the number of enemies in an encounter and their hit point totals as you see fit. If you need to adjust the difficulty of an encounter during combat, you can alter hit point totals without the player characters ever knowing and have enemies retreat or reinforcements arrive as needed."
					]
				},
				{
					"type": "section",
					"name": "The Adventure Begins",
					"id": "004",
					"entries": [
						"The adventure begins as the characters, a stalwart band of locathah, seek answers to the disturbance of wind and wave so close to their homes.",
						"What they discover is a new risen node of elemental evil, pulsing with a power harvested by {@creature Gar Shatterkeel|LR}, an interloping surface-dweller who has become a prophet of Umberlee, the Queen of the Depths herself.",
						"It's up to these normally quiet fish-folk to seal a rift Gar opened to draw power directly from the Elemental Plane of Water and put an end to his machinations.",
						{
							"type": "entries",
							"name": "Adventure Background",
							"id": "005",
							"entries": [
								"A few years ago, four elemental prophets led their respective cults in a quasi-unified effort to rain unprecedented destruction down upon the Sword Coast.",
								"{@creature Gar Shatterkeel|LR} was one of these prophets. Dour and morose, Gar became the prophet of Olhydra, the elemental Princess of Evil Water, and the leader of the Crushing Wave cult. He was embittered by a life of suffering at the hands of others: pirates killed his family when he was young, he was forced into servitude aboard a merchant ship, and then another band of pirates left him to die on the open sea, where he lost his arm to a shark. Gar saw the elemental power of water as the only thing of value in his life and gathered others who felt similarly.",
								"Gar wielded the elemental weapon Drown, a magical trident of great power, and his missing arm was replaced by an artificial limb in the shape of a crab's claw. As the leader of Olhydra's cult, he could channel her innate magic, which inspired awe and fear in the other Crushing Wave cultists.",
								"Fortunately for the denizens of the Sword Coast, heroes discovered the collective plots of the elemental prophets and put an end to their machinations, defeating each of them in turn, and sending each prophet back to the evil elemental being they revered and served.",
								"On the Elemental Plane of Water, Gar raged in protest. Drown had been broken, and the Crushing Wave cult sundered. He faced Olhydra's displeasure, expecting to be destroyed by her wrath, and was astonished to awaken several years later, floating off the coast of Turmish in the Sea of Fallen Stars. He gripped a trident in one hand, though it was not Drown.",
								"Gar discovered that the ancient weapon had been gifted to him by the sea goddess Umberlee who, in conjunction with Olhydra, managed to reinstate the prophet with power even more formidable than he previously enjoyed. The seas and the storms that raged above now heeded his commands, and\u2014free of the original compact made with the other prophets\u2014Gar could seek success unburdened by any past commitments.",
								"Gazing upon the trident, Gar looked for signs of the power that he felt surging within and was shocked when the trident spoke to him, \"I am WAVE, and we are ONE!\"",
								"With Wave in his possession, {@creature Gar Shatterkeel|LR} discovered and unlocked a node of elemental power deep beneath the waves, directly under the shipping lanes of those who transport themselves and other valuables across the Sea of Fallen Stars. There he opened a rift, drew on its power, and created a place where ships would be destroyed and dragged beneath the waves.",
								"As ship after ship has been destroyed by wind and wave, they have come to rest in close proximity to where Gar has encouraged the preternatural growth of the coral and other such sea life to create his new lair. From his aquatic home, {@creature Gar Shatterkeel|LR} foments his plans to seek out and destroy all who dare to cross these waters without paying the proper tribute to Umberlee and Olhydra.",
								{
									"type": "image",
									"href": {
										"type": "internal",
										"path": "adventure/LR/000-caylz-lr-001-flip.png"
									},
									"width": 1000,
									"height": 960
								},
								"Unfortunately for Gar, his newfound power has drawn the attention of wizards of both Turmish and Thay. More fortunately for Gar, these two great nations are so embroiled in their own conflict with one another that neither has the resources to devote to exploring this newly charted area of danger. Instead, their ships choose to chart a course around the area, avoiding it altogether for the time being.",
								"Who might stand against the might of the elemental prophet? Perhaps new heroes will come to surface and seek out the source of these calamities. Coming from a quiet race of fish-folk, the locathah are indeed alarmed at the violent turn the waves have taken so near their home. Even now, champions rise from their ranks to seek answers and make the Sea of Fallen Stars safe once more for their people. This adventure includes the use of locathah as a playable character race, presented here for your enjoyment.",
								{
									"type": "inset",
									"name": "Olyhydra Vs. Umberlee",
									"id": "006",
									"entries": [
										"While it's clear that Olhydra is an evil entity, and Umberlee, while destructive, isn't always seen in an evil light, for the purpose of this adventure the character of the sea god Umberlee is biased toward her more evil aspect by the nature of her \"Chosen,\" {@creature Gar Shatterkeel|LR}.",
										"Gar is most definitely evil, and his plans target other creatures and NPCs as victims in this scenario, despite the fact that they're also evil. Because of this, the NPCs who come to understand the threat that Gar poses to them and their interests see the characters as an opportunity to strike back at their diabolical host, and will cooperate to the best of their ability."
									]
								}
							]
						}
					]
				}
			]
		},
		{
			"type": "section",
			"name": "The Darkening",
			"id": "007",
			"entries": [
				{
					"type": "image",
					"href": {
						"type": "internal",
						"path": "adventure/LR/001-9ogdg-lr-002.png"
					},
					"width": 1533,
					"height": 956
				},
				"At the beginning of the adventure, set the scene by reading following boxed text aloud:",
				{
					"type": "insetReadaloud",
					"id": "008",
					"entries": [
						"For the last few moon cycles, a war has waged among those who dwell above the waves. The lands called Turmish and Thay are at war. This conflict has become so violent and strange that it's even spread beneath the waves. Those from Thay summon foul undead beings to do their bidding, and even launched an assault on the sea elf city of Myth Nantar! Outrageous!",
						"During these conflicts, each of you have assisted the Turmish in driving these foul undead creatures away, and in this endeavor you have experienced both glorious successes and dismal failures.",
						"Recently, the waters in a nearby area have grown swift and angry, and the skies above show no blue or beautiful bright light. Many ships from the surface have sunk in this 'darkening' and the coral has quickly grown to envelope the remains, so quickly as to no doubt be unnatural.",
						"The elders are worried, as the source of this strangeness remains unknown. The Turmish and Thayans are too busy with their conflicts to notice, and so it is up to you brave heroes to travel into the darkening and discover what evil has come to reside so near your shoals."
					]
				},
				"Whether you're playing with the pregenerated characters or your players have created locathah heroes of their own (see \"{@adventure Appendix B: Locathah Characters|LR|3}\"), this is a great time for the players to introduce their characters and describe them to the group. Once they have completed their introductions, read or paraphrase the following boxed text:",
				{
					"type": "insetReadaloud",
					"id": "009",
					"entries": [
						"After swimming for half the day, you see the \"darkening\" up ahead. It's difficult to see anything clearly within its borders, though you can vaguely make out the outline of a mountain of sunken ships resting on the sea floor, grown over with coral. No other creatures can be seen within the darkness, and the silence here is broken only by the turbulence of the water around you."
					]
				},
				"A group consisting of two {@creature Sahuagin Blademaster|GoS|sahuagin blademasters}, two {@creature Sahuagin Deep Diver|GoS|sahuagin deep divers}, and a {@creature giant shark} are circling this area, giving the characters a wide berth. These creatures, which have darkvision, can see quite well into the \"darkening.\" While their baron has ordered them to investigate the area, they're willing to wait and see what happens if the characters attempt to go in first.",
				"If the characters manage to somehow spot the sahuagin party, who do their best to remain at least one hundred feet away from them, the sahuagin immediately attack. Otherwise, they follow and watch from a distance, allowing the characters to spring any potential traps or hazards.",
				"To this end, the sahuagin are most likely to attack the characters just after the party enters combat with the undead in {@area area 2|011|x}.",
				{
					"type": "inset",
					"name": "Exterior Features",
					"id": "00a",
					"entries": [
						"The presence of {@creature Gar Shatterkeel|LR} and the rift he opened (Umberlee's Maw) have created an area in the ocean that acts like a beacon for strong, irregular currents and bad weather. Underwater, the effect manifests as a general darkness in an oddly specific area, surrounding the coral mountain that encases the many sunken ships that recently met an untimely demise.",
						{
							"type": "entries",
							"name": "Current",
							"id": "00b",
							"entries": [
								"The current here is strong and constantly shifting. This effectively makes the area around the exterior of the coral mountain difficult terrain, even if you have a swim speed."
							]
						},
						{
							"type": "entries",
							"name": "Light",
							"id": "00c",
							"entries": [
								"There is almost no light here; the area is lightly obscured. Without some kind of light source or darkvision, all Wisdom ({@skill Perception}) checks that rely on sight are made at disadvantage, and the encounter distance is reduced to 10 feet (see \"{@book Unusual Environments|DMG|5|Unusual Environments}\" in chapter 5 of the {@book Dungeon Master's Guide|DMG}). Assuming the players have locathah characters, they'll need to use some kind of magic to see inside the area."
							]
						}
					]
				},
				{
					"type": "section",
					"name": "Umberlee's Maw",
					"id": "00d",
					"entries": [
						"The coral mountain, comprised of recently sunken ships covered by a crunchy coral shell, is referred to as Umberlee's Maw by {@creature Gar Shatterkeel|LR}. Normally this would include his followers as well, but at the moment they consist of a pair of sea lions that are drawn to the divine power he possesses and the undead remains of those who lost their lives when their ships sunk.",
						"The only way to enter Umberlee's Maw is through {@area area 1|00f|x}. The coral mountain is otherwise sealed against intrusion.",
						{
							"type": "inset",
							"name": "Underwater Combat",
							"id": "00e",
							"entries": [
								{
									"type": "list",
									"items": [
										"When making a melee weapon attack, a creature that doesn't have a swimming speed (either natural or granted by magic) has disadvantage on the attack roll unless the weapon is a dagger, javelin, shortsword, spear, or trident.",
										"A ranged weapon attack automatically misses a target beyond the weapon's normal range. Even against a target within normal range, the attack roll has disadvantage unless the weapon is a crossbow, a net, or a weapon that is thrown like a javelin (including a spear, trident, or dart).",
										"Creatures and objects that are fully immersed in water have resistance to fire damage."
									]
								}
							]
						},
						{
							"type": "gallery",
							"images": [
								{
									"type": "image",
									"href": {
										"type": "internal",
										"path": "adventure/LR/002-rkwsk-lr-004.jpg"
									},
									"title": "Map 1: Umberlee's Maw",
									"width": 1301,
									"height": 1734,
									"imageType": "map",
									"id": "05d"
								},
								{
									"type": "image",
									"href": {
										"type": "internal",
										"path": "adventure/LR/003-hbo0x-lr-004-player.jpg"
									},
									"title": "(Player Version)",
									"width": 1301,
									"height": 1734,
									"imageType": "mapPlayer",
									"mapParent": {
										"id": "05d"
									}
								}
							]
						},
						{
							"type": "entries",
							"name": "1. Caravel Emergent",
							"id": "00f",
							"entries": [
								"This ship was the last one to sink before Gar caused the coral to grow up around the entire mass. As such, the forecastle protrudes from the coral, creating a passage in and out of Umberlee's Maw.",
								{
									"type": "insetReadaloud",
									"id": "010",
									"entries": [
										"The top deck of this protruding ship is completely exposed to the ravages of the open sea, though it tilts at a precarious forty-five degrees, with the aft end sunk deep into the surrounding coral. The masts have been completely torn off the ship."
									]
								},
								"There are three different ways to descend into the coral structure from this point. There is a gaping hole in the hull of the caravel at the fore that leads directly into the lower deck, and from there into Umberlee's Maw.",
								"The characters can pass through the doors that would normally lead to the captain's cabin aft, to discover that the floor has collapsed there leaving a crude set of stairs as well as a gaping hole to swim through, also to the lower deck.",
								"Lastly, the characters can attempt to smash their way through the metal grate affixed to the floor of the upper deck (AC 19, 27 hit points, and immunity to poison and psychic damage) that also leads directly to the lower deck. It hasn't been here long, so it has only just begun to corrode.",
								"There are four padlocks keeping the grate bolted down. Each grate can be opened with a successful DC 15 Dexterity check using {@item thieves' tools|PHB}. Three of the four must be unlocked in order to open the grate wide enough for the characters to pass through.",
								"Lastly, a character with a crowbar can attempt to pry the grate open with a successful DC 20 Strength ({@skill Athletics}) check. If multiple characters have crowbars, and want to work together, then one of them can make a single check at advantage, representing their combined efforts."
							]
						},
						{
							"type": "entries",
							"name": "2. What Is Dead May Never Die",
							"id": "011",
							"entries": [
								"As the characters descend into the lower decks of this ship, read or paraphrase the following boxed text:",
								{
									"type": "insetReadaloud",
									"id": "012",
									"entries": [
										"As you proceed belowdecks, it becomes much easier to swim as the hull protects you from the the strong currents outside. Many boxes and barrels are present here, somewhat waterlogged but largely intact."
									]
								},
								"This ship served as a tender vessel, bringing supplies to repair other warships as well as food, ale, medical supplies, and ammunition.",
								{
									"type": "image",
									"href": {
										"type": "internal",
										"path": "adventure/LR/004-hzcsk-lr-003.png"
									},
									"width": 760,
									"height": 1000
								},
								"The fresh foodstuffs, including fruits, vegetables, breads, and hardtack, have been destroyed by sea water. Heavily salted meats that have been cured are salvageable, as is the ale, whose barrels are coated in a thick layer of tar to keep water out. Additionally, there are twenty {@item Healer's Kit|PHB|healer's kits}, closed in small iron boxes sealed with wax, 200 ballista bolts, 1000 yards of sailcloth, 500 feet of uncut silk rope, and four kegs of resin.",
								"Two {@creature Drowned Blade|GoS|drowned blades} and two {@creature Drowned Ascetic|GoS|drowned ascetics} wait for intruders toward the ship's aft end on the lower deck of the caravel. As soon as any of the characters makes their way below deck, the undead attempt to ambush the party.",
								"If the characters haven't encountered the sahuagin lurking outside the coral mountain, these creatures take this opportunity, joining the battle at the end of the the second round in the hopes of overwhelming the party. The giant shark is too big to get into the lower decks, and so may be excluded from this combat if the entire party is below.",
								{
									"type": "inset",
									"name": "Interior Features",
									"id": "013",
									"entries": [
										"This area has the following features.",
										{
											"type": "entries",
											"name": "Current",
											"id": "014",
											"entries": [
												"The water here is still, though it slowly filters through the coral that encompasses this area."
											]
										},
										{
											"type": "entries",
											"name": "Light",
											"id": "015",
											"entries": [
												"There is no light here; the area that is heavily obscured. Characters without some kind of magical light or darkvision are considered blind. The encounter distance is reduced to 10 feet in these instances (see \"{@book Unusual Environments|DMG|5|Unusual Environments}\" in chapter 5 of the {@book Dungeon Master's Guide|DMG}). For characters with a magical light source or darkvision, the water is considered to be clear."
											]
										},
										{
											"type": "entries",
											"name": "Sea Floor",
											"id": "016",
											"entries": [
												"The sea floor here is compacted sand with some small stone outcroppings, though none big enough to stand on."
											]
										},
										{
											"type": "entries",
											"name": "Ceiling Height",
											"id": "017",
											"entries": [
												"The ceiling of the coral mountain is approximately 50 feet above the sandy ocean floor.",
												"Inside the ships that are part of the coral mountain, the ceilings are 8 feet high."
											]
										}
									]
								}
							]
						},
						{
							"type": "entries",
							"name": "3. The Boneyard",
							"id": "018",
							"entries": [
								"As the characters emerge into this area, read or paraphrase the following boxed text:",
								{
									"type": "insetReadaloud",
									"id": "019",
									"entries": [
										"This area extends well beyond where you can see, stretching into the darkness. Thousands of humanoid corpses (humans, elves, dwarves, halflings, gnomes, and the odd half-orc) are neatly arranged in lines along the sea floor beneath the ceiling of the coral mountain, in some kind of macabre underwater morgue. Most of them are dressed in uniforms common among surface-dwellers traveling at sea."
									]
								},
								"For the most part, the corpses are unmarred. Some bear the odd bump, bruise, or scrape, but it's obvious that wasn't the source of their demise. A successful DC 12 Wisdom ({@skill Medicine}) check allows a character to recognize that these sailors died by drowning.",
								{
									"type": "entries",
									"name": "Development",
									"id": "01a",
									"entries": [
										"When he arrived, {@creature Gar Shatterkeel|LR} arranged the corpses into orderly lines, so that he might prepare them for transition into one of the living dead. He completed a ritual using a small amount of blood he had obtained from a kraken, animating a handful of these creatures.",
										"Since then, he's managed to dupe a pair of kraken priests into bringing a young kraken into the coral mountain, where they might \"nurture it into maturity in relative seclusion.\" Gar's intent, of course, is to use the blood from the young creature in a much larger ritual, to animate what will certainly be a terrifying army of undead to assault the coastline of the Sea of Fallen Stars.",
										{
											"type": "entries",
											"name": "Treasure",
											"id": "01b",
											"entries": [
												"If all of the corpses are thoroughly searched, they have a combined stash of 250 gp and 500 sp. Additionally, there are {@dice 1d10} pearls (worth 25 gp each) that adorn various earrings, necklaces, and the odd bellybutton piercing."
											]
										}
									]
								}
							]
						},
						{
							"type": "entries",
							"name": "4. Tortle in Torpor",
							"id": "01c",
							"entries": [
								"As the characters approach this ship, read or paraphrase the following boxed text:",
								{
									"type": "insetReadaloud",
									"id": "01d",
									"entries": [
										"The coral creates a passageway here that leads directly to another sunken ship which is nearly enveloped by the surrounding coral. About five feet from the sandy ocean floor there's a sizeable hole, about fifteen feet in diameter, in its hull. A faint green light emanates from somewhere inside the lower decks of the ship."
									]
								},
								"The area inside the green glow is teeming with life. As the characters approach the opening, read or paraphrase the following boxed text:",
								{
									"type": "insetReadaloud",
									"id": "01e",
									"entries": [
										"Within the lighted area, there is life in abundance. Starfish of all shades grow on the coral, in the opening, and inside the hull of the ship. Tiny fish that flash silver and green swim in schools, and algae, seaweed and other underwater plants grow in abundance, all lit by the soft green glow."
									]
								},
								"If any character peers directly into the hole, read or paraphrase the following boxed text:",
								{
									"type": "insetReadaloud",
									"id": "01f",
									"entries": [
										"The source of the green light quickly becomes apparent. About ten feet from the aft of the lower deck, a large turtle, its head and limbs pulled in, floats in the middle of the rear cabin. The green light emanates directly from the creature's shell."
									]
								},
								"This is {@creature Amble|LR}, a tortle druid who sought passage on this ship, and was on board when it sank. {@creature Amble|LR} was traveling to Turmish on the Sea of Fallen Stars, as they had heard of the war with Thay. Detesting undead and necromancy, {@creature Amble|LR} wants to help fight the Thayans in any way they can.",
								"Due to their extremely strong connection with the Feywild, {@creature Amble|LR} was able to enter a protected state of suspended animation as the ship sunk, protecting them from drowning.",
								"The undead will not willingly approach this ship, repelled by the power emanating from {@creature Amble|LR}, and Gar has yet to explore this passage inside the coral mountain.",
								"At the moment, {@creature Amble|LR} is waiting for someone to wake them up. Any good-aligned character who touches the tortle will wake them. When this occurs, {@creature Amble|LR} is momentarily confused, and then gathering their wits, casts {@spell water breathing} on themself.",
								"Assuming the characters don't act with hostility, {@creature Amble|LR} is very interested in hearing what the characters are doing. {@creature Amble|LR} can be a powerful ally for the party, though the tortle's vow to never harm humanoids is not negotiable. {@creature Amble|LR} doesn't necessarily expect others to follow this rule, but will encourage them to do so nonetheless.",
								{
									"type": "inset",
									"name": "Roleplaying Amble",
									"id": "020",
									"entries": [
										"{@creature Amble|LR} speaks with a slow, deep resonance, and their head slowly gyrates when they get excited or want to make a point. The tortle has a gentle demeanor and loves to experience unfamiliar cultures that are peaceful. As a druid, {@creature Amble|LR} reveres both Selune and Eldath, and has a marked fondness for the Seldarine as well. It is important to note that as a tortle, {@creature Amble|LR} doesn't self-identify as either male or female. They are a member of the Circle of Dreams and has laid several clutches of eggs while traveling the Feywild.",
										{
											"type": "entries",
											"name": "Amble's Rule",
											"id": "021",
											"entries": [
												"The tortle will never attack a beast or humanoid with the intent to damage them. If such a creature is hostile, {@creature Amble|LR} will use magic to restrain them, and has a plethora of spells with which to accomplish this. {@creature Amble|LR} has no such restrictions with regard to hostile creatures of other types (undead, fiends, constructs, monstrosities, aberrations, etc.), and will fight to destroy them."
											]
										}
									]
								}
							]
						},
						{
							"type": "entries",
							"name": "5. Ravenous Rabble",
							"id": "022",
							"entries": [
								"When the characters can see this area, read or paraphrase the following boxed text:",
								{
									"type": "insetReadaloud",
									"id": "023",
									"entries": [
										"The coral here glows with a light of its own. Red, orange, yellow, green, blue, indigo, and violet are all present in great swathes across the walls and ceiling here.",
										"The chamber spans fifty feet across from the southwest (where you are) to the northeast, where you can see the wreckage of a massive ship that split in two when it was pulled beneath the waves.",
										"The chamber is twice as long in the opposite direction, and the walls of both sides are split by holes that lead into adjoining chambers in the northwest and southeast."
									]
								},
								"Nestled into the cracks of the coral throughout this chamber are four {@creature Sahuagin Hatchling Swarm|GoS|sahuagin hatchling swarms}. Characters with a passive Wisdom ({@skill Perception}) of 15 or higher spot tiny movements hidden deep within the walls.",
								"Likewise, characters who succeed on an active DC 15 Wisdom ({@skill Perception}) check as they enter the chamber will also spot the movements. Let the players make this check if they wish, but don't prompt them to do so.",
								"Otherwise, the characters are surprised as the sahuagin hatchling swarms attack when they enter the chamber."
							]
						},
						{
							"type": "entries",
							"name": "6. Awaiting the Master's Orders",
							"id": "024",
							"entries": [
								"If any of the characters peer through the hole in the hull of this ship, read or paraphrase the following boxed text:",
								{
									"type": "insetReadaloud",
									"id": "025",
									"entries": [
										"The inside of this cabin is fitted with hammock-style bunks affixed to the interior hull of the ship. Each hammock is a web of ropes and knot-work, lined with canvas. Nearby, there are several footlockers that have been broken open, their contents strewn about the floor of the cabin."
									]
								},
								"This area is occupied by three {@creature Drowned Ascetic|GoS|drowned ascetics}. As they don't have anything to do until they receive orders from the drowned master, or directly from {@creature Gar Shatterkeel|LR}, they all lay inert in a bunk, covered with a pile of blankets\u2014a force of habit from before they were undead.",
								"It may not immediately be obvious that these creatures are in the cabin. Any character with a passive Wisdom ({@skill Perception}) of 15 or higher, or a character who succeeds on a DC 15 Wisdom ({@skill Perception}) check prior to entering will notice them. Otherwise, the characters may not recognize the threat until they've disturbed the creatures by making noise or by pulling back the blankets under which they lay.",
								"Characters who are aware of the undead, or that want to remain undetected in general, must succeed on a DC 13 Dexterity ({@skill Stealth}) check upon entering the cabin, to avoid \"waking\" the drowned ascetics. If the creatures are alerted, they attack immediately. Otherwise, the characters can proceed through this area without conflict, assuming they don't search the bunks or move the blankets.",
								"The creatures were sailors when they were alive, so they are dressed in the uniforms commonly worn by sailors in the Turmish navy. Since they died suddenly from drowning, their clothing is only slightly worn from exposure to the briny depths.",
								"Any conflict in this area will also attract the attention of the drowned undead in area 7, who join the fight at the end of the second round."
							]
						},
						{
							"type": "entries",
							"name": "7. The Master",
							"id": "026",
							"entries": [
								"Unless the characters punch a hole in the hull of this ship (possible, but unlikely), the only way into this area is through the door in area 6. When the characters can see this area, read or paraphrase the following boxed text:",
								{
									"type": "insetReadaloud",
									"id": "027",
									"entries": [
										"The interior of this ship's hold has been converted into a war room. Water-resistant nautical maps, crafted with the treated hide of some aquatic creature, and detailing sections of the coastline in the Sea of Fallen Stars, have been pinned on one wall. Two creatures float upright, peering intently at the maps. While both are roughly humanoid, one of these creatures is completely encrusted in barnacles. The other creature's legs have split into shadowy tentacles, and it emanates a menacing inky aura."
									]
								},
								"The creatures, respectively, are one {@creature drowned assassin|GoS} and one {@creature drowned master|GoS}. Communicating with one another wordlessly through the link created by the drowned master, they are planning their departure from Umberlee's Maw, once enough drowned have been created to pose a serious threat to settlements along the coastline. Until then, they await the command of their master, {@creature Gar Shatterkeel|LR}. The drowned master holds a short, slender metal wand in one hand and uses it to make marks on the maps on the wall.",
								"Entering this area immediately draws the attention of both creatures, who attack immediately. If the characters managed to pass through area 6 without alerting the drowned ascetics therein, any conflict in this area will \"wake\" them. They join combat after two rounds have passed.",
								{
									"type": "entries",
									"name": "Development",
									"id": "028",
									"entries": [
										"Any character who takes a minute or more to study the maps on the wall, and who makes a successful DC 13 Intelligence ({@skill Investigation}) check, determines that they show detailed plans for a massive assault on key locations along the Turmish coastline. A character who exceeds the DC by 5 or more can tell from the strange markings and notes along the edges of the maps that someone intends to use the blood of a kraken to animate the legion of corpses inside the coral mountain."
									]
								}
							]
						},
						{
							"type": "entries",
							"name": "8. Kraken Kibble",
							"id": "029",
							"entries": [
								"This half of the broken vessel is more accessible, so the characters can easily peer into this section as they approach. As the characters get close enough to see into this area, read or paraphrase the following boxed text:",
								{
									"type": "insetReadaloud",
									"id": "02a",
									"entries": [
										"This half of the broken ship is wide open. Lines with large hooks hang from the top of the inside, stretched from floor to ceiling and secured at either end. Large dead fish are impaled on many of these hooks."
									]
								},
								"At this end of the broken ship, the kraken priests that dwell nearby have stored food and supplies for themselves, as well as the young kraken that is their charge. They dutifully maintain the stores here while they work to carve a passage through the coral, which is turning out to be more difficult than originally thought. The intent is to have ready access to and from these chambers for the young kraken so it can exit and enter at will something it hasn't been able to do, as the creature has grown much larger than the opening currently available.",
								"Unbeknownst to the kraken priests, part of Gar's plan is to keep them enclosed until he can perform his grand ritual and sacrifice the kraken to animate his undead army.",
								{
									"type": "entries",
									"id": "02b",
									"entries": [
										{
											"type": "entries",
											"name": "Trap",
											"id": "02c",
											"entries": [
												"There are two ballistae traps hidden behind the fish in the back of this chamber. Thin tripwires have been strung up throughout the area, with the intent of protecting the stores from the nearby undead creatures that are sometimes attracted to any freshly caught fish. When entering the area, any character with a passive Wisdom ({@skill Perception}) of at least 15, or a character that makes a successful DC 15 Intelligence ({@skill Investigation}) check, notices the tripwires, and can avoid them. Failure means the trap is sprung.",
												"The tripwires spring the trap, but the kraken priests in the chamber nearby also have hidden triggers that allow them to fire both ballistae once from their side.",
												{
													"type": "inset",
													"name": "Ballistae Trap",
													"id": "02d",
													"entries": [
														"{@i Simple trap (level 5\u201310, dangerous threat})",
														{
															"type": "entries",
															"name": "Trigger",
															"id": "02e",
															"entries": [
																"A creature that walks or swims through the tripwires triggers the trap."
															]
														},
														{
															"type": "entries",
															"name": "Effect",
															"id": "02f",
															"entries": [
																"The trap makes two attacks, one against the triggering creature, and one against another creature within ten feet of the triggering creature."
															]
														},
														{
															"type": "entries",
															"name": "Ballistae Trap",
															"id": "030",
															"entries": [
																"Ranged Weapon Attack: +8 to hit, range 120/480 ft., one or two targets. Hit: 16 ({@dice 3d10}) piercing damage plus 9 ({@dice 2d8}) poison damage, and the target must succeed on a DC 12 Constitution saving throw or contract {@disease bluerot|GoS} (see the \"{@condition Bluerot|GoS}\" sidebar). This attack can't gain advantage or disadvantage."
															]
														}
													]
												}
											]
										}
									]
								}
							]
						},
						{
							"type": "entries",
							"name": "9. Quarters of the Kraken Priests",
							"id": "031",
							"entries": [
								"{@creature Fhenimore|LR} and {@creature Whymsee|LR} are two {@creature Kraken Priest|VGM|kraken priests} working really hard to raise a {@creature young kraken|LR}.",
								"Previously Thayan slaves, these two tough-as-nails women fled Thay after discovering they were both intended for execution and summary transformation into undead warriors in the dreaded Thayan army. On their way out of Thay, they were forced to take refuge on a broken-down skiff that drifted far out into the Sea of Fallen Stars. Both {@creature Fhenimore|LR} and {@creature Whymsee|LR} preferred death to becoming the immortal undead servitors of their wicked masters.",
								{
									"type": "image",
									"href": {
										"type": "internal",
										"path": "adventure/LR/005-pmamp-lr-005.png"
									},
									"width": 785,
									"height": 1000
								},
								"In their last weary moments, an aged kraken rose to the surface nearby, and spoke to them telepathically. The creature was actually on its final swim: a group of powerful adventurers sought it out for its treasure, and though they failed to slay the kraken, it was so badly wounded in the fight that the rest of the sea life around it began to strike at it, taking advantage of its greatly weakened state.",
								"Just before passing away, though, it transformed {@creature Fhenimore|LR} and {@creature Whymsee|LR} into kraken priests so they could protect its only offspring. Thankful for another chance at some kind of life, the two have embarked on this mission with great enthusiasm and have spent the last ten years looking for a place where they might protect the young titan from the world, so that it might grow in power.",
								"{@creature Fhenimore|LR} is a tall, lanky human woman with a toowide mouth filled with rows and rows of sharp teeth, like a shark. To accommodate her life underwater, {@creature Fhenimore|LR}'s hands and feet are both webbed and, like a shark, she has an angular dorsal fin that protrudes from the middle of her back.",
								"{@creature Whymsee|LR} is a shorter woman with broad shoulders. Her legs have been replaced with tentacles, and her upper torso is covered in some kind of tough, conical shell. When startled, she can tuck in her head and pull her tentacles up into the shell protectively, like a strange hermit crab.",
								"When the characters peer into these chambers, read or paraphrase the following boxed text:",
								{
									"type": "insetReadaloud",
									"id": "032",
									"entries": [
										"Past a dense curtain of sea shells that have been strung up to act as a kind of doorway, the area has been modified to provide comfortable accommodations.",
										"Two hammocks are strung across the back of the chamber to serve as underwater beds, and a variety of hooks have been driven into the walls with netting attached to serve as shelving."
									]
								},
								"Caught up in the netting of the \"shelves,\" there are all manner of odds and ends that might have been salvaged from the nearby sunken ships. Feel free to roll on the {@book trinket table|PHB|5|Trinkets} in the {@book Player's Handbook|PHB} to populate these chamber with two to three dozen oddities, or make them up to suit your own campaign.",
								"Unless the characters found a way to silently dispatch the sahuagin hatchling swarms, {@creature Fhenimore|LR} and {@creature Whymsee|LR} are aware of the party's presence and have prepared to surprise them. While the characters are in combat, they retreat from this chamber into area 10 and take refuge behind a coral outcropping."
							]
						},
						{
							"type": "entries",
							"name": "10. The Kraken",
							"id": "033",
							"entries": [
								"As the characters approach this area, read or paraphrase the following boxed text:",
								{
									"type": "insetReadaloud",
									"id": "034",
									"entries": [
										"The coral in this area is equally as beautiful as what you've seen elsewhere. The space opens up, rising about a hundred feet up to the coral ceiling above. Bits and pieces of coral lay scattered about the floor of this chamber, apparently broken off from the surrounding walls and ceiling."
									]
								},
								"Assuming {@creature Fhenimore|LR} and {@creature Whymsee|LR} were alerted to the characters' presence, they're in this chamber when the party approaches. When the characters move into the space between {@area areas 8|029|x} and {@area 9|031|x}, {@creature Fhenimore|LR} speaks aloud to them, asking them to halt and turn around. She is strangely audible underwater.",
								"Unless convinced otherwise, {@creature Fhenimore|LR} and {@creature Whymsee|LR} do their absolute best to keep from showing themselves, and remain protective of the area. If the characters want to proceed into area 10 without angering the kraken priests, they must succeed on DC 15 Charisma ({@skill Persuasion}) check and promise not to harm {@creature Fhenimore|LR} and {@creature Whymsee|LR}, or any other creature in their care.",
								{
									"type": "inset",
									"name": "Roleplaying Fhenimore & Whymsee",
									"id": "035",
									"entries": [
										"If the characters stop and talk, {@creature Fhenimore|LR} and {@creature Whymsee|LR} will be evasive at first, only telling the characters who they've just recently made their home here. When they noticed the mountain of coral, it seemed like a great opportunity. If pressed, they'll warn the characters about the more powerful undead further into the mountain, and let them know that the master of the mountain also resides that way. They'll tell the characters his name is {@creature Gar Shatterkeel|LR}, and that he's a very powerful ocean dweller with a magical trident. That's pretty much all they know. That, and he was oddly welcoming, but they didn't want to question their luck."
									]
								},
								{
									"type": "image",
									"href": {
										"type": "internal",
										"path": "adventure/LR/006-4te04-lr-006.png"
									},
									"width": 914,
									"height": 1000
								},
								"Otherwise, as the characters pass between (or into) {@area areas 8|029|x} and {@area 9|031|x}, one of the kraken priests triggers the ballistae trap, firing both siege weapons simultaneously, while the other casts {@spell Evard's black tentacles}, effectively blocking off the entrance to area 10. On the following round, the other kraken priest will also cast {@spell Evard's black tentacles}, and the two of them will proceed to do whatever they can (such as casting command) to keep the characters caught up in those spell areas.",
								"Once the characters emerge from those areas, or manage to remove the spells altogether, the kraken priests cast {@spell lightning bolt} and then move to use their thunderous touch attack, as they have no choice but to engage in melee combat.",
								"When both kraken priests have been reduced to half their hit points, they call for the {@creature young kraken|LR} to attack the characters. Likewise, if one or more of the kraken priests falls in combat, the creature emerges from its enclosure in the rear of the chamber to assault the party.",
								{
									"type": "entries",
									"id": "036",
									"entries": [
										{
											"type": "entries",
											"name": "Treasure",
											"id": "037",
											"entries": [
												"The remnants of the parent kraken's possessions are piled up near the back corner of this chamber. The treasure fills and spills out of a pair of large chests that lay open so the young kraken could take stock at its whim.",
												"The combined coins include 50 pp, 1,000 gp, 1,200 sp, and 1,800 cp. There are also ten large pearls (worth 50 gp each), and a pair of platinum chalices with intricately carved images of small fish swimming through a seaweed forest (worth 500 gp for the set).",
												"Lastly, there is a {@item periapt of wound closure} and a {@item gem of seeing} amidst the rest of the hoard."
											]
										}
									]
								}
							]
						},
						{
							"type": "entries",
							"name": "11. Olhydra's Canal",
							"id": "038",
							"entries": [
								"When the characters look into the wreckage of this small ship, read or paraphrase the following boxed text:",
								{
									"type": "insetReadaloud",
									"id": "039",
									"entries": [
										"You see gently sloping sand, leading up the length of this sunken vessel to a larger breach in the front of its hull. Beyond, another sandy passage lined with barnacled walls continues to slope up and out of sight."
									]
								},
								"Unlike other sunken ships embedded in the coral nearby, this one has been cleared completely of debris, forming a seemingly easy path forward. Unfortunately, it's a trap. While there are no outward signs for characters to notice that might give this fact away, a detect magic spell will reveal that this area has a strong aura of both abjuration and evocation magic.",
								{
									"type": "entries",
									"id": "03a",
									"entries": [
										{
											"type": "entries",
											"name": "Trap",
											"id": "03b",
											"entries": [
												"When a character crosses the threshold of the bulkhead between the back and the front of the ship, the trap is triggered. When that occurs, refer to the \"Olhydra's Gambit\" sidebar. {@spell Dispel magic}, successfully cast against a 6th level spell, suppresses this trap for 1 minute.",
												{
													"type": "inset",
													"name": "Olhydra's Gambit",
													"id": "03c",
													"entries": [
														"Tendrils of water surge from the hull of the ship, attempting to seize intruders. Any creature inside the ship must succeed on a DC 15 Strength saving throw or become {@condition grappled} and pulled to the closest wall inside the vessel, where they are {@condition restrained}.",
														{
															"type": "list",
															"items": [
																"Restrained characters can use an action on their turn to make either a DC 15 Strength ({@skill Athletics}) check or a Dexterity ({@skill Acrobatics}) check to escape the grapple.",
																"Unrestrained characters in the area must save against this effect at the beginning of their turn each round."
															]
														},
														"As the characters are being grappled, a freezing fog fills the inside of the ship. Creatures and objects within or beyond the fog are heavily obscured. A creature that enters the freezing cloud for the first time on a turn or starts its turn there takes 10 ({@dice 3d6}) cold damage, and its speed is reduced by 10 feet.",
														"Last, but certainly not least, the openings at either end of the area ice over, and must be broken before characters can either enter or exit the area. Both icy barriers have AC 12, 30 hit points each, vulnerability to fire damage, and immunity to poison and psychic damage."
													]
												}
											]
										}
									]
								}
							]
						},
						{
							"type": "entries",
							"name": "12. Shrine to Olhydra",
							"id": "03d",
							"entries": [
								{
									"type": "image",
									"href": {
										"type": "internal",
										"path": "adventure/LR/007-ugyzu-lr-007.png"
									},
									"width": 1533,
									"height": 327
								},
								"When the characters enter or look into this area, read or paraphrase the following boxed text:",
								{
									"type": "insetReadaloud",
									"id": "03e",
									"entries": [
										"The coral walls of this chamber shimmer with a light of their own, beautifully cultivated into whirls, peaks, and valleys that resemble the open sea raging at the peak of a violent storm.",
										"On the far wall, directly opposite the entrance, a coral altar emerges from the coral as if it grew there naturally. Likewise, a strange, upright X-shaped symbol, linked by a line across the bottom, has grown naturally from the altar's front-facing surface. A pair of ornate helms rest on the altar.",
										"A male humanoid with aqua skin, large black eyes, and gauzy robes stands in front of the altar. He makes stabbing motions with his hands, apparently arguing with nobody as he peers directly into the face of one of the empty ornate helms on the altar."
									]
								},
								"This is {@creature Shoalar Quanderil|LR}, who was reincarnated by Gar to serve him in his new mission.",
								"Once jovial and quick to laugh, Shoalar has grown quiet, bitter, and apprehensive. He doesn't understand how Gar can serve both Olhydra and Umberlee, and has developed an extreme mistrust of his morose benefactor. Because of this, it wouldn't take a great deal of effort to talk Shoalar down.",
								"Any character who succeeds on a DC 13 Charisma ({@skill Intimidation}) check can get Shoalar to not immediately attack the party. Likewise, a successful DC 15 Charisma ({@skill Persuasion}) check will prompt the water genasi will tell the characters that he recently returned to life at the behest of his lord, {@creature Gar Shatterkeel|LR}. Shoalar can impart the following information to the characters:",
								{
									"type": "list",
									"items": [
										"Gar once served as the elemental prophet of the elder elemental being known as Olhydra.",
										"In Gar's former career, he recruited Shoalar to help construct a temple and recruit other cultists.",
										"Adventurers found them, destroyed their sanctuary, and slew both of them. Shoalar doesn't understand how Gar is alive again, but he is thankful for the second chance.",
										"Shoalar knows that Gar plans to use the blood of the kraken to create an army of undead.",
										"Since returning to life, it has become clear to Shoalar that Gar's obeisance to Umberlee prevents him from truly serving Olhydra, and this has caused a rift between them.",
										"Shoalar truly believes that it's his mission to depose Gar, but knows he doesn't have the strength to accomplish this on his own."
									]
								},
								"If the characters are not hostile toward Shoalar, and express a desire to help him in this mission, the devotee of Olhydra will gladly join them.",
								"If at any point the characters attack Shoalar, or if they say something to make him believe they cannot be allies, he will attack them. If this occurs, the two helms on the altar will rise up as a pair of {@creature Water Elemental Myrmidon|MTF|water elemental myrmidons} and assist Shoalar in fighting the characters.",
								"Shoalar is already under the effect of the {@spell mage armor} spell when the characters arrive. He begins combat by casting {@spell lightning bolt}, affecting as many characters as possible. He's likely to follow up with {@spell watery sphere|XGE} to restrain troublesome characters so the water elemental myrmidons can attack while they're {@condition restrained}.",
								{
									"type": "entries",
									"id": "03f",
									"entries": [
										{
											"type": "entries",
											"name": "Treasure",
											"id": "040",
											"entries": [
												"Shoalar possesses a {@item bowl of commanding water elementals}. If the characters defeat him, they'll find it on his person. If they befriend him, he'll offer it to them as assistance in the fight to come."
											]
										}
									]
								}
							]
						},
						{
							"type": "entries",
							"name": "13. Umberlee's Chosen",
							"id": "041",
							"entries": [
								" Accompanied by two {@creature Sea Lion|TftYP|sea lions} that he keeps as pets, {@creature Gar Shatterkeel|LR} resides in this underwater cave while he contemplates his next move and communes with Umberlee.",
								"When the characters enter the chamber, read or paraphrase the following boxed text:",
								{
									"type": "insetReadaloud",
									"id": "042",
									"entries": [
										"Seated on a rough throne made of an odd arrangement of coral, bones, and barnacles, is a man whose right arm has been replaced entirely with a large metal claw, much like a crab's.",
										"His body is covered with clusters of barnacles, and in his left hand he idly grasps the haft of an exquisite trident, engraved with images of waves, shells, and sea creatures. On either side of the throne sit two massive creatures that are a strange hybrid of both fish and lion. They snarl in unison."
									]
								},
								"Gar's power has grown by no small measure since he last encountered adventurers. Though he remains sullen and morose, he simultaneously projects an air of strength and confidence.",
								"With the exception of anyone under the effect of a {@spell nondetection} spell, Gar is aware of every inhabitant within the coral mountain and has been tracking the characters' progress through his domain. While he doesn't know precisely what they've accomplished, outside of any creatures they might have killed or destroyed, he is ready for their arrival.",
								"After everyone has entered the chamber, Gar surreptitiously (but rapidly) grows the coral over the entrance, blocking them in. If anyone is hesitant to enter, he'll beckon for them to come forward, asking them to converse with him. In this regard, his demeanor is regal, but gracious and non-hostile.",
								{
									"type": "insetReadaloud",
									"id": "043",
									"entries": [
										"\"Please. Come forward that we might speak in a more companionable manner.\"",
										"With that, the man gestures with his left hand and the coral in the chamber grows a seat for each of you to perch upon, should you so desire.",
										"\"It has been too long since I've had a good conversation. Though your arrival is unexpected, your presence is much desired nonetheless. How can I help you?\""
									]
								},
								{
									"type": "image",
									"href": {
										"type": "internal",
										"path": "adventure/LR/008-lb7ay-lr-008.png"
									},
									"width": 742,
									"height": 1000
								},
								"If the characters are peaceful and speak with Gar, he's happy to hear them out, listening intently, with no show of defensiveness or remorse for any accusations they might direct his way. Nor does he offer an apology or reparations for damages they might describe.",
								"When they're done speaking, Gar will explain his newly found devotion to Umberlee, including his \"resurrection\" and newly discovered purpose. He'll even tell the characters what he plans to do, and how he plans to do it. While Gar doesn't gloat, he will speak of his intentions as though his success is inevitable.",
								{
									"type": "list",
									"items": [
										"Once Gar has completely described his plans, he thanks the characters for listening to him, and disappears from the chamber.",
										"If at any point the characters act in a manner unbecoming to a peaceful conversation (cast a spell, move to attack, attempt to circle to his flank or behind him, etc.) Gar sighs, and disappears from the chamber."
									]
								},
								"In both instances, Gar teleports using the coral as a means of transport, similar to the tree stride spell. He casts no spell to do this, so {@spell counterspell} cannot be used to prevent his departure.",
								{
									"type": "inset",
									"name": "The Final Countdown",
									"id": "044",
									"entries": [
										"At this point it is extremely important that you keep track of how many rounds it takes the characters to complete this combat, and exit the chamber. While they're in combat here, Gar has proceeded to the final encounter that begins with his assault on the kraken priests. See below for more details."
									]
								},
								"When Gar leaves this area, the {@creature Sea Lion|TftYP|sea lions} attack the characters, and the entire room is flooded with magic that acts like an {@spell entangle} spell of massive proportions.",
								"Each round the characters are in the room, the coral attempts to grow up and around them, forcing them to make a DC 18 Strength saving throw or be {@condition restrained}.",
								"A character who is restrained by the coral can use their action to make a DC 18 Strength ({@skill Athletics}) check or Dexterity ({@skill Acrobatics}) check to free themselves. The sea lions are immune to this effect.",
								"A character who successfully casts {@spell dispel magic} against a 6th level spell suppresses this effect for 1 minute.",
								"To leave this chamber, the characters will have to cut their way out or move through the coral blocking the entrance. The coral covering the entrance has has AC 15, 40 hit points, immunity to psychic and poison damage, and resistance to piercing and slashing damage.",
								"It's possible to push through the coral, but doing so requires a successful DC 18 Dexterity saving throw. A creature who fails this saving throw takes {@dice 7d8} slashing damage, or half as much on a success. The wall is 5 feet thick and every 1 foot costs 5 feet of movement. Characters stuck in the wall are considered restrained until they push through, and are required to make the above Dexterity saving throw on their turn each round."
							]
						}
					]
				},
				{
					"type": "section",
					"name": "The Final Countdown",
					"id": "045",
					"entries": [
						"Now is the time for the characters, and any allies they've managed to acquire, to face off against {@creature Gar Shatterkeel|LR} and his drowned minions. Time is of the essence and events progress while the characters are attempting to free themselves from area 13, so it's best to keep track of the number of rounds it takes for the characters to break through the coral and find their way back to area 5 to confront Gar. It might take them a few rounds to find out where he is, as he gave no indication as to where he was going when he disappeared.",
						{
							"type": "entries",
							"name": "Amble",
							"id": "046",
							"entries": [
								"If {@creature Amble|LR} has joined the characters, the tortle remains a steadfast ally in the fight to come. {@creature Amble|LR} will focus any attacks on the drowned, leaving Gar to the characters. If things get tough, {@creature Amble|LR} can also act as a backup healer for the party. Note that dealing damage to Gar does not break {@creature Amble|LR}'s rule, as the tortle believes that Gar is some kind of aberrant being. Because of this, {@creature Amble|LR} will not intercede when the characters attack Gar."
							]
						},
						{
							"type": "entries",
							"name": "Fhenimore and Whymsee",
							"id": "047",
							"entries": [
								"While they've been voted \"most likely to die before the characters even show up,\" the manner of their demise may depend on whether the characters managed to befriend them. Below are a number of possibilities.",
								{
									"type": "entries",
									"id": "048",
									"entries": [
										{
											"type": "entries",
											"name": "Not Allies",
											"id": "049",
											"entries": [
												"Perhaps the characters killed {@creature Fhenimore|LR} and {@creature Whymsee|LR} without being consumed by the {@creature young kraken|LR}, or the characters failed to negotiate with them and were driven from the area, or the characters simply never visited this area of the coral mountain.",
												"This scenario also works even if the characters did befriend the kraken priests, but never learned of Gar's plan to use the kraken's blood\u2014or if they did learn his plan, but never told {@creature Fhenimore|LR} and {@creature Whymsee|LR} about it.",
												"Regardless of the reason, the kraken priests are not alarmed or on guard when {@creature Gar Shatterkeel|LR} arrives. In this instance, Gar's plans unfold as shown in the \"Killing {@creature Fhenimore|LR} and {@creature Whymsee|LR}\" sidebar.",
												{
													"type": "inset",
													"name": "Killing Fhenimore and Whymsee",
													"id": "04a",
													"entries": [
														{
															"type": "entries",
															"name": "Round 1",
															"id": "04b",
															"entries": [
																"Not suspecting treachery, the kraken priests aren't prepared when Gar casts {@spell charm person} as a 2nd level spell, charming them both."
															]
														},
														{
															"type": "entries",
															"name": "Round 2",
															"id": "04c",
															"entries": [
																"Gar and the two priests swim to {@area area 6|024|x}, outside the range of the young kraken's telepathy."
															]
														},
														{
															"type": "entries",
															"name": "Round 3 (and 4)",
															"id": "04d",
															"entries": [
																"If the drowned ascetics are still in {@area area 6|024|x}, they attack the kraken priests. If the characters destroyed the drowned ascetics in this area, Gar will require an additional round to slay both in melee combat using his claw and {@item Wave}."
															]
														},
														{
															"type": "entries",
															"name": "Round 4",
															"id": "04e",
															"entries": [
																"Gar swims back."
															]
														},
														{
															"type": "entries",
															"name": "Round 5",
															"id": "04f",
															"entries": [
																"Upon returning to the young kraken, Gar casts {@spell charm monster|XGE} on the creature. It fails its saving throw and believes Gar to be a friend."
															]
														},
														{
															"type": "entries",
															"name": "Round 6",
															"id": "050",
															"entries": [
																"Gar surprises the {@creature Young Kraken|LR|kraken}, hitting it twice with {@item Wave} before the creature can react, and achieving a critical hit both times. The kraken is slain, and Gar begins the process of drawing blood from the creature, storing it in massive five-gallon bladders he brought along for this purpose."
															]
														}
													]
												}
											]
										},
										{
											"type": "entries",
											"name": "Allies",
											"id": "051",
											"entries": [
												"In this scenario, the characters have befriended the kraken priests, learned of Gar's plans from either the map in {@area area 7|026|x} or from {@creature Shoalar Quanderil|LR}, and have convinced the kraken priests that Gar means to kill their charge. {@creature Fhenimore|LR} and {@creature Whymsee|LR} are on alert when Gar arrives, and things play out very differently. In this instance, Gar's plans unfold as shown in the \"Fighting {@creature Fhenimore|LR} and {@creature Whymsee|LR}\" sidebar.",
												{
													"type": "inset",
													"name": "Fighting Fhenimore and Whymsee",
													"id": "052",
													"entries": [
														{
															"type": "entries",
															"name": "Round 1",
															"id": "053",
															"entries": [
																"Gar activates the {@item cube of force} function on {@item Wave}, so that living creatures may not harm approach him. {@creature Fhenimore|LR} and {@creature Whymsee|LR} will both cast lightning bolt on Gar, who will succeed at on only one saving throw only, but then use his Legendary Resistance feature to save on the other. Gar takes 28 hit points lightning damage."
															]
														},
														{
															"type": "entries",
															"name": "Round 2",
															"id": "054",
															"entries": [
																"Gar casts {@spell conjure animals} as a 7th level spell, summoning six {@creature Swarm of Quippers||swarms of quippers} and directing them to slay and consume the kraken priests."
															]
														},
														{
															"type": "entries",
															"name": "Rounds 3 and 4",
															"id": "055",
															"entries": [
																"The kraken priests are consumed by the swarms while Gar uses Umberlee's Wake on the young kraken (who fails its saving throw) before charging to attack with Wave as a legendary action. Gar will hit with a critical hit, reducing the creature to 91 hit points. Gar then takes 17 bludgeoning damage from the kraken (reducing him to 99 hit points) and is {@condition grappled}."
															]
														},
														{
															"type": "entries",
															"name": "Round 5",
															"id": "056",
															"entries": [
																"Gar casts {@spell freedom of movement}, escaping the grapple, and then uses a legendary action to attack the creature. He will score a critical hit, slaying the kraken."
															]
														},
														{
															"type": "entries",
															"name": "Round 6",
															"id": "057",
															"entries": [
																"Gar casts {@spell heal} on himself, bringing him back to his hit point maximum, and begins the process of drawing blood from the kraken, storing it in massive five-gallon bladders he brought along for this purpose."
															]
														}
													]
												}
											]
										},
										{
											"type": "entries",
											"name": "Shoalar Quadril-Ally",
											"id": "058",
											"entries": [
												"If the characters met Shoalar and allied with the devotee of Olhydra, Shoalar accompanies them from his lair to {@area area 13|041|x}, bringing the two {@creature Water Elemental Myrmidon|MTF|water elemental myrmidons} with him. This makes the fight in that area easier and may allow the characters to interrupt Gar in the actions described above.",
												"Otherwise, if Shoalar is dead or simply hasn't encountered the characters, neither he nor his elementals will be present at this fight."
											]
										}
									]
								}
							]
						},
						{
							"type": "entries",
							"name": "Fighting Gar Shatterkeel",
							"id": "059",
							"entries": [
								{
									"type": "image",
									"href": {
										"type": "internal",
										"path": "adventure/LR/009-twm3q-lr-009.png"
									},
									"width": 1533,
									"height": 888
								},
								"Whatever the opposition looks like, and regardless of which allies they bring with them, when the characters encounter {@creature Gar Shatterkeel|LR} they're in for the fight of their lives.",
								"Each round after the young kraken is slain, Gar can harvest five gallons of blood from the creature. It takes another two rounds for him to switch from a full bladder to an empty one, so for twenty bladders it will take Gar a total of 60 rounds (6 minutes) to complete his work with the kraken's corpse. He'll only need ten bladders of blood to animate the corpses present in the coral mountain, but he hopes to perform the ritual again at a later date.",
								"The state they find Gar in, as well as what resources he has to fight them with, depends largely on when the characters arrive and who their allies are (or were). In any case, it's safe to say that Gar will open combat with his Umberlee's Wake ability, catching as many characters and allies in its massive area as he can. In addition to the impressive assortment of powers and abilities listed in his stat block, Gar can employ lair actions (see the \"Lair Actions\" sidebar) while he's within the coral mountain.",
								{
									"type": "inset",
									"name": "Lair Actions",
									"id": "05a",
									"entries": [
										"On initiative count 20 (losing initiative ties), {@creature Gar Shatterkeel|LR} takes a lair action to cause one of the following effects; Gar can't use the same effect two rounds in a row.",
										{
											"type": "list",
											"items": [
												"Gar may teleport anywhere within the coral mountain, bringing up to five willing creatures with him.",
												"The coral in a 60-foot radius grows rapidly around creatures inside the coral mountain. Each creature must succeed on a DC 18 Strength saving throw or become {@condition restrained}. Restrained creatures can take an action on their turn to make a DC 18 Strength ({@skill Athletics}) or Dexterity ({@skill Acrobatics}) check to free themselves. This effect lasts for 1 minute unless dispelled (it counts as a 6th level spell), and doesn't require Gar to maintain concentration. {@creature Gar Shatterkeel|LR} and any creatures he designates are immune to this effect.",
												"Up to five corpses that Gar can see within 60 feet rise up as {@creature Drowned Blade|GoS|drowned blades} and attack anyone Gar directs them to on his turn."
											]
										}
									]
								},
								{
									"type": "entries",
									"name": "Development",
									"id": "05b",
									"entries": [
										"Win or lose, this is a tough encounter, one that the characters may very well be forced to flee from. If the characters do run from Gar, he completes the ritual to animate an army of the drowned, fortifies his position at the coral mountain further, and begins a campaign of terror across the coastal settlements of the Sea of Fallen Stars.",
										"Gar is aware of Thay's power with regards to the undead, so he isn't so foolish as to challenge them with this army. Though, he might be open to an alliance with the Red Wizards that could benefit them both.",
										"It is possible, however, to defeat {@creature Gar Shatterkeel|LR}. As noted in his stat block, when Gar drops to 0 hit points his body collapses into a pool of inky water that rapidly disperses. Except for Wave and his claw, anything he was wearing or carrying is left behind.",
										"If this happens, the characters are victorious! They could, with no small amount of cleanup, to turn the coral mountain into a beautifully misshapen but habitable home for many locathah who have been displaced by recent attacks and other conflicts.",
										"Accomplishing this would not only cement the characters' status as heroes, but elevate them to a position of prestige as potential future leaders of the locathah tribes. The details of their acclaim are up to you, though it is entirely possible\u2014likely even\u2014that Gar will someday return to take his revenge."
									]
								}
							]
						}
					]
				}
			]
		},
		{
			"type": "section",
			"name": "Appendix A: Creature statistics",
			"id": "05c",
			"entries": [
				"This appendix details creatures that are encountered in this adventure.",
				{
					"type": "list",
					"items": [
						"{@creature Amble|LR}",
						"{@creature Drowned Ascetic|GoS}",
						"{@creature Drowned Assassin|GoS}",
						"{@creature Drowned Blade|GoS}",
						"{@creature Drowned Master|GoS}",
						"{@creature Gar Shatterkeel|LR}",
						"{@creature Giant Shark|MM}",
						"{@creature Fhenimore|LR}",
						"{@creature Whymsee|LR}",
						"{@creature Sahuagin Blademaster|GoS}",
						"{@creature Sahuagin Deep Diver|GoS}",
						"{@creature Sea Lion|TftYP}",
						"{@creature Shoalar Quanderil|LR}",
						"{@creature Water Elemental Myrmidon|mtf}",
						"{@creature Young Kraken|LR}"
					],
					"columns": 4
				}
			]
		},
		{
			"type": "section",
			"name": "Appendix B: Locathah Characters",
			"id": "076",
			"entries": [
				"See the {@race Locathah|LR} entry for information on locathah characters."
			]
		}
	]
}
