{
	"monster": [
		{
			"name": "Reaper Spirit",
			"source": "UA2022WondersOfTheMultiverse",
			"page": 11,
			"size": [
				"M"
			],
			"type": "undead",
			"ac": [
				{
					"special": "11 + the level of the spell (natural armor)"
				}
			],
			"hp": {
				"special": "40 + 10 for each spell level above 3rd"
			},
			"speed": {
				"walk": 30,
				"fly": {
					"number": 30,
					"condition": "(hover)"
				},
				"canHover": true
			},
			"str": 16,
			"dex": 16,
			"con": 16,
			"int": 16,
			"wis": 16,
			"cha": 16,
			"senses": [
				"darkvision 60 ft."
			],
			"passive": 13,
			"immune": [
				"necrotic",
				"poison"
			],
			"conditionImmune": [
				"charmed",
				"frightened",
				"paralyzed",
				"poisoned"
			],
			"languages": [
				"understands the languages you speak"
			],
			"pbNote": "equals your bonus",
			"trait": [
				{
					"name": "Incorporeal Movement",
					"entries": [
						"The reaper can move through other creatures and objects as if they were difficult terrain. If it ends its turn inside an object, it is shunted to the nearest unoccupied space and takes {@damage 1d10} force damage for every 5 feet traveled."
					]
				},
				{
					"name": "Haunting Tracker",
					"entries": [
						"You and the reaper can sense the direction and distance to the haunted creature if it's on the same plane of existence as you."
					]
				}
			],
			"action": [
				{
					"name": "Multiattack",
					"entries": [
						"The reaper makes a number of attacks equal to half this spell's level (rounded down)."
					]
				},
				{
					"name": "Reaping Scythe",
					"entries": [
						"{@atk mw} your spell attack modifier to hit (with advantage), reach 5 ft., one target. {@h}{@damage 1d10 + 3} + the spell's level necrotic damage."
					]
				},
				{
					"name": "Paralyzing Fear (1/Day)",
					"entries": [
						"The reaper attempts to instill fear into the haunted creature it can see within 60 feet of itself. The creature must succeed on a Wisdom saving throw against your spell save DC or be {@condition frightened} of the reaper for 1 minute. While {@condition frightened} this way, the creature's speed is 0, and it can't benefit from any bonus to its speed. The {@condition frightened} creature can repeat the saving throw at the end of each of its turns, or immediately after it takes damage, ending the effect on itself on a success."
					]
				}
			],
			"traitTags": [
				"Incorporeal Movement"
			],
			"senseTags": [
				"D"
			],
			"actionTags": [
				"Multiattack"
			],
			"damageTags": [
				"N",
				"O"
			],
			"miscTags": [
				"MW"
			],
			"conditionInflict": [
				"frightened"
			]
		},
		{
			"name": "Warrior Spirit",
			"source": "UA2022WondersOfTheMultiverse",
			"page": 11,
			"size": [
				"M"
			],
			"type": "undead",
			"ac": [
				{
					"special": "13 + the level of the spell +2 (Fighter only)"
				}
			],
			"hp": {
				"special": "30 (Barbarian and Fighter only) or 20 (Monk only) + 10 for each spell level above 3rd"
			},
			"speed": {
				"walk": 30,
				"alternate": {
					"walk": [
						{
							"number": 40,
							"condition": "(monk only)"
						}
					]
				}
			},
			"str": 16,
			"dex": 16,
			"con": 14,
			"int": 10,
			"wis": 16,
			"cha": 9,
			"save": {
				"str": "+3",
				"dex": "+3"
			},
			"passive": 13,
			"resist": [
				"poison"
			],
			"conditionImmune": [
				"charmed",
				"poisoned"
			],
			"languages": [
				"Common",
				"understands the languages you speak"
			],
			"pbNote": "equals your bonus",
			"action": [
				{
					"name": "Multiattack",
					"entries": [
						"The warrior makes a number of attacks equal to half this spell's level (rounded down)."
					]
				},
				{
					"name": "Reckless Strike (Barbarian Only)",
					"entries": [
						"{@atk mw} your spell attack modifier to hit (with advantage), reach 5 ft., one target. {@h}{@damage 1d12 + 3} + the spell's level slashing damage, and attacks made against the warrior until the start of its next turn are made with advantage."
					]
				},
				{
					"name": "Rallying Strike (Fighter Only)",
					"entries": [
						"{@atk mw,rw} your spell attack modifier to hit, reach 5 ft., or range 20/60 ft., one target. {@h}{@damage 1d6 + 3} + the spell's level piercing damage, and the warrior can choose another creature it can see within 20 feet of itself. The chosen creature gains {@dice 1d6} temporary hit points."
					]
				},
				{
					"name": "Unarmed Strike (Monk Only)",
					"entries": [
						"{@atk mw} your spell attack modifier to hit, reach 5 ft., one target. {@h}{@damage 1d4 + 3} + the spell's level bludgeoning damage, and the target must succeed on a Strength saving throw against your spell save DC or be knocked {@condition prone}."
					]
				}
			],
			"bonus": [
				{
					"name": "Flurry of Blows (Monk Only)",
					"entries": [
						"The monk makes one Unarmed Strike attack."
					]
				}
			],
			"actionTags": [
				"Multiattack"
			],
			"languageTags": [
				"C"
			],
			"damageTags": [
				"B",
				"P",
				"S"
			],
			"miscTags": [
				"MW",
				"RW"
			],
			"conditionInflict": [
				"prone"
			]
		}
	]
}
