{
	"_meta": {
		"dependencies": {
			"monster": [
				"MM",
				"VGM"
			]
		},
		"otherSources": {
			"monster": {
				"MM": "HotDQ"
			}
		}
	},
	"monster": [
		{
			"name": "Ambush Drake",
			"source": "HotDQ",
			"page": 88,
			"size": [
				"M"
			],
			"type": "dragon",
			"alignment": [
				"U"
			],
			"ac": [
				{
					"ac": 13,
					"from": [
						"natural armor"
					]
				}
			],
			"hp": {
				"average": 22,
				"formula": "4d6 + 8"
			},
			"speed": {
				"walk": 30
			},
			"str": 13,
			"dex": 15,
			"con": 14,
			"int": 4,
			"wis": 11,
			"cha": 6,
			"skill": {
				"perception": "+4",
				"stealth": "+4"
			},
			"senses": [
				"darkvision 60 ft."
			],
			"passive": 14,
			"resist": [
				"poison"
			],
			"languages": [
				"understands Draconic but can't speak it"
			],
			"cr": "1/2",
			"trait": [
				{
					"name": "Pack Tactics",
					"entries": [
						"The drake has advantage on an attack roll against a creature if at least one of the drake's allies is within 5 feet of the creature and the ally isn't {@condition incapacitated}."
					]
				},
				{
					"name": "Surprise Attack",
					"entries": [
						"If the drake surprises a creature and hits it with an attack during the first round of combat, the target takes an extra 7 ({@dice 2d6}) damage from the attack."
					]
				}
			],
			"action": [
				{
					"name": "Bite",
					"entries": [
						"{@atk mw} {@hit 4} to hit, reach 5 ft., one target. {@h}4 ({@damage 1d6 + 1}) piercing damage."
					]
				}
			],
			"traitTags": [
				"Pack Tactics"
			],
			"senseTags": [
				"D"
			],
			"languageTags": [
				"CS",
				"DR"
			],
			"damageTags": [
				"P"
			],
			"miscTags": [
				"MW"
			],
			"hasToken": true,
			"hasFluffImages": true
		},
		{
			"name": "Azbara Jos",
			"isNpc": true,
			"source": "HotDQ",
			"page": 88,
			"size": [
				"M"
			],
			"type": {
				"type": "humanoid",
				"tags": [
					"human"
				]
			},
			"alignment": [
				"L",
				"E"
			],
			"ac": [
				13,
				{
					"ac": 16,
					"condition": "with {@spell mage armor}",
					"braces": true
				}
			],
			"hp": {
				"average": 39,
				"formula": "6d8 + 12"
			},
			"speed": {
				"walk": 30
			},
			"str": 9,
			"dex": 16,
			"con": 14,
			"int": 16,
			"wis": 13,
			"cha": 11,
			"save": {
				"int": "+5",
				"wis": "+3"
			},
			"skill": {
				"arcana": "+5",
				"deception": "+2",
				"insight": "+3",
				"stealth": "+5"
			},
			"passive": 11,
			"languages": [
				"Common",
				"Draconic",
				"Infernal",
				"Primordial",
				"Thayan"
			],
			"cr": "4",
			"spellcasting": [
				{
					"name": "Spellcasting",
					"headerEntries": [
						"Azbara is a 6th-level spellcaster that uses Intelligence as his spellcasting ability (spell save {@dc 13}, {@hit 5} to hit with spell attacks). Azbara has the following spells prepared from the wizard spell list:"
					],
					"spells": {
						"0": {
							"spells": [
								"{@spell mage hand}",
								"{@spell prestidigitation}",
								"{@spell ray of frost}",
								"{@spell shocking grasp}"
							]
						},
						"1": {
							"slots": 4,
							"spells": [
								"{@spell fog cloud}",
								"{@spell magic missile}",
								"{@spell shield}",
								"{@spell thunderwave}"
							]
						},
						"2": {
							"slots": 3,
							"spells": [
								"{@spell invisibility}",
								"{@spell misty step}",
								"{@spell scorching ray}"
							]
						},
						"3": {
							"slots": 3,
							"spells": [
								"{@spell counterspell}",
								"{@spell dispel magic}",
								"{@spell fireball}"
							]
						}
					},
					"ability": "int"
				}
			],
			"trait": [
				{
					"name": "Special Equipment",
					"entries": [
						"Azbara has two {@item spell scroll (1st level)||scrolls} of {@spell mage armor}."
					]
				},
				{
					"name": "Potent Cantrips",
					"entries": [
						"When Azbara casts an evocation Cantrips and misses, or the target succeeds on its saving throw, the target still takes half the cantrip's damage but suffers no other effect."
					]
				},
				{
					"name": "Sculpt Spells",
					"entries": [
						"When Azbara casts an evocation spell that affects other creatures that he can see, he can choose a number of them equal to 1+the spell's level to succeed on their saving throws against the spell. Those creatures take no damage if they would normally take half damage from the spell."
					]
				}
			],
			"action": [
				{
					"name": "Dagger",
					"entries": [
						"{@atk mw,rw} {@hit 5} to hit, reach 5 ft. or ranged 20/60 ft., one target. {@h}5 ({@damage 1d4 + 3}) piercing damage."
					]
				}
			],
			"languageTags": [
				"C",
				"DR",
				"I",
				"OTH",
				"P"
			],
			"damageTags": [
				"P"
			],
			"damageTagsSpell": [
				"C",
				"F",
				"L",
				"O",
				"T"
			],
			"spellcastingTags": [
				"CW"
			],
			"miscTags": [
				"MW",
				"RW",
				"THW"
			],
			"hasToken": true,
			"hasFluffImages": true
		},
		{
			"name": "Blagothkus",
			"isNpc": true,
			"source": "HotDQ",
			"page": 89,
			"size": [
				"H"
			],
			"type": {
				"type": "giant",
				"tags": [
					"cloud giant"
				]
			},
			"alignment": [
				"N",
				"E"
			],
			"ac": [
				{
					"ac": 17,
					"from": [
						"{@item splint armor|phb}"
					]
				}
			],
			"hp": {
				"average": 138,
				"formula": "12d12 + 60"
			},
			"speed": {
				"walk": 40
			},
			"str": 26,
			"dex": 13,
			"con": 20,
			"int": 16,
			"wis": 15,
			"cha": 15,
			"save": {
				"con": "+9",
				"wis": "+6",
				"cha": "+6"
			},
			"skill": {
				"arcana": "+7",
				"insight": "+6",
				"intimidation": "+6",
				"perception": "+6"
			},
			"passive": 16,
			"languages": [
				"Common",
				"Draconic",
				"Giant"
			],
			"cr": "9",
			"spellcasting": [
				{
					"name": "Innate Spellcasting",
					"headerEntries": [
						"Blagothkus can innately cast the following spells (spell save {@dc 15}), requiring no material components:"
					],
					"daily": {
						"3e": [
							"{@spell fog cloud}",
							"{@spell levitate}"
						]
					}
				},
				{
					"name": "Spellcasting",
					"headerEntries": [
						"Blagothkus is a 5th-level spellcaster that uses Intelligence as his spellcasting ability (spell save {@dc 15}, {@hit 7} to hit with spell attacks). Blagothkus has the following spells prepared from the wizard spell list:"
					],
					"spells": {
						"0": {
							"spells": [
								"{@spell light}",
								"{@spell mage hand}",
								"{@spell prestidigitation}"
							]
						},
						"1": {
							"slots": 4,
							"spells": [
								"{@spell detect magic}",
								"{@spell identify}",
								"{@spell magic missile}",
								"{@spell shield}"
							]
						},
						"2": {
							"slots": 3,
							"spells": [
								"{@spell gust of wind}",
								"{@spell misty step}",
								"{@spell shatter}"
							]
						},
						"3": {
							"slots": 2,
							"spells": [
								"{@spell fly}",
								"{@spell lightning bolt}"
							]
						}
					},
					"ability": "int"
				}
			],
			"trait": [
				{
					"name": "Keen Smell",
					"entries": [
						"Blagothkus has advantage on Wisdom ({@skill Perception}) checks that rely on smell."
					]
				}
			],
			"action": [
				{
					"name": "Multiattack",
					"entries": [
						"Blagothkus attacks twice with his morningstar."
					]
				},
				{
					"name": "Morningstar",
					"entries": [
						"{@atk mw} {@hit 10} to hit, reach 10 ft., one target. {@h}21 ({@damage 3d8 + 8}) piercing damage."
					]
				}
			],
			"traitTags": [
				"Keen Senses"
			],
			"actionTags": [
				"Multiattack"
			],
			"languageTags": [
				"C",
				"DR",
				"GI"
			],
			"damageTags": [
				"P"
			],
			"damageTagsSpell": [
				"L",
				"O",
				"T"
			],
			"spellcastingTags": [
				"CW",
				"I"
			],
			"miscTags": [
				"MW",
				"RCH"
			],
			"hasToken": true,
			"hasFluffImages": true
		},
		{
			"name": "Captain Othelstan",
			"isNpc": true,
			"source": "HotDQ",
			"page": 89,
			"size": [
				"M"
			],
			"type": {
				"type": "humanoid",
				"tags": [
					"human"
				]
			},
			"alignment": [
				"L",
				"E"
			],
			"ac": [
				{
					"ac": 19,
					"from": [
						"{@item splint armor|phb}",
						"{@item shield|phb}"
					]
				}
			],
			"hp": {
				"average": 93,
				"formula": "11d10 + 33"
			},
			"speed": {
				"walk": 30
			},
			"str": 19,
			"dex": 10,
			"con": 16,
			"int": 13,
			"wis": 14,
			"cha": 12,
			"save": {
				"str": "+7",
				"con": "+6"
			},
			"skill": {
				"athletics": "+7",
				"intimidation": "+7",
				"perception": "+5",
				"religion": "+4"
			},
			"passive": 15,
			"languages": [
				"Common",
				"Draconic",
				"Giant"
			],
			"cr": "5",
			"trait": [
				{
					"name": "Action Surge (Recharges on a Short or Long Rest)",
					"entries": [
						"On his turn, Othelstan can take one additional action."
					]
				},
				{
					"name": "Tiamat's Blessing of Retribution",
					"entries": [
						"When Othelstan takes damage that reduces him to 0 hit points, he immediately regains 20 hit points. If he has 20 hit points or fewer at the end of his next turn, he dies."
					]
				}
			],
			"action": [
				{
					"name": "Multiattack",
					"entries": [
						"Othelstan attacks twice with his flail or spear, or makes two ranged attacks with his spears."
					]
				},
				{
					"name": "Flail",
					"entries": [
						"{@atk mw} {@hit 7} to hit, reach 5 ft., one target. {@h}8 ({@damage 1d8 + 4}) bludgeoning damage."
					]
				},
				{
					"name": "Spear",
					"entries": [
						"{@atk mw,rw} {@hit 7} to hit, reach 5 ft. or ranged 20/60 ft., one target. {@h}7 ({@damage 1d6 + 4}) piercing damage."
					]
				}
			],
			"actionTags": [
				"Multiattack"
			],
			"languageTags": [
				"C",
				"DR",
				"GI"
			],
			"damageTags": [
				"B",
				"P"
			],
			"miscTags": [
				"MW",
				"RW",
				"THW"
			],
			"hasToken": true,
			"hasFluffImages": true
		},
		{
			"name": "Dragonclaw",
			"source": "HotDQ",
			"page": 89,
			"otherSources": [
				{
					"source": "RoT",
					"page": 89
				}
			],
			"size": [
				"M"
			],
			"type": {
				"type": "humanoid",
				"tags": [
					"human"
				]
			},
			"alignment": [
				"L",
				"E"
			],
			"ac": [
				{
					"ac": 14,
					"from": [
						"{@item leather armor|phb}"
					]
				}
			],
			"hp": {
				"average": 16,
				"formula": "3d8 + 3"
			},
			"speed": {
				"walk": 30
			},
			"str": 9,
			"dex": 16,
			"con": 13,
			"int": 11,
			"wis": 10,
			"cha": 12,
			"save": {
				"wis": "+2"
			},
			"skill": {
				"deception": "+3",
				"stealth": "+5"
			},
			"passive": 10,
			"languages": [
				"Common",
				"Draconic"
			],
			"cr": "1",
			"trait": [
				{
					"name": "Dragon Fanatic",
					"entries": [
						"The dragonclaw has advantage on saving throws against being {@condition charmed} or {@condition frightened}. While the dragonclaw can see a dragon or higher-ranking Cult of the Dragon cultist friendly to it, the dragonclaw ignores the effects of being {@condition charmed} or {@condition frightened}."
					]
				},
				{
					"name": "Fanatic Advantage",
					"entries": [
						"Once per turn, if the dragonclaw makes a weapon attack with advantage on the attack roll and hits, it deals an extra 7 ({@dice 2d6}) damage."
					]
				},
				{
					"name": "Pack Tactics",
					"entries": [
						"The dragonclaw has advantage on an attack roll against a creature if at least one of the dragonclaw's allies is within 5 feet of the creature and the ally isn't {@condition incapacitated}."
					]
				}
			],
			"action": [
				{
					"name": "Multiattack",
					"entries": [
						"The dragonclaw attacks twice with its scimitar."
					]
				},
				{
					"name": "Scimitar",
					"entries": [
						"{@atk mw} {@hit 5} to hit, reach 5 ft., one target. {@h}6 ({@damage 1d6 + 3}) slashing damage."
					]
				}
			],
			"traitTags": [
				"Pack Tactics"
			],
			"actionTags": [
				"Multiattack"
			],
			"languageTags": [
				"C",
				"DR"
			],
			"damageTags": [
				"S"
			],
			"miscTags": [
				"MW"
			],
			"hasToken": true
		},
		{
			"name": "Dragonwing",
			"source": "HotDQ",
			"page": 90,
			"otherSources": [
				{
					"source": "RoT",
					"page": 89
				}
			],
			"size": [
				"M"
			],
			"type": {
				"type": "humanoid",
				"tags": [
					"human"
				]
			},
			"alignment": [
				"L",
				"E"
			],
			"ac": [
				{
					"ac": 14,
					"from": [
						"{@item leather armor|phb}"
					]
				}
			],
			"hp": {
				"average": 33,
				"formula": "6d8 + 6"
			},
			"speed": {
				"walk": 30
			},
			"str": 11,
			"dex": 16,
			"con": 13,
			"int": 11,
			"wis": 11,
			"cha": 13,
			"save": {
				"wis": "+2"
			},
			"skill": {
				"deception": "+3",
				"stealth": "+5"
			},
			"passive": 10,
			"resist": [
				{
					"resist": [
						"acid",
						"cold",
						"fire",
						"lightning",
						"poison"
					],
					"preNote": "one of the following:"
				}
			],
			"languages": [
				"Common",
				"Draconic"
			],
			"cr": "2",
			"trait": [
				{
					"name": "Dragon Fanatic",
					"entries": [
						"The dragonwing has advantage on saving throws against being {@condition charmed} or {@condition frightened}. While the dragonwing can see a dragon or higher-ranking Cult of the Dragon cultist friendly to it, the dragonwing ignores the effects of being {@condition charmed} or {@condition frightened}."
					]
				},
				{
					"name": "Fanatic Advantage",
					"entries": [
						"Once per turn, if the dragonwing makes a weapon attack with advantage on the attack roll and hits, the target takes an extra 7 ({@dice 2d6}) damage."
					]
				},
				{
					"name": "Limited Flight",
					"entries": [
						"The dragonwing can use a bonus action to gain a flying speed of 30 feet until the end of its turn."
					]
				},
				{
					"name": "Pack Tactics",
					"entries": [
						"The dragonwing has advantage on an attack roll against a creature if at least one of the dragonwing's allies is within 5 feet of the creature and the ally isn't {@condition incapacitated}."
					]
				}
			],
			"action": [
				{
					"name": "Multiattack",
					"entries": [
						"The dragonwing attacks twice with its scimitar."
					]
				},
				{
					"name": "Scimitar",
					"entries": [
						"{@atk mw} {@hit 5} to hit, reach 5 ft., one target. {@h}6 ({@damage 1d6 + 3}) slashing damage plus 3 ({@dice 1d6}) damage of the type to which the cultist has resistance."
					]
				}
			],
			"traitTags": [
				"Pack Tactics"
			],
			"actionTags": [
				"Multiattack"
			],
			"languageTags": [
				"C",
				"DR"
			],
			"damageTags": [
				"S"
			],
			"miscTags": [
				"MW"
			],
			"hasToken": true
		},
		{
			"name": "Dralmorrer Borngray",
			"isNpc": true,
			"source": "HotDQ",
			"page": 90,
			"size": [
				"M"
			],
			"type": {
				"type": "humanoid",
				"tags": [
					"high elf"
				]
			},
			"alignment": [
				"N",
				"E"
			],
			"ac": [
				{
					"ac": 16,
					"from": [
						"{@item studded leather armor|phb|studded leather}",
						"{@item shield|phb}"
					]
				}
			],
			"hp": {
				"average": 52,
				"formula": "7d10 + 14"
			},
			"speed": {
				"walk": 30
			},
			"str": 18,
			"dex": 14,
			"con": 14,
			"int": 16,
			"wis": 10,
			"cha": 8,
			"save": {
				"str": "+6",
				"con": "+4"
			},
			"skill": {
				"arcana": "+5",
				"deception": "+1",
				"insight": "+2",
				"perception": "+2",
				"religion": "+5"
			},
			"senses": [
				"darkvision 60 ft."
			],
			"passive": 12,
			"languages": [
				"Common",
				"Bullywug",
				"Draconic",
				"Elvish",
				"Goblin",
				"Sylvan"
			],
			"cr": "3",
			"spellcasting": [
				{
					"name": "Spellcasting",
					"headerEntries": [
						"Dralmorrer is a 7th-level spellcaster that uses Intelligence as his spellcasting ability (spell save {@dc 13}, {@hit 5} to hit with spell attacks). Dralmorrer has the following spells prepared from the wizard spell list:"
					],
					"spells": {
						"0": {
							"spells": [
								"{@spell fire bolt}",
								"{@spell prestidigitation}",
								"{@spell shocking grasp}"
							]
						},
						"1": {
							"slots": 4,
							"spells": [
								"{@spell longstrider}",
								"{@spell magic missile}",
								"{@spell shield}",
								"{@spell thunderwave}"
							]
						},
						"2": {
							"slots": 2,
							"spells": [
								"{@spell magic weapon}",
								"{@spell misty step}"
							]
						}
					},
					"ability": "int"
				}
			],
			"trait": [
				{
					"name": "Fey Ancestry",
					"entries": [
						"Dralmorrer has advantage on saving throws against being {@condition charmed}, and magic can't put him to sleep."
					]
				},
				{
					"name": "War Magic",
					"entries": [
						"When Dralmorrer uses his action to cast a cantrip, he can also take a bonus action to make one weapon attack."
					]
				},
				{
					"name": "Weapon Bond",
					"entries": [
						"Provided his longsword is on the same plane Dralmorrer can take a bonus action to teleport it to his hand."
					]
				}
			],
			"action": [
				{
					"name": "Multiattack",
					"entries": [
						"Dralmorrer attacks twice, either with his longsword or dagger."
					]
				},
				{
					"name": "Longsword",
					"entries": [
						"{@atk mw} {@hit 6} to hit, reach 5 ft., one target. {@h}8 ({@damage 1d8 + 4}) slashing damage."
					]
				},
				{
					"name": "Dagger",
					"entries": [
						"{@atk mw,rw} {@hit 6} to hit, reach 5 ft. or ranged 20/60 ft., one target. {@h}6 ({@damage 1d4 + 4}) piercing damage."
					]
				}
			],
			"traitTags": [
				"Fey Ancestry"
			],
			"senseTags": [
				"D"
			],
			"actionTags": [
				"Multiattack"
			],
			"languageTags": [
				"C",
				"DR",
				"E",
				"GO",
				"OTH",
				"S"
			],
			"damageTags": [
				"P",
				"S"
			],
			"damageTagsSpell": [
				"F",
				"L",
				"O",
				"T"
			],
			"spellcastingTags": [
				"CW"
			],
			"miscTags": [
				"MW",
				"RW",
				"THW"
			],
			"hasToken": true,
			"hasFluffImages": true
		},
		{
			"name": "Frulam Mondath",
			"isNpc": true,
			"source": "HotDQ",
			"page": 90,
			"size": [
				"M"
			],
			"type": {
				"type": "humanoid",
				"tags": [
					"human"
				]
			},
			"alignment": [
				"L",
				"E"
			],
			"ac": [
				{
					"ac": 16,
					"from": [
						"{@item chain mail|phb}"
					]
				}
			],
			"hp": {
				"average": 44,
				"formula": "8d8 + 8"
			},
			"speed": {
				"walk": 30
			},
			"str": 14,
			"dex": 10,
			"con": 13,
			"int": 11,
			"wis": 18,
			"cha": 15,
			"save": {
				"wis": "+6",
				"cha": "+4"
			},
			"skill": {
				"deception": "+4",
				"history": "+2",
				"religion": "+2"
			},
			"passive": 14,
			"languages": [
				"Common",
				"Draconic",
				"Infernal"
			],
			"cr": "2",
			"spellcasting": [
				{
					"name": "Spellcasting",
					"headerEntries": [
						"Frulam is a 5th-level spellcaster that uses Wisdom as her spellcasting ability (spell save {@dc 14}, {@hit 6} to hit with spell attacks). Frulam has the following spells prepared from the cleric spell list:"
					],
					"spells": {
						"0": {
							"spells": [
								"{@spell light}",
								"{@spell sacred flame}",
								"{@spell thaumaturgy}"
							]
						},
						"1": {
							"slots": 4,
							"spells": [
								"{@spell command}",
								"{@spell cure wounds}",
								"{@spell healing word}",
								"{@spell sanctuary}"
							]
						},
						"2": {
							"slots": 3,
							"spells": [
								"{@spell calm emotions}",
								"{@spell hold person}",
								"{@spell spiritual weapon}"
							]
						},
						"3": {
							"slots": 2,
							"spells": [
								"{@spell mass healing word}",
								"{@spell spirit guardians}"
							]
						}
					},
					"ability": "wis"
				}
			],
			"action": [
				{
					"name": "Multiattack",
					"entries": [
						"Frulam attacks twice with her halberd."
					]
				},
				{
					"name": "Halberd",
					"entries": [
						"{@atk mw} {@hit 5} to hit, reach 10 ft., one target. {@h}7 ({@damage 1d10 + 2}) bludgeoning damage."
					]
				}
			],
			"actionTags": [
				"Multiattack"
			],
			"languageTags": [
				"C",
				"DR",
				"I"
			],
			"damageTags": [
				"B"
			],
			"damageTagsSpell": [
				"N",
				"O",
				"R"
			],
			"spellcastingTags": [
				"CC"
			],
			"miscTags": [
				"MW",
				"RCH"
			],
			"hasToken": true,
			"hasFluffImages": true
		},
		{
			"name": "Golden Stag",
			"source": "HotDQ",
			"page": 35,
			"_copy": {
				"name": "Elk",
				"source": "MM"
			},
			"hasToken": true
		},
		{
			"name": "Guard Drake",
			"source": "HotDQ",
			"page": 91,
			"otherSources": [
				{
					"source": "RoT",
					"page": 90
				}
			],
			"reprintedAs": [
				"Guard Drake|MPMM"
			],
			"size": [
				"M"
			],
			"type": "dragon",
			"alignment": [
				"U"
			],
			"ac": [
				{
					"ac": 14,
					"from": [
						"natural armor"
					]
				}
			],
			"hp": {
				"average": 52,
				"formula": "7d8 + 21"
			},
			"speed": {
				"walk": 30
			},
			"str": 16,
			"dex": 11,
			"con": 16,
			"int": 4,
			"wis": 10,
			"cha": 7,
			"skill": {
				"perception": "+2"
			},
			"senses": [
				"darkvision 60 ft."
			],
			"passive": 12,
			"resist": [
				"lightning"
			],
			"languages": [
				"understands Draconic but can't speak it"
			],
			"cr": "2",
			"action": [
				{
					"name": "Multiattack",
					"entries": [
						"The drake attacks twice, once with its bite and once with its tail."
					]
				},
				{
					"name": "Bite",
					"entries": [
						"{@atk mw} {@hit 5} to hit, reach 5 ft., one target. {@h}7 ({@damage 1d8 + 3}) piercing damage."
					]
				},
				{
					"name": "Tail",
					"entries": [
						"{@atk mw} {@hit 5} to hit, reach 5 ft., one target. {@h}6 ({@damage 1d6 + 3}) bludgeoning damage."
					]
				}
			],
			"soundClip": {
				"type": "internal",
				"path": "bestiary/guard-drake.mp3"
			},
			"senseTags": [
				"D"
			],
			"actionTags": [
				"Multiattack"
			],
			"languageTags": [
				"CS",
				"DR"
			],
			"damageTags": [
				"B",
				"P"
			],
			"miscTags": [
				"MW"
			],
			"hasToken": true
		},
		{
			"name": "Jamna Gleamsilver",
			"isNpc": true,
			"source": "HotDQ",
			"page": 91,
			"size": [
				"S"
			],
			"type": {
				"type": "humanoid",
				"tags": [
					"gnome"
				]
			},
			"alignment": [
				"N"
			],
			"ac": [
				{
					"ac": 15,
					"from": [
						"{@item leather armor|phb}"
					]
				}
			],
			"hp": {
				"average": 22,
				"formula": "4d6 + 8"
			},
			"speed": {
				"walk": 25
			},
			"str": 8,
			"dex": 17,
			"con": 14,
			"int": 15,
			"wis": 10,
			"cha": 12,
			"save": {
				"dex": "+5",
				"int": "+4"
			},
			"skill": {
				"acrobatics": "+5",
				"deception": "+3",
				"insight": "+2",
				"perception": "+4",
				"persuasion": "+3",
				"stealth": "+7"
			},
			"senses": [
				"darkvision 60 ft."
			],
			"passive": 14,
			"languages": [
				"Common",
				"Gnomish",
				"Goblin",
				"Sylvan"
			],
			"cr": "1",
			"spellcasting": [
				{
					"name": "Spellcasting",
					"headerEntries": [
						"Jamna is a 4th-level spellcaster that uses Intelligence as her spellcasting ability (spell save {@dc 12}, {@hit 4} to hit with spell attacks). Jamna has the following spells prepared from the wizard spell list."
					],
					"spells": {
						"0": {
							"spells": [
								"{@spell mage hand}",
								"{@spell minor illusion}",
								"{@spell prestidigitation}",
								"{@spell ray of frost}"
							]
						},
						"1": {
							"slots": 3,
							"spells": [
								"{@spell charm person}",
								"{@spell color spray}",
								"{@spell disguise self}",
								"{@spell longstrider}"
							]
						}
					},
					"ability": "int"
				}
			],
			"trait": [
				{
					"name": "Cunning Action",
					"entries": [
						"Jamna can take a bonus action to take the Dash, Disengage, or Hide action."
					]
				},
				{
					"name": "Gnome Cunning",
					"entries": [
						"Jamna has advantage on Intelligence, Wisdom and Charisma saving throws against magic."
					]
				}
			],
			"action": [
				{
					"name": "Multiattack",
					"entries": [
						"Jamna attacks twice with her shortswords."
					]
				},
				{
					"name": "Shortsword",
					"entries": [
						"{@atk mw} {@hit 5} to hit, reach 5 ft., one target. {@h}6 ({@damage 1d6 + 3}) piercing damage, or 9 ({@dice 1d6 + 3}) plus ({@dice 1d6}) piercing damage if the target is Medium or larger."
					]
				}
			],
			"senseTags": [
				"D"
			],
			"actionTags": [
				"Multiattack"
			],
			"languageTags": [
				"C",
				"G",
				"GO",
				"S"
			],
			"damageTags": [
				"P"
			],
			"damageTagsSpell": [
				"C"
			],
			"spellcastingTags": [
				"CW"
			],
			"miscTags": [
				"MW"
			],
			"hasToken": true,
			"hasFluffImages": true
		},
		{
			"name": "Langdedrosa Cyanwrath",
			"isNpc": true,
			"source": "HotDQ",
			"page": 91,
			"size": [
				"M"
			],
			"type": {
				"type": "humanoid",
				"tags": [
					"half-dragon"
				]
			},
			"alignment": [
				"L",
				"E"
			],
			"ac": [
				{
					"ac": 17,
					"from": [
						"{@item splint armor|phb}"
					]
				}
			],
			"hp": {
				"average": 57,
				"formula": "6d12 + 18"
			},
			"speed": {
				"walk": 30
			},
			"str": 19,
			"dex": 13,
			"con": 16,
			"int": 10,
			"wis": 14,
			"cha": 12,
			"save": {
				"str": "+6",
				"con": "+5"
			},
			"skill": {
				"athletics": "+6",
				"intimidation": "+3",
				"perception": "+4"
			},
			"senses": [
				"blindsight 10 ft.",
				"darkvision 60 ft."
			],
			"passive": 14,
			"resist": [
				"lightning"
			],
			"languages": [
				"Common",
				"Draconic"
			],
			"cr": "4",
			"trait": [
				{
					"name": "Action Surge (Recharges on a Short or Long Rest)",
					"entries": [
						"On his turn, Langdedrosa can take one additional action."
					]
				},
				{
					"name": "Improved Critical",
					"entries": [
						"Langdedrosa's weapon attacks score a critical hit on a roll of 19 or 20."
					]
				}
			],
			"action": [
				{
					"name": "Multiattack",
					"entries": [
						"Langdedrosa attacks twice, either with his greatsword or spear."
					]
				},
				{
					"name": "Greatsword",
					"entries": [
						"{@atk mw} {@hit 6} to hit, reach 5 ft., one target. {@h}11 ({@damage 2d6 + 4}) slashing damage."
					]
				},
				{
					"name": "Spear",
					"entries": [
						"{@atk mw,rw} {@hit 6} to hit, reach 5 ft. or ranged 20/60 ft., one target. {@h}7 ({@damage 1d6 + 4}) piercing damage."
					]
				},
				{
					"name": "Lightning Breath {@recharge 5}",
					"entries": [
						"Langdedrosa breathes lightning in a 30-foot line that is 5 feet wide. Each creature in the line must make a {@dc 13} Dexterity saving throw, taking 22 ({@damage 4d10}) lightning damage on a failed save, or half as much damage on a successful one."
					]
				}
			],
			"senseTags": [
				"B",
				"D"
			],
			"actionTags": [
				"Breath Weapon",
				"Multiattack"
			],
			"languageTags": [
				"C",
				"DR"
			],
			"damageTags": [
				"L",
				"P",
				"S"
			],
			"miscTags": [
				"AOE",
				"MW",
				"RW",
				"THW"
			],
			"hasToken": true,
			"hasFluffImages": true
		},
		{
			"name": "Leosin Erlanthar",
			"isNpc": true,
			"source": "HotDQ",
			"page": 87,
			"_copy": {
				"name": "Martial Arts Adept",
				"source": "VGM",
				"_mod": {
					"trait": {
						"mode": "prependArr",
						"items": {
							"name": "5etools Note",
							"entries": [
								"Leosin Erlanthar is presented in {@adventure Hoard of the Dragon Queen|HotDQ} as a half-elf monk. The {@creature martial arts adept|vgm} statblock from {@book Volo's Guide to Monsters|VGM} has been provided here for ease of use."
							]
						}
					}
				}
			},
			"hasToken": true
		},
		{
			"name": "Linan Swift",
			"isNpc": true,
			"source": "HotDQ",
			"page": 8,
			"_copy": {
				"name": "Commoner",
				"source": "MM"
			},
			"type": {
				"type": "humanoid",
				"tags": [
					"human"
				]
			},
			"hp": {
				"average": 8,
				"formula": "1d8"
			},
			"action": [
				{
					"name": "Spear",
					"entries": [
						"{@atk mw} {@hit 2} to hit, reach 5 ft., one target. {@h}3 ({@damage 1d6}) piercing damage."
					]
				}
			],
			"damageTags": [
				"P"
			],
			"miscTags": [
				"MW",
				"RCH",
				"THW"
			],
			"hasToken": true
		},
		{
			"name": "Ontharr Frume",
			"isNpc": true,
			"source": "HotDQ",
			"page": 28,
			"_copy": {
				"name": "War Priest",
				"source": "VGM",
				"_mod": {
					"trait": {
						"mode": "prependArr",
						"items": {
							"name": "5etools Note",
							"entries": [
								"Ontharr Frume is presented in {@adventure Hoard of the Dragon Queen|HotDQ} and The {@adventure Rise of Tiamat|RoT} as a lawful good, human paladin of Torm. The {@creature war priest|vgm} statblock from {@book Volo's Guide to Monsters|VGM} has been provided here for ease of use."
							]
						}
					}
				}
			},
			"type": {
				"type": "humanoid",
				"tags": [
					"human"
				]
			},
			"hasToken": true
		},
		{
			"name": "Pharblex Spattergoo",
			"isNpc": true,
			"source": "HotDQ",
			"page": 91,
			"size": [
				"M"
			],
			"type": {
				"type": "humanoid",
				"tags": [
					"bullywug"
				]
			},
			"alignment": [
				"C",
				"E"
			],
			"ac": [
				{
					"ac": 15,
					"from": [
						"{@item studded leather armor|phb|studded leather}",
						"{@item shield|phb}"
					]
				}
			],
			"hp": {
				"average": 59,
				"formula": "7d8 + 28"
			},
			"speed": {
				"walk": 20,
				"swim": 40
			},
			"str": 15,
			"dex": 12,
			"con": 18,
			"int": 11,
			"wis": 16,
			"cha": 7,
			"save": {
				"str": "+4",
				"con": "+6"
			},
			"skill": {
				"perception": "+5",
				"religion": "+2",
				"stealth": "+3"
			},
			"passive": 15,
			"languages": [
				"Common",
				"Bullywug"
			],
			"cr": "3",
			"spellcasting": [
				{
					"name": "Spellcasting",
					"headerEntries": [
						"Pharblex is a 6th-level spellcaster that uses Wisdom as his spellcasting ability (spell save {@dc 13}, {@hit 5} to hit with spell attacks). Pharblex has the following spells prepared from the druid spell list:"
					],
					"spells": {
						"0": {
							"spells": [
								"{@spell druidcraft}",
								"{@spell guidance}",
								"{@spell poison spray}"
							]
						},
						"1": {
							"slots": 4,
							"spells": [
								"{@spell cure wounds}",
								"{@spell entangle}",
								"{@spell healing word}",
								"{@spell thunderwave}"
							]
						},
						"2": {
							"slots": 3,
							"spells": [
								"{@spell barkskin}",
								"{@spell beast sense}",
								"{@spell spike growth}"
							]
						},
						"3": {
							"slots": 3,
							"spells": [
								"{@spell plant growth}",
								"{@spell water walk}"
							]
						}
					},
					"ability": "wis"
				}
			],
			"trait": [
				{
					"name": "Amphibious",
					"entries": [
						"Pharblex can breathe air and water."
					]
				},
				{
					"name": "Poison Strike (3/Day)",
					"entries": [
						"Once per turn, when Pharblex hits with a melee attack, he can expend a use of this trait to deal an extra 9 ({@damage 2d8}) poison damage."
					]
				},
				{
					"name": "Standing Leap",
					"entries": [
						"As part of his movement and without a running start, Pharblex can long jump up to 20 feet and high jump up to 10 feet."
					]
				},
				{
					"name": "Swamp Camouflage",
					"entries": [
						"Pharblex has advantage on Dexterity ({@skill Stealth}) checks made to hide in swampy terrain."
					]
				}
			],
			"action": [
				{
					"name": "Multiattack",
					"entries": [
						"Pharblex attacks twice. Once with his bite and once with his spear."
					]
				},
				{
					"name": "Bite",
					"entries": [
						"{@atk mw} {@hit 5} to hit, reach 5 ft., one target. {@h}4 ({@damage 1d4 + 2}) piercing damage."
					]
				},
				{
					"name": "Spear",
					"entries": [
						"{@atk mw,rw} {@hit 5} to hit. reach 5 ft. or ranged 20/60 ft., one target. {@h}5 ({@damage 1d6 + 2}) piercing damage."
					]
				}
			],
			"traitTags": [
				"Amphibious"
			],
			"actionTags": [
				"Multiattack"
			],
			"languageTags": [
				"C",
				"OTH"
			],
			"damageTags": [
				"I",
				"P"
			],
			"damageTagsSpell": [
				"I",
				"P",
				"T"
			],
			"spellcastingTags": [
				"CD"
			],
			"miscTags": [
				"MW",
				"RW",
				"THW"
			],
			"hasToken": true,
			"hasFluffImages": true
		},
		{
			"name": "Raggnar Redtooth",
			"isNpc": true,
			"source": "HotDQ",
			"page": 74,
			"_copy": {
				"name": "Veteran",
				"source": "MM",
				"_mod": {
					"*": {
						"mode": "replaceTxt",
						"replace": "the veteran",
						"with": "Raggnar",
						"flags": "i"
					}
				}
			},
			"ac": [
				11
			]
		},
		{
			"name": "Rath Modar",
			"isNpc": true,
			"source": "HotDQ",
			"page": 92,
			"otherSources": [
				{
					"source": "RoT",
					"page": 91
				}
			],
			"size": [
				"M"
			],
			"type": {
				"type": "humanoid",
				"tags": [
					"human"
				]
			},
			"alignment": [
				"L",
				"E"
			],
			"ac": [
				13,
				{
					"ac": 16,
					"condition": "with {@spell mage armor}",
					"braces": true
				}
			],
			"hp": {
				"average": 71,
				"formula": "11d8 + 22"
			},
			"speed": {
				"walk": 30
			},
			"str": 11,
			"dex": 16,
			"con": 14,
			"int": 18,
			"wis": 14,
			"cha": 10,
			"save": {
				"int": "+7",
				"wis": "+5"
			},
			"skill": {
				"arcana": "+7",
				"deception": "+3",
				"insight": "+5",
				"stealth": "+6"
			},
			"passive": 12,
			"languages": [
				"Common",
				"Draconic",
				"Infernal",
				"Primordial",
				"Thayan"
			],
			"cr": "6",
			"spellcasting": [
				{
					"name": "Spellcasting",
					"headerEntries": [
						"Rath is an 11th-level spellcaster who uses Intelligence as his spellcasting ability (spell save {@dc 15}, {@hit 7} to hit with spell attacks). Rath has the following spells prepared from the wizard spell list:"
					],
					"spells": {
						"0": {
							"spells": [
								"{@spell fire bolt}",
								"{@spell minor illusion}",
								"{@spell prestidigitation}",
								"{@spell shocking grasp}"
							]
						},
						"1": {
							"slots": 4,
							"spells": [
								"{@spell chromatic orb}",
								"{@spell color spray}",
								"{@spell mage armor}",
								"{@spell magic missile}"
							]
						},
						"2": {
							"slots": 3,
							"spells": [
								"{@spell detect thoughts}",
								"{@spell mirror image}",
								"{@spell phantasmal force}"
							]
						},
						"3": {
							"slots": 3,
							"spells": [
								"{@spell counterspell}",
								"{@spell fireball}",
								"{@spell major image}"
							]
						},
						"4": {
							"slots": 3,
							"spells": [
								"{@spell confusion}",
								"{@spell greater invisibility}"
							]
						},
						"5": {
							"slots": 2,
							"spells": [
								"{@spell mislead}",
								"{@spell seeming}"
							]
						},
						"6": {
							"slots": 1,
							"spells": [
								"{@spell globe of invulnerability}"
							]
						}
					},
					"ability": "int"
				}
			],
			"trait": [
				{
					"name": "Special Equipment",
					"entries": [
						"Rath has a {@item staff of fire}, and scrolls of {@spell dimension door}, {@spell feather fall}, and {@spell fireball}."
					]
				}
			],
			"action": [
				{
					"name": "Quarterstaff",
					"entries": [
						"{@atk mw} {@hit 4} to hit, reach 5 ft., one target. {@h}4 ({@damage 1d8}) bludgeoning damage."
					]
				}
			],
			"reaction": [
				{
					"name": "Illusory Self (Recharges on a Short or Long Rest)",
					"entries": [
						"When a creature Rath can see makes an attack roll against him, he can interpose an illusory duplicate between the attacker and him. The attack automatically misses Rath, then the illusion dissipates."
					]
				}
			],
			"languageTags": [
				"C",
				"DR",
				"I",
				"OTH",
				"P"
			],
			"damageTags": [
				"B"
			],
			"damageTagsSpell": [
				"A",
				"C",
				"F",
				"I",
				"L",
				"O",
				"T",
				"Y"
			],
			"spellcastingTags": [
				"CW"
			],
			"miscTags": [
				"MW"
			],
			"hasToken": true,
			"hasFluffImages": true
		},
		{
			"name": "Rezmir",
			"isNpc": true,
			"isNamedCreature": true,
			"source": "HotDQ",
			"page": 93,
			"otherSources": [
				{
					"source": "RoT"
				}
			],
			"size": [
				"M"
			],
			"type": {
				"type": "humanoid",
				"tags": [
					"half-black dragon"
				]
			},
			"alignment": [
				"N",
				"E"
			],
			"ac": [
				13,
				{
					"ac": 15,
					"condition": "with the Black Dragon Mask",
					"braces": true
				}
			],
			"hp": {
				"average": 90,
				"formula": "12d8 + 36"
			},
			"speed": {
				"walk": 30
			},
			"str": 18,
			"dex": 16,
			"con": 16,
			"int": 15,
			"wis": 12,
			"cha": 14,
			"save": {
				"dex": "+6",
				"wis": "+4"
			},
			"skill": {
				"arcana": "+5",
				"stealth": "+9"
			},
			"senses": [
				"blindsight 10 ft.",
				"darkvision 120 ft."
			],
			"passive": 11,
			"immune": [
				"acid"
			],
			"conditionImmune": [
				"charmed",
				"frightened"
			],
			"languages": [
				"Common",
				"Draconic",
				"Infernal",
				"Giant",
				"Netherese"
			],
			"cr": "7",
			"trait": [
				{
					"name": "Special Equipment",
					"entries": [
						"Rezmir has the {@item Black Dragon Mask|hotdq}, {@item Hazirawn|hotdq}, and an {@item insignia of claws|hotdq}."
					]
				},
				{
					"name": "Amphibious",
					"entries": [
						"Rezmir can breathe air and water."
					]
				},
				{
					"name": "Dark Advantage",
					"entries": [
						"Once per turn, Rezmir can deal an extra 10 ({@dice 3d6}) damage when she hits with a weapon attack, provided Rezmir has advantage on the attack roll."
					]
				},
				{
					"name": "Draconic Majesty",
					"entries": [
						"While wearing no armor and wearing the Black Dragon Mask, Rezmir adds her Charisma bonus to her AC (included)."
					]
				},
				{
					"name": "Immolation",
					"entries": [
						"When Rezmir is reduced to 0 hit points, her body disintegrates into a pile of ash."
					]
				},
				{
					"name": "Legendary Resistance (1/Day)",
					"entries": [
						"If Rezmir fails a saving throw while wearing the Black Dragon Mask, she can choose to succeed instead."
					]
				}
			],
			"action": [
				{
					"name": "Greatsword (Hazirawn)",
					"entries": [
						"{@atk mw} {@hit 9} to hit, reach 5 ft., one target. {@h}13 ({@damage 2d6 + 6}) slashing damage plus 7 ({@damage 2d6}) necrotic damage. If the target is a creature, it can't regain hit points for 1 minute. The target can make a {@dc 15} Constitution saving throw at the end of each of its turns, ending this effect early on a success."
					]
				},
				{
					"name": "Caustic Bolt",
					"entries": [
						"{@atk rs} {@hit 8} to hit, range 90 ft., one target. {@h}18 ({@damage 4d8}) acid damage."
					]
				},
				{
					"name": "Acid Breath {@recharge 5}",
					"entries": [
						"Rezmir breathes acid in a 30-foot line that is 5 feet wide. Each creature in the line must make a {@dc 14} Dexterity saving throw, taking 22 ({@damage 5d8}) acid damage on a failed save, or half as much damage on a successful one."
					]
				}
			],
			"legendaryHeader": [
				"If she is wearing the Black Dragon Mask, Rezmir can take up to two legendary actions between each of her turns, taking the actions all at once or spreading them over the round. A legendary action can be taken only at the start or end of a turn."
			],
			"legendaryActions": 2,
			"legendary": [
				{
					"name": "Darkness (Costs 2 Actions)",
					"entries": [
						"A 15-foot radius of magical darkness extends from a point Rezmir can see within 60 feet of her and spreads around corners. The darkness lasts as long as Rezmir maintains concentration, up to 1 minute. A creature with darkvision can't see through this darkness, and no natural light can illuminate it. If any of the area overlaps with a area of light created by a spell of 2nd level or lower, the spell creating the light is dispelled."
					]
				},
				{
					"name": "Melee Attack",
					"entries": [
						"Rezmir makes one melee attack."
					]
				},
				{
					"name": "Hide",
					"entries": [
						"Rezmir takes the Hide action."
					]
				}
			],
			"traitTags": [
				"Amphibious",
				"Legendary Resistances"
			],
			"senseTags": [
				"B",
				"SD"
			],
			"actionTags": [
				"Breath Weapon"
			],
			"languageTags": [
				"C",
				"DR",
				"GI",
				"I",
				"OTH"
			],
			"damageTags": [
				"A",
				"N",
				"S"
			],
			"miscTags": [
				"AOE",
				"MW"
			],
			"hasToken": true,
			"hasFluffImages": true
		},
		{
			"name": "Sandesyl Morgia",
			"isNpc": true,
			"source": "HotDQ",
			"page": 81,
			"_copy": {
				"name": "Vampire",
				"source": "MM",
				"_mod": {
					"*": {
						"mode": "replaceTxt",
						"replace": "the vampire",
						"with": "Sandesyl",
						"flags": "i"
					}
				}
			},
			"hasToken": true
		},
		{
			"name": "Talis the White",
			"isNpc": true,
			"source": "HotDQ",
			"page": 93,
			"size": [
				"M"
			],
			"type": {
				"type": "humanoid",
				"tags": [
					"half-elf"
				]
			},
			"alignment": [
				"L",
				"E"
			],
			"ac": [
				{
					"ac": 18,
					"from": [
						"{@item +1 scale mail}",
						"{@item shield|phb}"
					]
				}
			],
			"hp": {
				"average": 58,
				"formula": "9d8 + 18"
			},
			"speed": {
				"walk": 30
			},
			"str": 14,
			"dex": 12,
			"con": 14,
			"int": 10,
			"wis": 16,
			"cha": 16,
			"save": {
				"wis": "+6",
				"cha": "+6"
			},
			"skill": {
				"deception": "+6",
				"insight": "+6",
				"perception": "+6",
				"persuasion": "+6"
			},
			"senses": [
				"darkvision 60 ft."
			],
			"passive": 16,
			"languages": [
				"Common",
				"Draconic",
				"Elvish",
				"Infernal"
			],
			"cr": "5",
			"spellcasting": [
				{
					"name": "Spellcasting",
					"headerEntries": [
						"Talis is a 9th-level spellcaster that uses Wisdom as her spellcasting ability (spell save {@dc 14}, {@hit 6} to hit with spell attacks). Talis has the following spells prepared from the cleric spell list:"
					],
					"spells": {
						"0": {
							"spells": [
								"{@spell guidance}",
								"{@spell resistance}",
								"{@spell thaumaturgy}"
							]
						},
						"1": {
							"slots": 4,
							"spells": [
								"{@spell command}",
								"{@spell cure wounds}",
								"{@spell healing word}",
								"{@spell inflict wounds}"
							]
						},
						"2": {
							"slots": 3,
							"spells": [
								"{@spell blindness/deafness}",
								"{@spell lesser restoration}",
								"{@spell spiritual weapon} (spear)"
							]
						},
						"3": {
							"slots": 3,
							"spells": [
								"{@spell dispel magic}",
								"{@spell mass healing word}",
								"{@spell sending}"
							]
						},
						"4": {
							"slots": 3,
							"spells": [
								"{@spell death ward}",
								"{@spell freedom of movement}"
							]
						},
						"5": {
							"slots": 1,
							"spells": [
								"{@spell insect plague}"
							]
						}
					},
					"ability": "wis"
				}
			],
			"trait": [
				{
					"name": "Special Equipment",
					"entries": [
						"Talis has {@item +1 scale mail} and a {@item wand of winter|hotdq}."
					]
				},
				{
					"name": "Fey Ancestry",
					"entries": [
						"Talis has advantage on saving throws against being {@condition charmed}, and magic can't put her to sleep."
					]
				},
				{
					"name": "Winter Strike (3/Day)",
					"entries": [
						"Once per turn, when Talis hits with a melee attack, she can expend a use of this trait to deal an extra 9 ({@damage 2d8}) cold damage."
					]
				}
			],
			"action": [
				{
					"name": "Spear",
					"entries": [
						"{@atk mw,rw} {@hit 5} to hit, reach 5 ft. or ranged 20/60 ft., one target. {@h}6 ({@damage 1d6 + 2}) piercing damage."
					]
				}
			],
			"traitTags": [
				"Fey Ancestry"
			],
			"senseTags": [
				"D"
			],
			"languageTags": [
				"C",
				"DR",
				"E",
				"I"
			],
			"damageTags": [
				"C",
				"P"
			],
			"damageTagsSpell": [
				"N",
				"O",
				"P"
			],
			"spellcastingTags": [
				"CC"
			],
			"miscTags": [
				"MW",
				"RW",
				"THW"
			],
			"conditionInflictSpell": [
				"blinded",
				"deafened",
				"prone"
			],
			"hasToken": true,
			"hasFluffImages": true
		},
		{
			"name": "Trepsin",
			"isNpc": true,
			"source": "HotDQ",
			"page": 63,
			"size": [
				"L"
			],
			"type": "giant",
			"alignment": [
				"C",
				"E"
			],
			"ac": [
				{
					"ac": 15,
					"from": [
						"natural armor"
					]
				}
			],
			"hp": {
				"average": 84,
				"formula": "8d10 + 40"
			},
			"speed": {
				"walk": 30
			},
			"str": 18,
			"dex": 13,
			"con": 20,
			"int": 7,
			"wis": 9,
			"cha": 7,
			"skill": {
				"perception": "+2"
			},
			"senses": [
				"darkvision 60 ft."
			],
			"passive": 11,
			"languages": [
				"Giant"
			],
			"cr": "6",
			"trait": [
				{
					"name": "Keen Smell",
					"entries": [
						"The troll has advantage on Wisdom ({@skill Perception}) checks that rely on smell."
					]
				},
				{
					"name": "Regeneration",
					"entries": [
						"The troll regains 10 hit points at the start of its turn. If the troll takes acid or fire damage, this trait doesn't function at the start of the troll's next turn. The troll dies only if it starts its turn with 0 hit points and doesn't regenerate."
					]
				}
			],
			"action": [
				{
					"name": "Multiattack",
					"entries": [
						"The troll attacks five times, once with its bite and four times with its claws. If two or more claws hit the same target, the troll rends the target, dealing an extra {@dice 2d6} slashing damage."
					]
				},
				{
					"name": "Bite",
					"entries": [
						"{@atk mw} {@hit +7} to hit, reach 5 ft., one target. {@h}7 ({@damage 1d6 + 4}) piercing damage."
					]
				},
				{
					"name": "Claw",
					"entries": [
						"{@atk mw} {@hit +7} to hit, reach 5 ft., one target. {@h}11 ({@damage 2d6 + 4}) slashing damage."
					]
				}
			],
			"traitTags": [
				"Keen Senses",
				"Regeneration"
			],
			"senseTags": [
				"D"
			],
			"actionTags": [
				"Multiattack"
			],
			"languageTags": [
				"GI"
			],
			"damageTags": [
				"P",
				"S"
			],
			"miscTags": [
				"MW"
			],
			"hasToken": true,
			"hasFluff": true,
			"hasFluffImages": true
		}
	]
}
