{
	"variant": [
		{
			"name": "+1 Ammunition",
			"type": "GV",
			"requires": [
				{
					"type": "A"
				},
				{
					"type": "AF"
				}
			],
			"ammo": true,
			"inherits": {
				"namePrefix": "+1 ",
				"source": "DMG",
				"page": 150,
				"srd": true,
				"tier": "minor",
				"rarity": "uncommon",
				"bonusWeapon": "+1",
				"entries": [
					"You have a {=bonusWeapon} bonus to attack and damage rolls made with this piece of magic ammunition. Once it hits a target, the ammunition is no longer magical."
				],
				"lootTables": [
					"Magic Item Table B"
				]
			}
		},
		{
			"name": "+1 Armor",
			"type": "GV",
			"requires": [
				{
					"armor": true
				}
			],
			"inherits": {
				"namePrefix": "+1 ",
				"source": "DMG",
				"page": 152,
				"srd": true,
				"basicRules": true,
				"tier": "major",
				"rarity": "rare",
				"bonusAc": "+1",
				"entries": [
					"You have a {=bonusAc} bonus to AC while wearing this armor."
				]
			}
		},
		{
			"name": "+1 Shield (*)",
			"type": "GV",
			"requires": [
				{
					"type": "S"
				}
			],
			"entries": [
				"{@note * This generic variant has the same name and source as the item {@item +1 shield}}.",
				"While holding this shield, you have a +1 bonus to AC. This bonus is in addition to the shield's normal bonus to AC."
			],
			"inherits": {
				"namePrefix": "+1 ",
				"source": "DMG",
				"page": 200,
				"srd": true,
				"tier": "major",
				"rarity": "uncommon",
				"bonusAc": "+1",
				"entries": [
					"While holding this shield, you have a {=bonusAc} bonus to AC. This bonus is in addition to the shield's normal bonus to AC."
				]
			}
		},
		{
			"name": "+1 Weapon",
			"type": "GV",
			"requires": [
				{
					"weapon": true
				}
			],
			"excludes": {
				"net": true
			},
			"inherits": {
				"namePrefix": "+1 ",
				"source": "DMG",
				"page": 213,
				"srd": true,
				"basicRules": true,
				"tier": "major",
				"rarity": "uncommon",
				"bonusWeapon": "+1",
				"entries": [
					"You have a {=bonusWeapon} bonus to attack and damage rolls made with this magic weapon."
				],
				"lootTables": [
					"Magic Item Table F"
				]
			}
		},
		{
			"name": "+1 Weapon (no damage)",
			"type": "GV",
			"requires": [
				{
					"net": true
				}
			],
			"inherits": {
				"namePrefix": "+1 ",
				"source": "DMG",
				"page": 213,
				"tier": "major",
				"rarity": "uncommon",
				"bonusWeaponAttack": "+1",
				"entries": [
					"You have a {=bonusWeaponAttack} bonus to attack rolls made with this weapon."
				]
			}
		},
		{
			"name": "+2 Ammunition",
			"type": "GV",
			"requires": [
				{
					"type": "A"
				},
				{
					"type": "AF"
				}
			],
			"ammo": true,
			"inherits": {
				"namePrefix": "+2 ",
				"source": "DMG",
				"page": 150,
				"srd": true,
				"tier": "minor",
				"rarity": "rare",
				"bonusWeapon": "+2",
				"entries": [
					"You have a {=bonusWeapon} bonus to attack and damage rolls made with this piece of magic ammunition. Once it hits a target, the ammunition is no longer magical."
				],
				"lootTables": [
					"Magic Item Table C"
				]
			}
		},
		{
			"name": "+2 Armor",
			"type": "GV",
			"requires": [
				{
					"armor": true
				}
			],
			"inherits": {
				"namePrefix": "+2 ",
				"source": "DMG",
				"page": 152,
				"srd": true,
				"basicRules": true,
				"tier": "major",
				"rarity": "very rare",
				"bonusAc": "+2",
				"entries": [
					"You have a {=bonusAc} bonus to AC while wearing this armor."
				]
			}
		},
		{
			"name": "+2 Shield (*)",
			"type": "GV",
			"requires": [
				{
					"type": "S"
				}
			],
			"entries": [
				"{@note * This generic variant has the same name and source as the item {@item +2 shield}}.",
				"While holding this shield, you have a +2 bonus to AC. This bonus is in addition to the shield's normal bonus to AC."
			],
			"inherits": {
				"namePrefix": "+2 ",
				"source": "DMG",
				"page": 200,
				"srd": true,
				"tier": "major",
				"rarity": "rare",
				"bonusAc": "+2",
				"entries": [
					"While holding this shield, you have a {=bonusAc} bonus to AC. This bonus is in addition to the shield's normal bonus to AC."
				]
			}
		},
		{
			"name": "+2 Weapon",
			"type": "GV",
			"requires": [
				{
					"weapon": true
				}
			],
			"excludes": {
				"net": true
			},
			"inherits": {
				"namePrefix": "+2 ",
				"source": "DMG",
				"page": 213,
				"srd": true,
				"basicRules": true,
				"tier": "major",
				"rarity": "rare",
				"bonusWeapon": "+2",
				"entries": [
					"You have a {=bonusWeapon} bonus to attack and damage rolls made with this magic weapon."
				],
				"lootTables": [
					"Magic Item Table G"
				]
			}
		},
		{
			"name": "+2 Weapon (no damage)",
			"type": "GV",
			"requires": [
				{
					"net": true
				}
			],
			"inherits": {
				"namePrefix": "+2 ",
				"source": "DMG",
				"page": 213,
				"tier": "major",
				"rarity": "rare",
				"bonusWeaponAttack": "+2",
				"entries": [
					"You have a {=bonusWeaponAttack} bonus to attack rolls made with this weapon."
				]
			}
		},
		{
			"name": "+3 Ammunition",
			"type": "GV",
			"requires": [
				{
					"type": "A"
				},
				{
					"type": "AF"
				}
			],
			"ammo": true,
			"inherits": {
				"namePrefix": "+3 ",
				"source": "DMG",
				"page": 150,
				"srd": true,
				"tier": "minor",
				"rarity": "very rare",
				"bonusWeapon": "+3",
				"entries": [
					"You have a {=bonusWeapon} bonus to attack and damage rolls made with this piece of magic ammunition. Once it hits a target, the ammunition is no longer magical."
				],
				"lootTables": [
					"Magic Item Table D"
				]
			}
		},
		{
			"name": "+3 Armor",
			"type": "GV",
			"requires": [
				{
					"armor": true
				}
			],
			"inherits": {
				"namePrefix": "+3 ",
				"source": "DMG",
				"page": 152,
				"srd": true,
				"basicRules": true,
				"tier": "major",
				"rarity": "legendary",
				"bonusAc": "+3",
				"entries": [
					"You have a {=bonusAc} bonus to AC while wearing this armor."
				]
			}
		},
		{
			"name": "+3 Shield (*)",
			"type": "GV",
			"requires": [
				{
					"type": "S"
				}
			],
			"entries": [
				"{@note * This generic variant has the same name and source as the item {@item +3 shield}}.",
				"While holding this shield, you have a +3 bonus to AC. This bonus is in addition to the shield's normal bonus to AC."
			],
			"inherits": {
				"namePrefix": "+3 ",
				"source": "DMG",
				"page": 200,
				"srd": true,
				"tier": "major",
				"rarity": "very rare",
				"bonusAc": "+3",
				"entries": [
					"While holding this shield, you have a {=bonusAc} bonus to AC. This bonus is in addition to the shield's normal bonus to AC."
				]
			}
		},
		{
			"name": "+3 Weapon",
			"type": "GV",
			"requires": [
				{
					"weapon": true
				}
			],
			"excludes": {
				"net": true
			},
			"inherits": {
				"namePrefix": "+3 ",
				"source": "DMG",
				"page": 213,
				"srd": true,
				"basicRules": true,
				"tier": "major",
				"rarity": "very rare",
				"bonusWeapon": "+3",
				"entries": [
					"You have a {=bonusWeapon} bonus to attack and damage rolls made with this magic weapon."
				],
				"lootTables": [
					"Magic Item Table H"
				]
			}
		},
		{
			"name": "+3 Weapon (no damage)",
			"type": "GV",
			"requires": [
				{
					"net": true
				}
			],
			"inherits": {
				"namePrefix": "+3 ",
				"source": "DMG",
				"page": 213,
				"tier": "major",
				"rarity": "very rare",
				"bonusWeaponAttack": "+3",
				"entries": [
					"You have a {=bonusWeaponAttack} bonus to attack rolls made with this weapon."
				]
			}
		},
		{
			"name": "Acheron Blade",
			"type": "GV",
			"requires": [
				{
					"sword": true
				}
			],
			"inherits": {
				"namePrefix": "Acheron Blade ",
				"source": "EGW",
				"page": 265,
				"rarity": "rare",
				"reqAttune": true,
				"bonusWeapon": "+1",
				"entries": [
					"The black blade of this sword is crafted from a mysterious arcane alloy. You gain a {=bonusWeapon} bonus to attack and damage rolls made with this magic weapon. While the sword is on your person, you are immune to effects that turn undead.",
					{
						"type": "entries",
						"name": "Dark Blessing",
						"entries": [
							"While holding the sword, you can use an action to give yourself {@dice 1d4 + 4} temporary hit points. This property can't be used again until the next dusk."
						]
					},
					{
						"type": "entries",
						"name": "Disheartening Strike",
						"entries": [
							"When you hit a creature with an attack using this weapon, you can fill the target with unsettling dread: the target has disadvantage on the next saving throw it makes before the end of your next turn. The creature ignores this effect if it's immune to the {@condition frightened} condition. Once you use this property, you can't do so again until the next dusk."
						]
					}
				]
			}
		},
		{
			"name": "Adamantine Ammunition",
			"type": "GV",
			"requires": [
				{
					"type": "A"
				},
				{
					"type": "AF"
				}
			],
			"excludes": {
				"name": "Energy Cell"
			},
			"ammo": true,
			"entries": [
				"Ammunition made of or coated with adamantine is unusually effective when used to break objects. Whenever a piece of adamantine ammunition hits an object, the hit is a critical hit.",
				"The adamantine version of ten pieces of ammunition costs 500 gp more than the normal version, whether the ammunition is made of the metal or coated with it."
			],
			"inherits": {
				"namePrefix": "Adamantine ",
				"source": "XGE",
				"page": 78,
				"tier": "minor",
				"rarity": "unknown",
				"entries": [
					"Whenever you hit an object using this ammunition, the hit is a critical hit."
				]
			}
		},
		{
			"name": "Adamantine Armor",
			"type": "GV",
			"requires": [
				{
					"type": "HA"
				},
				{
					"type": "MA"
				}
			],
			"excludes": {
				"name": "Hide Armor"
			},
			"inherits": {
				"namePrefix": "Adamantine ",
				"source": "DMG",
				"page": 150,
				"srd": true,
				"tier": "major",
				"rarity": "uncommon",
				"entries": [
					"This suit of armor is reinforced with adamantine, one of the hardest substances in existence. While you're wearing it, any critical hit against you becomes a normal hit."
				]
			}
		},
		{
			"name": "Adamantine Weapon",
			"type": "GV",
			"requires": [
				{
					"weapon": true
				}
			],
			"excludes": {
				"net": true
			},
			"entries": [
				"Melee weapons made of or coated with adamantine are unusually effective when used to break objects. Whenever an adamantine weapon hits an object, the hit is a critical hit.",
				"The adamantine version of a melee weapon costs 500 gp more than the normal version, whether the weapon is made of the metal or coated with it."
			],
			"inherits": {
				"namePrefix": "Adamantine ",
				"source": "XGE",
				"page": 78,
				"tier": "major",
				"rarity": "unknown",
				"valueExpression": "[[baseItem.value]] + 50000",
				"entries": [
					"Whenever you hit an object with this weapon, the hit is a critical hit."
				]
			}
		},
		{
			"name": "Armblade",
			"type": "GV",
			"requires": [
				{
					"type": "M"
				}
			],
			"excludes": {
				"property": "2H"
			},
			"inherits": {
				"nameSuffix": " Armblade",
				"source": "ERLW",
				"page": 276,
				"otherSources": [
					{
						"source": "UAWGE",
						"page": 120
					}
				],
				"rarity": "common",
				"reqAttune": "by a warforged",
				"reqAttuneTags": [
					{
						"race": "warforged|erlw"
					}
				],
				"entries": [
					"An armblade is a magic weapon that attaches to your arm, becoming inseparable from you as long as you're attuned to it. To attune to this item, you must hold it against your forearm for the entire attunement period.",
					"As a bonus action, you can retract the armblade into your forearm or extend it from there. While it is extended, you can use the weapon as if you were holding it, and you can't use that hand for other purposes."
				]
			},
			"hasFluffImages": true
		},
		{
			"name": "Armor of Acid Resistance",
			"type": "GV",
			"requires": [
				{
					"armor": true
				}
			],
			"inherits": {
				"nameSuffix": " of Acid Resistance",
				"source": "DMG",
				"page": 152,
				"srd": true,
				"resist": [
					"acid"
				],
				"tier": "major",
				"rarity": "rare",
				"reqAttune": true,
				"hasRefs": true,
				"entries": [
					"{#itemEntry Armor of Resistance}"
				]
			}
		},
		{
			"name": "Armor of Cold Resistance",
			"type": "GV",
			"requires": [
				{
					"armor": true
				}
			],
			"inherits": {
				"nameSuffix": " of Cold Resistance",
				"source": "DMG",
				"page": 152,
				"srd": true,
				"resist": [
					"cold"
				],
				"tier": "major",
				"rarity": "rare",
				"reqAttune": true,
				"hasRefs": true,
				"entries": [
					"{#itemEntry Armor of Resistance}"
				]
			}
		},
		{
			"name": "Armor of Fire Resistance",
			"type": "GV",
			"requires": [
				{
					"armor": true
				}
			],
			"inherits": {
				"nameSuffix": " of Fire Resistance",
				"source": "DMG",
				"page": 152,
				"srd": true,
				"resist": [
					"fire"
				],
				"tier": "major",
				"rarity": "rare",
				"reqAttune": true,
				"hasRefs": true,
				"entries": [
					"{#itemEntry Armor of Resistance}"
				]
			}
		},
		{
			"name": "Armor of Force Resistance",
			"type": "GV",
			"requires": [
				{
					"armor": true
				}
			],
			"inherits": {
				"nameSuffix": " of Force Resistance",
				"source": "DMG",
				"page": 152,
				"srd": true,
				"resist": [
					"force"
				],
				"tier": "major",
				"rarity": "rare",
				"reqAttune": true,
				"hasRefs": true,
				"entries": [
					"{#itemEntry Armor of Resistance}"
				]
			}
		},
		{
			"name": "Armor of Gleaming",
			"type": "GV",
			"requires": [
				{
					"armor": true
				}
			],
			"inherits": {
				"nameSuffix": " of Gleaming",
				"source": "XGE",
				"page": 136,
				"tier": "minor",
				"rarity": "common",
				"entries": [
					"This armor never gets dirty."
				]
			}
		},
		{
			"name": "Armor of Lightning Resistance",
			"type": "GV",
			"requires": [
				{
					"armor": true
				}
			],
			"inherits": {
				"nameSuffix": " of Lightning Resistance",
				"source": "DMG",
				"page": 152,
				"srd": true,
				"resist": [
					"lightning"
				],
				"tier": "major",
				"rarity": "rare",
				"reqAttune": true,
				"hasRefs": true,
				"entries": [
					"{#itemEntry Armor of Resistance}"
				]
			}
		},
		{
			"name": "Armor of Necrotic Resistance",
			"type": "GV",
			"requires": [
				{
					"armor": true
				}
			],
			"inherits": {
				"nameSuffix": " of Necrotic Resistance",
				"source": "DMG",
				"page": 152,
				"srd": true,
				"resist": [
					"necrotic"
				],
				"tier": "major",
				"rarity": "rare",
				"reqAttune": true,
				"hasRefs": true,
				"entries": [
					"{#itemEntry Armor of Resistance}"
				]
			}
		},
		{
			"name": "Armor of Poison Resistance",
			"type": "GV",
			"requires": [
				{
					"armor": true
				}
			],
			"inherits": {
				"nameSuffix": " of Poison Resistance",
				"source": "DMG",
				"page": 152,
				"srd": true,
				"resist": [
					"poison"
				],
				"tier": "major",
				"rarity": "rare",
				"reqAttune": true,
				"hasRefs": true,
				"entries": [
					"{#itemEntry Armor of Resistance}"
				]
			}
		},
		{
			"name": "Armor of Psychic Resistance",
			"type": "GV",
			"requires": [
				{
					"armor": true
				}
			],
			"inherits": {
				"nameSuffix": " of Psychic Resistance",
				"source": "DMG",
				"page": 152,
				"srd": true,
				"resist": [
					"psychic"
				],
				"tier": "major",
				"rarity": "rare",
				"reqAttune": true,
				"hasRefs": true,
				"entries": [
					"{#itemEntry Armor of Resistance}"
				]
			}
		},
		{
			"name": "Armor of Radiant Resistance",
			"type": "GV",
			"requires": [
				{
					"armor": true
				}
			],
			"inherits": {
				"nameSuffix": " of Radiant Resistance",
				"source": "DMG",
				"page": 152,
				"srd": true,
				"resist": [
					"radiant"
				],
				"tier": "major",
				"rarity": "rare",
				"reqAttune": true,
				"hasRefs": true,
				"entries": [
					"{#itemEntry Armor of Resistance}"
				]
			}
		},
		{
			"name": "Armor of Thunder Resistance",
			"type": "GV",
			"requires": [
				{
					"armor": true
				}
			],
			"inherits": {
				"nameSuffix": " of Thunder Resistance",
				"source": "DMG",
				"page": 152,
				"srd": true,
				"resist": [
					"thunder"
				],
				"tier": "major",
				"rarity": "rare",
				"reqAttune": true,
				"hasRefs": true,
				"entries": [
					"{#itemEntry Armor of Resistance}"
				]
			}
		},
		{
			"name": "Arrow of Slaying (*)",
			"type": "GV",
			"requires": [
				{
					"type": "A"
				},
				{
					"type": "AF"
				}
			],
			"excludes": {
				"page": 268
			},
			"ammo": true,
			"entries": [
				"{@note * This generic variant has the same name and source as the item {@item arrow of slaying}}.",
				"An {@italic arrow of slaying} is a magic weapon meant to slay a particular kind of creature. Some are more focused than others; for example, there are both {@italic arrows of dragon slaying} and {@italic arrows of blue dragon slaying}. If a creature belonging to the type, race, or group associated with an {@italic arrow of slaying} takes damage from the arrow, the creature must make a DC 17 Constitution saving throw, taking an extra {@dice 6d10} piercing damage on a failed save, or half as much extra damage on a successful one.",
				"Once an {@italic arrow of slaying} deals its extra damage to a creature, it becomes a nonmagical arrow.",
				"Other types of magic ammunition of this kind exist, such as bolts of slaying meant for a crossbow, though arrows are most common."
			],
			"inherits": {
				"nameSuffix": " of Slaying",
				"source": "DMG",
				"page": 152,
				"srd": true,
				"tier": "minor",
				"rarity": "very rare",
				"entries": [
					"{=baseName/at} {=baseName/l} of slaying is a magic weapon meant to slay a particular kind of creature. Some are more focused than others; for example, there are both {@i {=baseName/l}s of dragon slaying} and {@i {=baseName/l}s of blue dragon slaying}. If a creature belonging to the type, race, or group associated with {=baseName/a} {=baseName/l} of slaying takes damage from the {=baseName/l}, the creature must make a DC 17 Constitution saving throw, taking an extra {@dice 6d10} piercing damage on a failed save, or half as much extra damage on a successful one.",
					"Once {=baseName/a} {=baseName/l} of slaying deals its extra damage to a creature, it becomes a nonmagical {=baseName/l}."
				]
			},
			"hasFluffImages": true
		},
		{
			"name": "Ascendant Dragon's Wrath Weapon",
			"type": "GV",
			"requires": [
				{
					"weapon": true
				}
			],
			"inherits": {
				"namePrefix": "Ascendant Dragon's Wrath ",
				"source": "FTD",
				"page": 25,
				"rarity": "legendary",
				"reqAttune": true,
				"bonusWeapon": "+3",
				"entries": [
					"This weapon is decorated with dragon heads, claws, wings, scales, or Draconic letters. When it steeps in a dragon's hoard, it absorbs the energy of the dragon's breath weapon and deals damage of that type with its special properties.",
					"Whenever you roll a 20 on your attack roll with this weapon, each creature of your choice within 5 feet of the target takes 5 damage of the type dealt by the dragon's breath weapon.",
					"You gain a {=bonusWeapon} bonus to attack and damage rolls made using the weapon. On a hit, the weapon deals an extra {@damage 3d6} damage of the type dealt by the dragon's breath weapon.",
					"As an action, you can unleash a 60-foot cone of destructive energy from the weapon. Each creature in that area must make a DC 18 Dexterity saving throw, taking {@damage 12d6} damage of the type dealt by the dragon's breath weapon on a failed save, or half as much damage on a successful one. Once this action is used, it can't be used again until the next dawn."
				]
			}
		},
		{
			"name": "Barding",
			"type": "GV",
			"requires": [
				{
					"armor": true
				}
			],
			"inherits": {
				"nameSuffix": " Barding",
				"nameRemove": " Armor",
				"source": "PHB",
				"page": 157,
				"srd": true,
				"basicRules": true,
				"type": "TAH",
				"rarity": "none",
				"weightMult": 2,
				"weightExpression": "[[baseItem.weight]] * 2",
				"valueMult": 4,
				"valueExpression": "[[baseItem.value]] * 4",
				"barding": true,
				"entries": [
					"Barding is armor designed to protect an animal's head, neck, chest, and body. Any type of armor shown on the Armor table in this chapter can be purchased as barding. The cost is four times the equivalent armor made for humanoids, and it weighs twice as much."
				]
			}
		},
		{
			"name": "Berserker Axe",
			"type": "GV",
			"requires": [
				{
					"axe": true
				}
			],
			"inherits": {
				"namePrefix": "Berserker ",
				"source": "DMG",
				"page": 155,
				"srd": true,
				"tier": "major",
				"rarity": "rare",
				"reqAttune": true,
				"curse": true,
				"bonusWeapon": "+1",
				"entries": [
					"You gain a +1 bonus to attack and damage rolls made with this magic weapon. In addition, while you are attuned to this weapon, your hit point maximum increases by 1 for each level you have attained.",
					{
						"type": "entries",
						"name": "Curse",
						"entries": [
							"This axe is cursed, and becoming attuned to it extends the curse to you. As long as you remain cursed, you are unwilling to part with the axe, keeping it within reach at all times. You also have disadvantage on attack rolls with weapons other than this one, unless no foe is within 60 feet of you that you can see or hear."
						]
					},
					"Whenever a hostile creature damages you while the axe is in your possession, you must succeed on a DC 15 Wisdom saving throw or go berserk. While berserk, you must use your action each round to attack the creature nearest to you with the axe. If you can make extra attacks as part of the {@action Attack} action, you use those extra attacks, moving to attack the next nearest creature after you fell your current target. If you have multiple possible targets, you attack one at random. You are berserk until you start your turn with no creatures within 60 feet of you that you can see or hear."
				],
				"lootTables": [
					"Magic Item Table G"
				]
			},
			"hasFluffImages": true
		},
		{
			"name": "Blade of the Medusa",
			"type": "GV",
			"requires": [
				{
					"sword": true
				}
			],
			"inherits": {
				"nameSuffix": " of the Medusa",
				"source": "LLK",
				"page": 53,
				"rarity": "very rare",
				"reqAttune": true,
				"curse": true,
				"entries": [
					"When you attack a creature with this magic weapon and roll a 20 on the attack roll, the creature must make a DC 15 Constitution saving throw in addition to suffering the attack's normal effects. On a failed save, the creature is restrained and must make another Constitution saving throw at the end of each of its turns. If it successfully saves against this effect three times, the effect ends. If it fails its saves three times, it is turned to stone and subjected to the {@condition petrified} condition for 1 hour.",
					"A creature is immune to this effect if it is immune to damage of the weapon's type, does not have a body made of flesh, or has legendary actions.",
					{
						"name": "Curse",
						"type": "entries",
						"entries": [
							"This weapon is cursed, and becoming attuned to it extends the curse to you. Until the curse is broken with a {@spell remove curse} spell or similar magic, you are unwilling to part with the weapon. Whenever you attack a creature with this weapon and roll a 1 on the attack roll, you must succeed on a DC 15 Constitution saving throw or be {@condition restrained} and forced to make additional saves against being {@condition petrified}, as above."
						]
					}
				]
			}
		},
		{
			"name": "Cast-Off Armor",
			"type": "GV",
			"requires": [
				{
					"armor": true
				}
			],
			"inherits": {
				"namePrefix": "Cast-Off ",
				"source": "XGE",
				"page": 136,
				"tier": "minor",
				"rarity": "common",
				"entries": [
					"You can doff this armor as an action."
				]
			}
		},
		{
			"name": "Corpse Slayer",
			"type": "GV",
			"requires": [
				{
					"weapon": true
				}
			],
			"inherits": {
				"namePrefix": "Corpse Slayer ",
				"source": "EGW",
				"page": 266,
				"rarity": "rare",
				"reqAttune": true,
				"bonusWeapon": "+1",
				"entries": [
					"You gain a {=bonusWeapon} bonus to attack and damage rolls made with this magic weapon.",
					"When you hit an undead creature with an attack using this weapon, the attack deals an extra {@damage 1d8} damage of the weapon's type, and the creature has disadvantage on saving throws against effects that turn undead until the start of your next turn."
				]
			}
		},
		{
			"name": "Crystal Blade",
			"type": "GV",
			"requires": [
				{
					"sword": true
				}
			],
			"inherits": {
				"namePrefix": "Crystal ",
				"source": "FTD",
				"page": 22,
				"rarity": "rare",
				"reqAttune": true,
				"recharge": "dawn",
				"charges": 3,
				"entries": [
					"This magic sword's blade is fashioned from a horn or spine from a crystal dragon. When you hit with an attack roll using this sword, the target takes an extra {@damage 1d8} radiant damage.",
					"The sword has 3 charges and regains {@dice 1d3} expended charges daily at dawn. When you hit a creature with an attack roll using the sword, you can expend 1 charge to regain a number of hit points equal to the extra radiant damage the sword dealt.",
					"While you're holding the sword, you can use a bonus action to cause it to shed bright light in a 30-foot radius and dim light for an additional 30 feet, to cause it to shed dim light in a 10-foot radius, or to douse the light."
				]
			}
		},
		{
			"name": "Dancing Sword",
			"type": "GV",
			"requires": [
				{
					"sword": true
				}
			],
			"inherits": {
				"namePrefix": "Dancing ",
				"source": "DMG",
				"page": 161,
				"srd": true,
				"tier": "major",
				"rarity": "very rare",
				"reqAttune": true,
				"entries": [
					"You can use a bonus action to toss this magic sword into the air and speak the command word. When you do so, the sword begins to hover, flies up to 30 feet, and attacks one creature of your choice within 5 feet of it. The sword uses your attack roll and ability score modifier to damage rolls.",
					"While the sword hovers, you can use a bonus action to cause it to fly up to 30 feet to another spot within 30 feet of you. As part of the same bonus action, you can cause the sword to attack one creature within 5 feet of it.",
					"After the hovering sword attacks for the fourth time, it flies up to 30 feet and tries to return to your hand. If you have no hand free, it falls to the ground at your feet. If the sword has no unobstructed path to you, it moves as close to you as it can and then falls to the ground. It also ceases to hover if you grasp it or move more than 30 feet away from it."
				],
				"lootTables": [
					"Magic Item Table H"
				]
			},
			"hasFluffImages": true
		},
		{
			"name": "Defender",
			"type": "GV",
			"requires": [
				{
					"sword": true
				}
			],
			"inherits": {
				"namePrefix": "Defender ",
				"source": "DMG",
				"page": 164,
				"srd": true,
				"tier": "major",
				"rarity": "legendary",
				"reqAttune": true,
				"bonusWeapon": "+3",
				"bonusAc": "+1",
				"entries": [
					"You gain a +3 bonus to attack and damage rolls made with this magic weapon.",
					"The first time you attack with the sword on each of your turns, you can transfer some or all of the sword's bonus to your Armor Class, instead of using the bonus on any attacks that turn. For example, you could reduce the bonus to your attack and damage rolls to +1 and gain a +2 bonus to AC. The adjusted bonuses remain in effect until the start of your next turn, although you must hold the sword to gain a bonus to AC from it."
				],
				"lootTables": [
					"Magic Item Table I"
				]
			},
			"hasFluffImages": true
		},
		{
			"name": "Dragon Slayer",
			"type": "GV",
			"requires": [
				{
					"sword": true
				}
			],
			"inherits": {
				"namePrefix": "Dragon Slayer ",
				"source": "DMG",
				"page": 166,
				"srd": true,
				"tier": "major",
				"rarity": "rare",
				"bonusWeapon": "+1",
				"entries": [
					"You gain a +1 bonus to attack and damage rolls made with this magic weapon.",
					"When you hit a dragon with this weapon, the dragon takes an extra {@dice 3d6} damage of the weapon's type. For the purpose of this weapon, \"dragon\" refers to any creature with the dragon type, including dragon turtles and wyverns."
				],
				"lootTables": [
					"Magic Item Table G"
				]
			},
			"hasFluffImages": true
		},
		{
			"name": "Dragon Wing Bow",
			"type": "GV",
			"requires": [
				{
					"bow": true
				},
				{
					"crossbow": true
				}
			],
			"inherits": {
				"namePrefix": "Dragon Wing ",
				"source": "FTD",
				"page": 23,
				"rarity": "rare",
				"reqAttune": true,
				"entries": [
					"The limb tips of this magic bow are shaped like a dragon's wings, and the weapon is infused with the essence of a chromatic, gem, or metallic dragon's breath. When you hit with an attack roll using this magic bow, the target takes an extra {@damage 1d6} damage of the same type as the breath infused in the bow\u2014acid, cold, fire, force, lightning, necrotic, poison, psychic, radiant, or thunder.",
					"If you load no ammunition in the weapon, it produces its own, automatically creating one piece of magic ammunition when you pull back the string. The ammunition created by the bow vanishes the instant after it hits or misses a target."
				]
			}
		},
		{
			"name": "Dragonlance",
			"type": "GV",
			"requires": [
				{
					"name": "Pike"
				},
				{
					"name": "Lance"
				}
			],
			"inherits": {
				"namePrefix": "Dragonlance ",
				"source": "FTD",
				"page": 23,
				"rarity": "legendary",
				"reqAttune": true,
				"bonusWeapon": "+3",
				"entries": [
					"A dragonlance is a renowned weapon forged from rare metal with the aid of powerful artifacts associated with Bahamut. Different lances are forged for use by foot soldiers (as pikes) and by riders (as lances), but the magical properties of the weapons are the same.",
					"You gain a {=bonusWeapon} bonus to attack and damage rolls made with this magic weapon.",
					"When you hit a Dragon with this weapon, the Dragon takes an extra {@damage 3d6} force damage, and any Dragon of your choice that you can see within 30 feet of you can immediately use its reaction to make a melee attack."
				]
			}
		},
		{
			"name": "Drow +1 Armor",
			"type": "GV",
			"requires": [
				{
					"armor": true
				}
			],
			"inherits": {
				"namePrefix": "Drow +1 ",
				"source": "MM",
				"page": 126,
				"rarity": "unknown (magic)",
				"bonusAc": "+1",
				"entries": [
					"You have a {=bonusAc} bonus to AC while wearing this armor. This armor loses its enchantment bonus permanently if it is exposed to sunlight for 1 hour or longer."
				]
			}
		},
		{
			"name": "Drow +1 Weapon",
			"type": "GV",
			"requires": [
				{
					"weapon": true
				}
			],
			"excludes": {
				"net": true
			},
			"inherits": {
				"namePrefix": "Drow +1 ",
				"source": "MM",
				"page": 126,
				"rarity": "unknown (magic)",
				"bonusWeapon": "+1",
				"entries": [
					"You have a {=bonusWeapon} bonus to attack and damage rolls made with this weapon. This weapon loses its enchantment bonus permanently if it is exposed to sunlight for 1 hour or longer."
				]
			}
		},
		{
			"name": "Drow +2 Armor",
			"type": "GV",
			"requires": [
				{
					"armor": true
				}
			],
			"inherits": {
				"namePrefix": "Drow +2 ",
				"source": "MM",
				"page": 126,
				"rarity": "unknown (magic)",
				"bonusAc": "+2",
				"entries": [
					"You have a {=bonusAc} bonus to AC while wearing this armor. This armor loses its enchantment bonus permanently if it is exposed to sunlight for 1 hour or longer."
				]
			}
		},
		{
			"name": "Drow +2 Weapon",
			"type": "GV",
			"requires": [
				{
					"weapon": true
				}
			],
			"excludes": {
				"net": true
			},
			"inherits": {
				"namePrefix": "Drow +2 ",
				"source": "MM",
				"page": 126,
				"rarity": "unknown (magic)",
				"bonusWeapon": "+2",
				"entries": [
					"You have a {=bonusWeapon} bonus to attack and damage rolls made with this weapon. This weapon loses its enchantment bonus permanently if it is exposed to sunlight for 1 hour or longer."
				]
			}
		},
		{
			"name": "Drow +3 Armor",
			"type": "GV",
			"requires": [
				{
					"armor": true
				}
			],
			"inherits": {
				"namePrefix": "Drow +3 ",
				"source": "MM",
				"page": 126,
				"rarity": "unknown (magic)",
				"bonusAc": "+3",
				"entries": [
					"You have a {=bonusAc} bonus to AC while wearing this armor. This armor loses its enchantment bonus permanently if it is exposed to sunlight for 1 hour or longer."
				]
			}
		},
		{
			"name": "Drow +3 Weapon",
			"type": "GV",
			"requires": [
				{
					"weapon": true
				}
			],
			"excludes": {
				"net": true
			},
			"inherits": {
				"namePrefix": "Drow +3 ",
				"source": "MM",
				"page": 126,
				"rarity": "unknown (magic)",
				"bonusWeapon": "+3",
				"entries": [
					"You have a {=bonusWeapon} bonus to attack and damage rolls made with this weapon. This weapon loses its enchantment bonus permanently if it is exposed to sunlight for 1 hour or longer."
				]
			}
		},
		{
			"name": "Flame Tongue",
			"type": "GV",
			"requires": [
				{
					"sword": true
				}
			],
			"inherits": {
				"namePrefix": "Flame Tongue ",
				"source": "DMG",
				"page": 170,
				"srd": true,
				"tier": "major",
				"rarity": "rare",
				"reqAttune": true,
				"entries": [
					"You can use a bonus action to speak this magic sword's command word, causing flames to erupt from the blade. These flames shed bright light in a 40-foot radius and dim light for an additional 40 feet. While the sword is ablaze, it deals an extra {@dice 2d6} fire damage to any target it hits. The flames last until you use a bonus action to speak the command word again or until you drop or sheathe the sword."
				],
				"lootTables": [
					"Magic Item Table G"
				]
			},
			"hasFluffImages": true
		},
		{
			"name": "Frost Brand",
			"type": "GV",
			"requires": [
				{
					"sword": true
				}
			],
			"inherits": {
				"namePrefix": "Frost Brand ",
				"source": "DMG",
				"page": 171,
				"srd": true,
				"resist": [
					"fire"
				],
				"tier": "major",
				"rarity": "very rare",
				"reqAttune": true,
				"entries": [
					"When you hit with an attack using this magic sword, the target takes an extra {@dice 1d6} cold damage. In addition, while you hold the sword, you have resistance to fire damage.",
					"In freezing temperatures, the blade sheds bright light in a 10-foot radius and dim light for an additional 10 feet.",
					"When you draw this weapon, you can extinguish all nonmagical flames within 30 feet of you. This property can be used no more than once per hour."
				],
				"lootTables": [
					"Magic Item Table H"
				]
			},
			"hasFluffImages": true
		},
		{
			"name": "Gambler's Blade",
			"type": "GV",
			"requires": [
				{
					"sword": true
				}
			],
			"inherits": {
				"namePrefix": "Gambler's Blade ",
				"source": "LLK",
				"page": 55,
				"rarity": "rare",
				"reqAttune": true,
				"curse": true,
				"entries": [
					"Choose a magical bonus of +1 to +3. This sword gains that bonus to its attack and damage rolls. For each point of bonus you choose for the sword, you take a corresponding penalty (\u22121 to \u22123) to your death saving throws. You can change this magical bonus each day at dawn.",
					{
						"name": "Curse",
						"type": "entries",
						"entries": [
							"This weapon is cursed, and becoming attuned to it extends the curse to you. Until the curse is broken with a {@spell remove curse} spell or similar magic, you are unwilling to part with the weapon."
						]
					}
				]
			}
		},
		{
			"name": "Giant Slayer",
			"type": "GV",
			"requires": [
				{
					"axe": true
				},
				{
					"sword": true
				}
			],
			"inherits": {
				"namePrefix": "Giant Slayer ",
				"source": "DMG",
				"page": 172,
				"srd": true,
				"tier": "major",
				"rarity": "rare",
				"bonusWeapon": "+1",
				"entries": [
					"You gain a +1 bonus to attack and damage rolls made with this magic weapon.",
					"When you hit a giant with it, the giant takes an extra {@dice 2d6} damage of the weapon's type and must succeed on a DC 15 Strength saving throw or fall {@condition prone}. For the purpose of this weapon, \"giant\" refers to any creature with the giant type, including ettins and trolls."
				],
				"lootTables": [
					"Magic Item Table G"
				]
			},
			"hasFluffImages": true
		},
		{
			"name": "Hellfire Weapon",
			"type": "GV",
			"requires": [
				{
					"weapon": true
				}
			],
			"inherits": {
				"namePrefix": "Hellfire ",
				"source": "BGDIA",
				"page": 223,
				"rarity": "uncommon",
				"entries": [
					"This weapon is fashioned from infernal iron and traced with veins of hellfire that shed dim light in a 5-foot-radius.",
					"Any humanoid killed by an attack made with this weapon has its soul funneled into the River Styx, where it's reborn instantly as a {@creature lemure} devil."
				]
			},
			"hasFluffImages": true
		},
		{
			"name": "Holy Avenger",
			"type": "GV",
			"requires": [
				{
					"sword": true
				}
			],
			"inherits": {
				"namePrefix": "Holy Avenger ",
				"source": "DMG",
				"page": 174,
				"srd": true,
				"tier": "major",
				"rarity": "legendary",
				"reqAttune": "by a paladin",
				"reqAttuneTags": [
					{
						"class": "paladin"
					}
				],
				"bonusWeapon": "+3",
				"entries": [
					"You gain a +3 bonus to attack and damage rolls made with this magic weapon. When you hit a fiend or an undead with it, that creature takes an extra {@dice 2d10} radiant damage.",
					"While you hold the drawn sword, it creates an aura in a 10-foot radius around you. You and all creatures friendly to you in the aura have advantage on saving throws against spells and other magical effects. If you have 17 or more levels in the paladin class, the radius of the aura increases to 30 feet."
				],
				"lootTables": [
					"Magic Item Table I"
				]
			},
			"hasFluffImages": true
		},
		{
			"name": "Imbued Wood (Fernian Ash)",
			"type": "GV",
			"requires": [
				{
					"type": "SCF",
					"scfType": "arcane"
				}
			],
			"excludes": {
				"name": [
					"Crystal",
					"Orb"
				]
			},
			"inherits": {
				"namePrefix": "Fernian Ash ",
				"source": "ERLW",
				"page": 277,
				"otherSources": [
					{
						"source": "UAWGE",
						"page": 114
					}
				],
				"rarity": "common",
				"reqAttune": true,
				"wondrous": true,
				"bonusSpellDamage": "+1",
				"entries": [
					"An imbued wood focus is a rod, staff, or wand cut from a tree infused with extraplanar energy. If you're a spellcaster, you can use this item as a spellcasting focus.",
					"When you cast a damage-dealing spell using this item as your spellcasting focus, you gain a +1 bonus to one fire damage roll of the spell."
				]
			}
		},
		{
			"name": "Imbued Wood (Irian Rosewood)",
			"type": "GV",
			"requires": [
				{
					"type": "SCF",
					"scfType": "arcane"
				}
			],
			"excludes": {
				"name": [
					"Crystal",
					"Orb"
				]
			},
			"inherits": {
				"namePrefix": "Irian Rosewood ",
				"source": "ERLW",
				"page": 277,
				"otherSources": [
					{
						"source": "UAWGE",
						"page": 114
					}
				],
				"rarity": "common",
				"reqAttune": true,
				"wondrous": true,
				"bonusSpellDamage": "+1",
				"entries": [
					"An imbued wood focus is a rod, staff, or wand cut from a tree infused with extraplanar energy. If you're a spellcaster, you can use this item as a spellcasting focus.",
					"When you cast a damage-dealing spell using this item as your spellcasting focus, you gain a +1 bonus to one radiant damage roll of the spell."
				]
			}
		},
		{
			"name": "Imbued Wood (Kythrian Manchineel)",
			"type": "GV",
			"requires": [
				{
					"type": "SCF",
					"scfType": "arcane"
				}
			],
			"excludes": {
				"name": [
					"Crystal",
					"Orb"
				]
			},
			"inherits": {
				"namePrefix": "Kythrian Manchineel ",
				"source": "ERLW",
				"page": 277,
				"otherSources": [
					{
						"source": "UAWGE",
						"page": 114
					}
				],
				"rarity": "common",
				"reqAttune": true,
				"wondrous": true,
				"bonusSpellDamage": "+1",
				"entries": [
					"An imbued wood focus is a rod, staff, or wand cut from a tree infused with extraplanar energy. If you're a spellcaster, you can use this item as a spellcasting focus.",
					"When you cast a damage-dealing spell using this item as your spellcasting focus, you gain a +1 bonus to one acid or poison damage roll of the spell."
				]
			}
		},
		{
			"name": "Imbued Wood (Lamannian Oak)",
			"type": "GV",
			"requires": [
				{
					"type": "SCF",
					"scfType": "arcane"
				}
			],
			"excludes": {
				"name": [
					"Crystal",
					"Orb"
				]
			},
			"inherits": {
				"namePrefix": "Lamannian Oak ",
				"source": "ERLW",
				"page": 277,
				"otherSources": [
					{
						"source": "UAWGE",
						"page": 114
					}
				],
				"rarity": "common",
				"reqAttune": true,
				"wondrous": true,
				"bonusSpellDamage": "+1",
				"entries": [
					"An imbued wood focus is a rod, staff, or wand cut from a tree infused with extraplanar energy. If you're a spellcaster, you can use this item as a spellcasting focus.",
					"When you cast a damage-dealing spell using this item as your spellcasting focus, you gain a +1 bonus to one lightning or thunder damage roll of the spell."
				]
			}
		},
		{
			"name": "Imbued Wood (Mabaran Ebony)",
			"type": "GV",
			"requires": [
				{
					"type": "SCF",
					"scfType": "arcane"
				}
			],
			"excludes": {
				"name": [
					"Crystal",
					"Orb"
				]
			},
			"inherits": {
				"namePrefix": "Mabaran Ebony ",
				"source": "ERLW",
				"page": 277,
				"otherSources": [
					{
						"source": "UAWGE",
						"page": 114
					}
				],
				"rarity": "common",
				"reqAttune": true,
				"wondrous": true,
				"bonusSpellDamage": "+1",
				"entries": [
					"An imbued wood focus is a rod, staff, or wand cut from a tree infused with extraplanar energy. If you're a spellcaster, you can use this item as a spellcasting focus.",
					"When you cast a damage-dealing spell using this item as your spellcasting focus, you gain a +1 bonus to one necrotic damage roll of the spell."
				]
			}
		},
		{
			"name": "Imbued Wood (Risian Pine)",
			"type": "GV",
			"requires": [
				{
					"type": "SCF",
					"scfType": "arcane"
				}
			],
			"excludes": {
				"name": [
					"Crystal",
					"Orb"
				]
			},
			"inherits": {
				"namePrefix": "Risian Pine ",
				"source": "ERLW",
				"page": 277,
				"otherSources": [
					{
						"source": "UAWGE",
						"page": 114
					}
				],
				"rarity": "common",
				"reqAttune": true,
				"wondrous": true,
				"bonusSpellDamage": "+1",
				"entries": [
					"An imbued wood focus is a rod, staff, or wand cut from a tree infused with extraplanar energy. If you're a spellcaster, you can use this item as a spellcasting focus.",
					"When you cast a damage-dealing spell using this item as your spellcasting focus, you gain a +1 bonus to one cold damage roll of the spell."
				]
			}
		},
		{
			"name": "Imbued Wood (Shavarran Birch)",
			"type": "GV",
			"requires": [
				{
					"type": "SCF",
					"scfType": "arcane"
				}
			],
			"excludes": {
				"name": [
					"Crystal",
					"Orb"
				]
			},
			"inherits": {
				"namePrefix": "Shavarran Birch ",
				"source": "ERLW",
				"page": 277,
				"otherSources": [
					{
						"source": "UAWGE",
						"page": 114
					}
				],
				"rarity": "common",
				"reqAttune": true,
				"wondrous": true,
				"bonusSpellDamage": "+1",
				"entries": [
					"An imbued wood focus is a rod, staff, or wand cut from a tree infused with extraplanar energy. If you're a spellcaster, you can use this item as a spellcasting focus.",
					"When you cast a damage-dealing spell using this item as your spellcasting focus, you gain a +1 bonus to one force damage roll of the spell."
				]
			}
		},
		{
			"name": "Imbued Wood (Xorian Wenge)",
			"type": "GV",
			"requires": [
				{
					"type": "SCF",
					"scfType": "arcane"
				}
			],
			"excludes": {
				"name": [
					"Crystal",
					"Orb"
				]
			},
			"inherits": {
				"namePrefix": "Xorian Wenge ",
				"source": "ERLW",
				"page": 277,
				"otherSources": [
					{
						"source": "UAWGE",
						"page": 114
					}
				],
				"rarity": "common",
				"reqAttune": true,
				"wondrous": true,
				"bonusSpellDamage": "+1",
				"entries": [
					"An imbued wood focus is a rod, staff, or wand cut from a tree infused with extraplanar energy. If you're a spellcaster, you can use this item as a spellcasting focus.",
					"When you cast a damage-dealing spell using this item as your spellcasting focus, you gain a +1 bonus to one psychic damage roll of the spell."
				]
			}
		},
		{
			"name": "Last Stand Armor",
			"type": "GV",
			"requires": [
				{
					"armor": true
				}
			],
			"inherits": {
				"namePrefix": "Last Stand ",
				"source": "EGW",
				"page": 267,
				"rarity": "very rare",
				"bonusAc": "+1",
				"entries": [
					"You have a {=bonusAc} bonus to AC while wearing this armor, which shimmers softly.",
					"If you die while wearing the armor, it is destroyed, and each celestial, fey, and fiend with 30 feet of you must succeed on a DC 15 Charisma saving throw or be banished to its home plane of existence, unless it is already there."
				]
			}
		},
		{
			"name": "Living Armor",
			"type": "GV",
			"requires": [
				{
					"armor": true
				}
			],
			"inherits": {
				"namePrefix": "Living ",
				"source": "ERLW",
				"page": 278,
				"resist": [
					"necrotic",
					"poison",
					"psychic"
				],
				"rarity": "very rare",
				"reqAttune": true,
				"bonusAc": "+1",
				"entries": [
					"This hideous armor is formed from black chitin, beneath which veins pulse and red sinews glisten. To attune to this item, you must wear it for the entire attunement period, during which tendrils on the inside burrow into you.",
					"While wearing this armor, you have a {=bonusAc} bonus to Armor Class, and you have resistance to the following damage types: necrotic, poison, and psychic.",
					{
						"type": "entries",
						"name": "Symbiotic Nature",
						"entries": [
							"The armor can't be removed from you while you're attuned to it, and you can't voluntarily end your attunement to it. If you're targeted by a spell that ends a curse, your attunement to the armor ends, and it detaches from you.",
							"The armor requires fresh blood be fed to it. Immediately after you finish any long rest, you must either feed half of your remaining Hit Dice to the armor (round up) or take 1 level of {@condition exhaustion}."
						]
					}
				]
			}
		},
		{
			"name": "Luck Blade",
			"type": "GV",
			"requires": [
				{
					"sword": true
				}
			],
			"entries": [
				"You gain a +1 bonus to attack and damage rolls made with this magic weapon. While the sword is on your person, you also gain a +1 bonus to saving throws.",
				{
					"type": "entries",
					"name": "Luck",
					"entries": [
						"If the sword is on your person, you can call on its luck (no action required) to reroll one attack roll, ability check, or saving throw you dislike. You must use the second roll. This property can't be used again until the next dawn."
					]
				},
				{
					"type": "entries",
					"name": "Wish",
					"entries": [
						"The sword has {@dice 1d4 - 1} charges. While holding it, you can use an action to expend 1 charge and cast the {@spell wish} spell from it. This property can't be used again until the next dawn. The sword loses this property if it has no charges."
					]
				}
			],
			"inherits": {
				"namePrefix": "Luck Blade ",
				"source": "DMG",
				"page": 179,
				"srd": true,
				"tier": "major",
				"rarity": "legendary",
				"reqAttune": true,
				"bonusWeapon": "+1",
				"bonusSavingThrow": "+1",
				"charges": "{@dice 1d4 - 1}",
				"entries": [
					"You gain a +1 bonus to attack and damage rolls made with this magic weapon. While the sword is on your person, you also gain a +1 bonus to saving throws.",
					{
						"type": "entries",
						"name": "Luck",
						"entries": [
							"If the sword is on your person, you can call on its luck (no action required) to reroll one attack roll, ability check, or saving throw you dislike. You must use the second roll. This property can't be used again until the next dawn."
						]
					},
					{
						"type": "entries",
						"name": "Wish",
						"entries": [
							"The sword has {@dice 1d4 - 1} charges. While holding it, you can use an action to expend 1 charge and cast the {@spell wish} spell from it. This property can't be used again until the next dawn. The sword loses this property if it has no charges."
						]
					}
				],
				"attachedSpells": [
					"wish"
				],
				"lootTables": [
					"Magic Item Table I"
				]
			},
			"hasFluffImages": true
		},
		{
			"name": "Mariner's Armor",
			"type": "GV",
			"requires": [
				{
					"armor": true
				}
			],
			"inherits": {
				"namePrefix": "Mariner's ",
				"source": "DMG",
				"page": 181,
				"tier": "minor",
				"rarity": "uncommon",
				"modifySpeed": {
					"equal": {
						"swim": "walk"
					}
				},
				"entries": [
					"While wearing this armor, you have a swimming speed equal to your walking speed. In addition, whenever you start your turn underwater with 0 hit points, the armor causes you to rise 60 feet toward the surface. The armor is decorated with fish and shell motifs."
				],
				"lootTables": [
					"Magic Item Table B"
				]
			}
		},
		{
			"name": "Mind Blade",
			"type": "GV",
			"requires": [
				{
					"sword": true
				}
			],
			"inherits": {
				"namePrefix": "Mind Blade ",
				"source": "VGM",
				"page": 81,
				"rarity": "rare",
				"reqAttune": "by a specific individual",
				"entries": [
					"Mind flayers can turn any nonmagical sword into a mind blade. Only one creature can attune to it: either a specific mind flayer or one of its thralls. In the hands of any other creature, the mind blade functions as a normal sword of its kind. In the hands of its intended wielder, the mind blade is a magic weapon that deals an extra {@dice 2d6} psychic damage to any target it hits."
				]
			}
		},
		{
			"name": "Mind Carapace Armor",
			"type": "GV",
			"requires": [
				{
					"type": "HA"
				}
			],
			"inherits": {
				"namePrefix": "Mind Carapace ",
				"source": "VGM",
				"page": 81,
				"rarity": "uncommon",
				"reqAttune": "by a specific individual",
				"entries": [
					"Any nonmagical suit of heavy armor can be turned by mind flayers into mind carapace armor. Only one creature can attune to it: either a specific mind flayer or one of its thralls. While worn by any other creature, the mind carapace armor functions as normal armor of its kind. To its intended wearer, the armor grants advantage on Intelligence, Wisdom, and Charisma saving throws and makes its wearer immune to the {@condition frightened} condition."
				]
			}
		},
		{
			"name": "Mithral +1 Armor",
			"type": "GV",
			"requires": [
				{
					"type": "HA"
				},
				{
					"type": "MA"
				}
			],
			"excludes": {
				"name": "Hide Armor"
			},
			"inherits": {
				"namePrefix": "Mithral +1 ",
				"source": "AI",
				"page": 156,
				"rarity": "unknown (magic)",
				"strength": null,
				"bonusAc": "+1",
				"stealth": false,
				"entries": [
					"You have a {=bonusAc} bonus to AC while wearing this armor.",
					"Mithral is a light, flexible metal. A mithral chain shirt or breastplate can be worn under normal clothes. If the armor normally imposes disadvantage on Dexterity ({@skill Stealth}) checks or has a Strength requirement, the mithral version of the armor doesn't."
				]
			}
		},
		{
			"name": "Mithral Armor",
			"type": "GV",
			"requires": [
				{
					"type": "HA"
				},
				{
					"type": "MA"
				}
			],
			"excludes": {
				"name": "Hide Armor"
			},
			"inherits": {
				"namePrefix": "Mithral ",
				"source": "DMG",
				"page": 182,
				"srd": true,
				"tier": "minor",
				"rarity": "uncommon",
				"strength": null,
				"stealth": false,
				"entries": [
					"Mithral is a light, flexible metal. A mithral chain shirt or breastplate can be worn under normal clothes. If the armor normally imposes disadvantage on Dexterity ({@skill Stealth}) checks or has a Strength requirement, the mithral version of the armor doesn't."
				],
				"lootTables": [
					"Magic Item Table B"
				]
			}
		},
		{
			"name": "Mizzium Armor",
			"type": "GV",
			"requires": [
				{
					"type": "HA"
				},
				{
					"type": "MA"
				}
			],
			"excludes": {
				"name": "Hide Armor"
			},
			"inherits": {
				"namePrefix": "Mizzium ",
				"source": "GGR",
				"page": 179,
				"rarity": "rare",
				"entries": [
					"This suit of armor is reinforced with a magically enhanced metal alloy called mizzium, which is made in Izzet foundries. While you're wearing the armor, any critical hit against you becomes a normal hit. In addition, when you are subjected to a magical effect that allows you to make a Strength or Constitution saving throw to take only half damage, you instead take no damage if you succeed on the saving throw."
				]
			}
		},
		{
			"name": "Molten Bronze Skin",
			"type": "GV",
			"requires": [
				{
					"name": "Half Plate Armor",
					"source": "PHB"
				},
				{
					"name": "Plate Armor",
					"source": "PHB"
				},
				{
					"name": "Breastplate",
					"source": "PHB"
				}
			],
			"inherits": {
				"namePrefix": "Molten Bronze Skin ",
				"source": "MOT",
				"page": 197,
				"resist": [
					"fire"
				],
				"rarity": "rare",
				"reqAttune": true,
				"stealth": false,
				"entries": [
					"This magical armor appears as a jug of molten bronze. When you attune to it, the bronze adheres and contours to your skin. The armor can be worn under normal clothes, but it doesn't impede bodily functions. Once you put it on, it can't be removed unless you choose to do so.",
					"While wearing the armor, you have resistance to fire damage. The armor also doesn't impose disadvantage on Dexterity ({@skill Stealth}) checks."
				]
			}
		},
		{
			"name": "Moon-Touched Sword",
			"type": "GV",
			"requires": [
				{
					"sword": true
				}
			],
			"inherits": {
				"namePrefix": "Moon-Touched ",
				"source": "XGE",
				"page": 138,
				"tier": "minor",
				"rarity": "common",
				"entries": [
					"In darkness, the unsheathed blade of this sword sheds moonlight, creating bright light in a 15-foot radius and dim light for an additional 15 feet."
				]
			}
		},
		{
			"name": "Nine Lives Stealer",
			"type": "GV",
			"requires": [
				{
					"sword": true
				}
			],
			"inherits": {
				"namePrefix": "Nine Lives Stealer ",
				"source": "DMG",
				"page": 183,
				"srd": true,
				"tier": "major",
				"rarity": "very rare",
				"reqAttune": true,
				"bonusWeapon": "+2",
				"charges": "{@dice 1d8 + 1}",
				"entries": [
					"You gain a +2 bonus to attack and damage rolls made with this magic weapon.",
					"The sword has {@dice 1d8 + 1} charges. If you score a critical hit against a creature that has fewer than 100 hit points, it must succeed on a DC 15 Constitution saving throw or be slain instantly as the sword tears its life force from its body (a construct or an undead is immune). The sword loses 1 charge if the creature is slain. When the sword has no charges remaining, it loses this property."
				],
				"lootTables": [
					"Magic Item Table H"
				]
			},
			"hasFluffImages": true
		},
		{
			"name": "Orb of Shielding (Fernian Basalt)",
			"type": "GV",
			"requires": [
				{
					"type": "SCF",
					"scfType": "arcane"
				}
			],
			"excludes": {
				"name": [
					"Staff",
					"Rod",
					"Wand"
				]
			},
			"inherits": {
				"namePrefix": "Fernian Basalt ",
				"source": "ERLW",
				"page": 278,
				"otherSources": [
					{
						"source": "UAWGE",
						"page": 114
					}
				],
				"rarity": "common",
				"reqAttune": true,
				"wondrous": true,
				"entries": [
					"An orb of shielding is a polished, spherical chunk of crystal or stone aligned to one of the planes of existence. If you're a spellcaster, you can use this orb as a spellcasting focus.",
					"If you're holding the orb when you take fire damage, you can use your reaction to reduce the damage by {@dice 1d4} (to a minimum of 0)."
				]
			}
		},
		{
			"name": "Orb of Shielding (Irian Quartz)",
			"type": "GV",
			"requires": [
				{
					"type": "SCF",
					"scfType": "arcane"
				}
			],
			"excludes": {
				"name": [
					"Staff",
					"Rod",
					"Wand"
				]
			},
			"inherits": {
				"namePrefix": "Irian Quartz ",
				"source": "ERLW",
				"page": 278,
				"otherSources": [
					{
						"source": "UAWGE",
						"page": 114
					}
				],
				"rarity": "common",
				"reqAttune": true,
				"wondrous": true,
				"entries": [
					"An orb of shielding is a polished, spherical chunk of crystal or stone aligned to one of the planes of existence. If you're a spellcaster, you can use this orb as a spellcasting focus.",
					"If you're holding the orb when you take radiant damage, you can use your reaction to reduce the damage by {@dice 1d4} (to a minimum of 0)."
				]
			}
		},
		{
			"name": "Orb of Shielding (Kythrian Skarn)",
			"type": "GV",
			"requires": [
				{
					"type": "SCF",
					"scfType": "arcane"
				}
			],
			"excludes": {
				"name": [
					"Staff",
					"Rod",
					"Wand"
				]
			},
			"inherits": {
				"namePrefix": "Kythrian Skarn ",
				"source": "ERLW",
				"page": 278,
				"otherSources": [
					{
						"source": "UAWGE",
						"page": 114
					}
				],
				"rarity": "common",
				"reqAttune": true,
				"wondrous": true,
				"entries": [
					"An orb of shielding is a polished, spherical chunk of crystal or stone aligned to one of the planes of existence. If you're a spellcaster, you can use this orb as a spellcasting focus.",
					"If you're holding the orb when you take acid or poison damage, you can use your reaction to reduce the damage by {@dice 1d4} (to a minimum of 0)."
				]
			}
		},
		{
			"name": "Orb of Shielding (Lamannian Flint)",
			"type": "GV",
			"requires": [
				{
					"type": "SCF",
					"scfType": "arcane"
				}
			],
			"excludes": {
				"name": [
					"Staff",
					"Rod",
					"Wand"
				]
			},
			"inherits": {
				"namePrefix": "Lamannian Flint ",
				"source": "ERLW",
				"page": 278,
				"otherSources": [
					{
						"source": "UAWGE",
						"page": 114
					}
				],
				"rarity": "common",
				"reqAttune": true,
				"wondrous": true,
				"entries": [
					"An orb of shielding is a polished, spherical chunk of crystal or stone aligned to one of the planes of existence. If you're a spellcaster, you can use this orb as a spellcasting focus.",
					"If you're holding the orb when you take lightning or thunder damage, you can use your reaction to reduce the damage by {@dice 1d4} (to a minimum of 0)."
				]
			}
		},
		{
			"name": "Orb of Shielding (Mabaran Obsidian)",
			"type": "GV",
			"requires": [
				{
					"type": "SCF",
					"scfType": "arcane"
				}
			],
			"excludes": {
				"name": [
					"Staff",
					"Rod",
					"Wand"
				]
			},
			"inherits": {
				"namePrefix": "Mabaran Obsidian ",
				"source": "ERLW",
				"page": 278,
				"otherSources": [
					{
						"source": "UAWGE",
						"page": 114
					}
				],
				"rarity": "common",
				"reqAttune": true,
				"wondrous": true,
				"entries": [
					"An orb of shielding is a polished, spherical chunk of crystal or stone aligned to one of the planes of existence. If you're a spellcaster, you can use this orb as a spellcasting focus.",
					"If you're holding the orb when you take necrotic damage, you can use your reaction to reduce the damage by {@dice 1d4} (to a minimum of 0)."
				]
			}
		},
		{
			"name": "Orb of Shielding (Risian Shale)",
			"type": "GV",
			"requires": [
				{
					"type": "SCF",
					"scfType": "arcane"
				}
			],
			"excludes": {
				"name": [
					"Staff",
					"Rod",
					"Wand"
				]
			},
			"inherits": {
				"namePrefix": "Risian Shale ",
				"source": "ERLW",
				"page": 278,
				"otherSources": [
					{
						"source": "UAWGE",
						"page": 114
					}
				],
				"rarity": "common",
				"reqAttune": true,
				"wondrous": true,
				"entries": [
					"An orb of shielding is a polished, spherical chunk of crystal or stone aligned to one of the planes of existence. If you're a spellcaster, you can use this orb as a spellcasting focus.",
					"If you're holding the orb when you take cold damage, you can use your reaction to reduce the damage by {@dice 1d4} (to a minimum of 0)."
				]
			}
		},
		{
			"name": "Orb of Shielding (Shavarran Chert)",
			"type": "GV",
			"requires": [
				{
					"type": "SCF",
					"scfType": "arcane"
				}
			],
			"excludes": {
				"name": [
					"Staff",
					"Rod",
					"Wand"
				]
			},
			"inherits": {
				"namePrefix": "Shavarran Chert ",
				"source": "ERLW",
				"page": 278,
				"otherSources": [
					{
						"source": "UAWGE",
						"page": 114
					}
				],
				"rarity": "common",
				"reqAttune": true,
				"wondrous": true,
				"entries": [
					"An orb of shielding is a polished, spherical chunk of crystal or stone aligned to one of the planes of existence. If you're a spellcaster, you can use this orb as a spellcasting focus.",
					"If you're holding the orb when you take force damage, you can use your reaction to reduce the damage by {@dice 1d4} (to a minimum of 0)."
				]
			}
		},
		{
			"name": "Orb of Shielding (Xorian Marble)",
			"type": "GV",
			"requires": [
				{
					"type": "SCF",
					"scfType": "arcane"
				}
			],
			"excludes": {
				"name": [
					"Staff",
					"Rod",
					"Wand"
				]
			},
			"inherits": {
				"namePrefix": "Xorian Marble ",
				"source": "ERLW",
				"page": 278,
				"otherSources": [
					{
						"source": "UAWGE",
						"page": 114
					}
				],
				"rarity": "common",
				"reqAttune": true,
				"wondrous": true,
				"entries": [
					"An orb of shielding is a polished, spherical chunk of crystal or stone aligned to one of the planes of existence. If you're a spellcaster, you can use this orb as a spellcasting focus.",
					"If you're holding the orb when you take psychic damage, you can use your reaction to reduce the damage by {@dice 1d4} (to a minimum of 0)."
				]
			}
		},
		{
			"name": "Polymorph Blade",
			"type": "GV",
			"requires": [
				{
					"sword": true
				}
			],
			"inherits": {
				"namePrefix": "Polymorph Blade ",
				"source": "LLK",
				"page": 56,
				"rarity": "very rare",
				"reqAttune": true,
				"curse": true,
				"entries": [
					"When you attack a creature with this magic weapon and roll a 20 on the attack roll, the creature must make a DC 15 Wisdom saving throw in addition to suffering the attack's normal effects. On a failed save, the creature also suffers the effects of a {@spell polymorph} spell. Roll a d20 and consult the following table to determine the form the target creature is transformed into.",
					{
						"type": "table",
						"caption": "",
						"colLabels": [
							"d20",
							"New Form"
						],
						"colStyles": [
							"col-2 text-center",
							"col-10"
						],
						"rows": [
							[
								"1",
								"{@creature Tyrannosaurus Rex}"
							],
							[
								"2",
								"{@creature Giant Ape}"
							],
							[
								"3",
								"{@creature Elephant}"
							],
							[
								"4",
								"{@creature Giant scorpion}"
							],
							[
								"5",
								"{@creature Rhinoceros}"
							],
							[
								"6",
								"{@creature Polar bear}"
							],
							[
								"7",
								"{@creature Giant toad}"
							],
							[
								"8",
								"{@creature Giant eagle}"
							],
							[
								"9",
								"{@creature Black bear}"
							],
							[
								"10",
								"{@creature Crocodile}"
							],
							[
								"11",
								"{@creature Wolf}"
							],
							[
								"12",
								"{@creature Riding Horse||Horse}"
							],
							[
								"13",
								"{@creature Ox|VGM}"
							],
							[
								"14",
								"{@creature Giant frog}"
							],
							[
								"15",
								"{@creature Poisonous snake}"
							],
							[
								"16",
								"{@creature Hawk}"
							],
							[
								"17",
								"{@creature Octopus}"
							],
							[
								"18",
								"{@creature Cat}"
							],
							[
								"19",
								"{@creature Rat}"
							],
							[
								"20",
								"Rabbit"
							]
						]
					},
					"A creature is immune to this effect if it is immune to damage of the weapon's type, is a shapechanger, or has legendary actions.",
					{
						"name": "Curse",
						"type": "entries",
						"entries": [
							"This weapon is cursed, and becoming attuned to it extends the curse to you. Until the curse is broken with a {@spell remove curse} spell or similar magic, you are unwilling to part with the weapon. Whenever you attack a creature with this weapon and roll a 1 on the attack roll, you suffer the effect of a {@spell polymorph} spell for 1 hour, rolling on the table to determine your new form."
						]
					}
				]
			}
		},
		{
			"name": "Silvered Ammunition",
			"type": "GV",
			"requires": [
				{
					"type": "A"
				},
				{
					"type": "AF"
				}
			],
			"excludes": {
				"name": "Energy Cell"
			},
			"ammo": true,
			"entries": [
				"Some monsters that have immunity or resistance to nonmagical weapons are susceptible to silver ammunition, so cautious adventurers invest extra coin to plate their ammunition in silver. You can silver ten pieces of ammunition for 100 gp. This cost represents not only the price of the silver, but the time and expertise needed to add silver to the ammunition without making it less effective."
			],
			"inherits": {
				"namePrefix": "Silvered ",
				"source": "PHB",
				"page": 148,
				"basicRules": true,
				"tier": "minor",
				"rarity": "unknown"
			}
		},
		{
			"name": "Silvered Weapon",
			"type": "GV",
			"requires": [
				{
					"weapon": true
				}
			],
			"excludes": {
				"net": true
			},
			"entries": [
				"Some monsters that have immunity or resistance to nonmagical weapons are susceptible to silver weapons, so cautious adventurers invest extra coin to plate their weapons with silver. You can silver a single weapon for 100 gp. This cost represents not only the price of the silver, but the time and expertise needed to add silver to the weapon without making it less effective."
			],
			"inherits": {
				"namePrefix": "Silvered ",
				"source": "PHB",
				"page": 148,
				"basicRules": true,
				"tier": "major",
				"rarity": "unknown",
				"valueExpression": "[[baseItem.value]] + 10000"
			}
		},
		{
			"name": "Slumbering Dragon's Wrath Weapon",
			"type": "GV",
			"requires": [
				{
					"weapon": true
				}
			],
			"inherits": {
				"namePrefix": "Slumbering Dragon's Wrath ",
				"source": "FTD",
				"page": 25,
				"rarity": "uncommon",
				"reqAttune": true,
				"bonusWeapon": "+1",
				"entries": [
					"This weapon is decorated with dragon heads, claws, wings, scales, or Draconic letters. When it steeps in a dragon's hoard, it absorbs the energy of the dragon's breath weapon and deals damage of that type with its special properties.",
					"Whenever you roll a 20 on your attack roll with this weapon, each creature of your choice within 5 feet of the target takes 5 damage of the type dealt by the dragon's breath weapon."
				]
			}
		},
		{
			"name": "Smoldering Armor",
			"type": "GV",
			"requires": [
				{
					"armor": true
				}
			],
			"inherits": {
				"namePrefix": "Smoldering ",
				"source": "XGE",
				"page": 139,
				"tier": "minor",
				"rarity": "common",
				"entries": [
					"Wisps of harmless, odorless smoke rise from this armor while it is worn."
				]
			}
		},
		{
			"name": "Stirring Dragon's Wrath Weapon",
			"type": "GV",
			"requires": [
				{
					"weapon": true
				}
			],
			"inherits": {
				"namePrefix": "Stirring Dragon's Wrath ",
				"source": "FTD",
				"page": 25,
				"rarity": "rare",
				"reqAttune": true,
				"bonusWeapon": "+1",
				"entries": [
					"This weapon is decorated with dragon heads, claws, wings, scales, or Draconic letters. When it steeps in a dragon's hoard, it absorbs the energy of the dragon's breath weapon and deals damage of that type with its special properties.",
					"Whenever you roll a 20 on your attack roll with this weapon, each creature of your choice within 5 feet of the target takes 5 damage of the type dealt by the dragon's breath weapon.",
					"You gain a {=bonusWeapon} bonus to attack and damage rolls made using the weapon. On a hit, the weapon deals an extra {@damage 1d6} damage of the type dealt by the dragon's breath weapon."
				]
			}
		},
		{
			"name": "Sword of Life Stealing",
			"type": "GV",
			"requires": [
				{
					"sword": true
				}
			],
			"inherits": {
				"nameSuffix": " of Life Stealing",
				"source": "DMG",
				"page": 206,
				"srd": true,
				"tier": "major",
				"rarity": "rare",
				"reqAttune": true,
				"entries": [
					"When you attack a creature with this magic weapon and roll a 20 on the attack roll, that target takes an extra 10 necrotic damage if it isn't a construct or an undead. You also gain 10 temporary hit points.",
					"{@i Note: According to the SRD, it is an extra {@dice 3d6} necrotic damage, although {@link this is incorrect|https://rpg.stackexchange.com/a/174522/53884}.}"
				],
				"lootTables": [
					"Magic Item Table G"
				]
			},
			"hasFluffImages": true
		},
		{
			"name": "Sword of Sharpness",
			"type": "GV",
			"requires": [
				{
					"sword": true,
					"dmgType": "S"
				}
			],
			"inherits": {
				"nameSuffix": " of Sharpness",
				"source": "DMG",
				"page": 206,
				"srd": true,
				"tier": "major",
				"rarity": "very rare",
				"reqAttune": true,
				"entries": [
					"When you attack an object with this magic sword and hit, maximize your weapon damage dice against the target.",
					"When you attack a creature with this weapon and roll a 20 on the attack roll, that target takes an extra 14 slashing damage. Then roll another {@dice d20}. If you roll a 20, you lop off one of the target's limbs, with the effect of such loss determined by the DM. If the creature has no limb to sever, you lop off a portion of its body instead.",
					"{@i Note: According to the SRD, it is an extra {@dice 4d6} slashing damage, although {@link this is incorrect|https://rpg.stackexchange.com/a/174522/53884}}.",
					"In addition, you can speak the sword's command to cause the blade to shed bright light in a 10-foot radius and dim light for an additional 10 feet. Speaking the command word again or sheathing the sword puts out the light."
				],
				"lootTables": [
					"Magic Item Table H"
				]
			},
			"hasFluffImages": true
		},
		{
			"name": "Sword of Vengeance",
			"type": "GV",
			"requires": [
				{
					"sword": true
				}
			],
			"inherits": {
				"nameSuffix": " of Vengeance",
				"source": "DMG",
				"page": 206,
				"tier": "major",
				"rarity": "uncommon",
				"reqAttune": true,
				"curse": true,
				"bonusWeapon": "+1",
				"entries": [
					"You gain a +1 bonus to attack and damage rolls made with this magic weapon.",
					{
						"name": "Curse",
						"type": "entries",
						"entries": [
							"This sword is cursed and possessed by a vengeful spirit. Becoming attuned to it extends the curse to you. As long as you remain cursed, you are unwilling to part with the sword, keeping it on your person at all times. While attuned to this weapon, you have disadvantage on attack rolls made with weapons other than this one.",
							"In addition, while the sword is on your person, you must succeed on a DC 15 Wisdom saving throw whenever you take damage in combat. On a failed save you must attack the creature that damaged you until you drop to 0 hit points or it does, or until you can't reach the creature to make a melee attack against it.",
							"You can break the curse in the usual ways. Alternatively, casting {@spell banishment} on the sword forces the vengeful spirit to leave it. The sword then becomes a +1 weapon with no other properties."
						]
					}
				],
				"lootTables": [
					"Magic Item Table F"
				]
			}
		},
		{
			"name": "Sword of Wounding",
			"type": "GV",
			"requires": [
				{
					"sword": true
				}
			],
			"inherits": {
				"nameSuffix": " of Wounding",
				"source": "DMG",
				"page": 207,
				"srd": true,
				"tier": "major",
				"rarity": "rare",
				"reqAttune": true,
				"entries": [
					"Hit points lost to this weapon's damage can be regained only through a short or long rest, rather than by regeneration, magic, or any other means.",
					"Once per turn, when you hit a creature with an attack using this magic weapon, you can wound the target. At the start of each of the wounded creature's turns, it takes {@dice 1d4} necrotic damage for each time you've wounded it, and it can then make a DC 15 Constitution saving throw, ending the effect of all such wounds on itself on a success. Alternatively, the wounded creature, or a creature within 5 feet of it, can use an action to make a DC 15 Wisdom ({@skill Medicine}) check, ending the effect of such wounds on it on a success."
				],
				"lootTables": [
					"Magic Item Table G"
				]
			}
		},
		{
			"name": "Vicious +1 Weapon",
			"type": "GV",
			"requires": [
				{
					"weapon": true
				}
			],
			"excludes": {
				"net": true
			},
			"entries": [
				"When you roll a 20 with this magic weapon, the target takes an extra 7 damage of the weapon's type.",
				"{@i Note: According to the SRD, it is an extra {@dice 2d6} damage, although {@link this is incorrect|https://rpg.stackexchange.com/a/174522/53884}.}"
			],
			"inherits": {
				"namePrefix": "Vicious +1 ",
				"source": "AI",
				"page": 149,
				"rarity": "unknown (magic)",
				"bonusWeapon": "+1",
				"entries": [
					"You have a {=bonusWeapon} bonus to attack and damage rolls made with this weapon.",
					"When you roll a 20 with this magic weapon, the target takes an extra 7 {=dmgType} damage.",
					"{@i Note: According to the SRD, it is an extra {@dice 2d6} {=dmgType} damage, although {@link this is incorrect|https://rpg.stackexchange.com/a/174522/53884}.}"
				]
			}
		},
		{
			"name": "Vicious Weapon",
			"type": "GV",
			"requires": [
				{
					"weapon": true
				}
			],
			"excludes": {
				"net": true
			},
			"entries": [
				"When you roll a 20 with this magic weapon, the target takes an extra 7 damage of the weapon's type.",
				"{@i Note: According to the SRD, it is an extra {@dice 2d6} damage, although {@link this is incorrect|https://rpg.stackexchange.com/a/174522/53884}.}"
			],
			"inherits": {
				"namePrefix": "Vicious ",
				"source": "DMG",
				"page": 209,
				"srd": true,
				"tier": "major",
				"rarity": "rare",
				"entries": [
					"When you roll a 20 with this magic weapon, the target takes an extra 7 {=dmgType} damage.",
					"{@i Note: According to the SRD, it is an extra {@dice 2d6} {=dmgType} damage, although {@link this is incorrect|https://rpg.stackexchange.com/a/174522/53884}.}"
				],
				"lootTables": [
					"Magic Item Table G"
				]
			},
			"hasFluffImages": true
		},
		{
			"name": "Vorpal Sword",
			"type": "GV",
			"requires": [
				{
					"sword": true,
					"dmgType": "S"
				}
			],
			"inherits": {
				"namePrefix": "Vorpal ",
				"source": "DMG",
				"page": 209,
				"srd": true,
				"tier": "major",
				"rarity": "legendary",
				"reqAttune": true,
				"bonusWeapon": "+3",
				"entries": [
					"You gain a +3 bonus to attack and damage rolls made with this magic weapon. In addition, the weapon ignores resistance to slashing damage.",
					"When you attack a creature that has at least one head with this weapon and roll a 20 on the attack roll, you cut off one of the creature's heads. The creature dies if it can't survive without the lost head. A creature is immune to this effect if it is immune to slashing damage, doesn't have or need a head, has legendary actions, or the DM decides that the creature is too big for its head to be cut off with this weapon. Such a creature instead takes an extra {@dice 6d8} slashing damage from the hit."
				],
				"lootTables": [
					"Magic Item Table I"
				]
			},
			"hasFluffImages": true
		},
		{
			"name": "Wakened Dragon's Wrath Weapon",
			"type": "GV",
			"requires": [
				{
					"weapon": true
				}
			],
			"inherits": {
				"namePrefix": "Wakened Dragon's Wrath ",
				"source": "FTD",
				"page": 25,
				"rarity": "very rare",
				"reqAttune": true,
				"bonusWeapon": "+2",
				"entries": [
					"This weapon is decorated with dragon heads, claws, wings, scales, or Draconic letters. When it steeps in a dragon's hoard, it absorbs the energy of the dragon's breath weapon and deals damage of that type with its special properties.",
					"Whenever you roll a 20 on your attack roll with this weapon, each creature of your choice within 5 feet of the target takes 5 damage of the type dealt by the dragon's breath weapon.",
					"You gain a {=bonusWeapon} bonus to attack and damage rolls made using the weapon. On a hit, the weapon deals an extra {@damage 2d6} damage of the type dealt by the dragon's breath weapon.",
					"As an action, you can unleash a 30-foot cone of destructive energy from the weapon. Each creature in that area must make a DC 16 Dexterity saving throw, taking {@damage 8d6} damage of the type dealt by the dragon's breath weapon on a failed save, or half as much damage on a successful one. Once this action is used, it can't be used again until the next dawn."
				]
			}
		},
		{
			"name": "Walloping Ammunition",
			"type": "GV",
			"requires": [
				{
					"type": "A"
				},
				{
					"type": "AF"
				}
			],
			"ammo": true,
			"inherits": {
				"namePrefix": "Walloping ",
				"source": "XGE",
				"page": 139,
				"tier": "minor",
				"rarity": "common",
				"entries": [
					" This ammunition packs a wallop. A creature hit by the ammunition must succeed on a DC 10 Strength saving throw or be knocked {@condition prone}."
				]
			}
		},
		{
			"name": "Weapon of Certain Death",
			"type": "GV",
			"requires": [
				{
					"weapon": true
				}
			],
			"excludes": {
				"net": true
			},
			"inherits": {
				"nameSuffix": " of Certain Death",
				"source": "EGW",
				"page": 270,
				"rarity": "rare",
				"entries": [
					"When you damage a creature with an attack using this magic weapon, the target can't regain hit points until the start of your next turn."
				]
			}
		},
		{
			"name": "Weapon of Warning",
			"type": "GV",
			"requires": [
				{
					"weapon": true
				}
			],
			"inherits": {
				"nameSuffix": " of Warning",
				"source": "DMG",
				"page": 213,
				"tier": "major",
				"rarity": "uncommon",
				"reqAttune": true,
				"entries": [
					"This magic weapon warns you of danger. While the weapon is on your person, you have advantage on initiative rolls. In addition, you and any of your companions within 30 feet of you can't be surprised, except when {@condition incapacitated} by something other than nonmagical sleep. The weapon magically awakens you and your companions within range if any of you are sleeping naturally when combat begins."
				],
				"lootTables": [
					"Magic Item Table F"
				]
			},
			"hasFluffImages": true
		}
	],
	"linkedLootTables": {
		"DMG": {
			"Arrow of Slaying": [
				"Magic Item Table E"
			],
			"Shield +1": [
				"Magic Item Table F"
			],
			"Adamantine Chain Mail": [
				"Magic Item Table F"
			],
			"Adamantine Chain Shirt": [
				"Magic Item Table F"
			],
			"Adamantine Scale Mail": [
				"Magic Item Table F"
			],
			"Adamantine Breastplate": [
				"Magic Item Table G"
			],
			"Adamantine Splint Armor": [
				"Magic Item Table G"
			],
			"Chain Mail +1": [
				"Magic Item Table G"
			],
			"Chain Mail of Acid Resistance": [
				"Magic Item Table G"
			],
			"Chain Mail of Cold Resistance": [
				"Magic Item Table G"
			],
			"Chain Mail of Fire Resistance": [
				"Magic Item Table G"
			],
			"Chain Mail of Force Resistance": [
				"Magic Item Table G"
			],
			"Chain Mail of Lightning Resistance": [
				"Magic Item Table G"
			],
			"Chain Mail of Necrotic Resistance": [
				"Magic Item Table G"
			],
			"Chain Mail of Poison Resistance": [
				"Magic Item Table G"
			],
			"Chain Mail of Psychic Resistance": [
				"Magic Item Table G"
			],
			"Chain Mail of Radiant Resistance": [
				"Magic Item Table G"
			],
			"Chain Mail of Thunder Resistance": [
				"Magic Item Table G"
			],
			"Chain Shirt +1": [
				"Magic Item Table G"
			],
			"Chain Shirt of Acid Resistance": [
				"Magic Item Table G"
			],
			"Chain Shirt of Cold Resistance": [
				"Magic Item Table G"
			],
			"Chain Shirt of Fire Resistance": [
				"Magic Item Table G"
			],
			"Chain Shirt of Force Resistance": [
				"Magic Item Table G"
			],
			"Chain Shirt of Lightning Resistance": [
				"Magic Item Table G"
			],
			"Chain Shirt of Necrotic Resistance": [
				"Magic Item Table G"
			],
			"Chain Shirt of Poison Resistance": [
				"Magic Item Table G"
			],
			"Chain Shirt of Psychic Resistance": [
				"Magic Item Table G"
			],
			"Chain Shirt of Radiant Resistance": [
				"Magic Item Table G"
			],
			"Chain Shirt of Thunder Resistance": [
				"Magic Item Table G"
			],
			"Leather Armor +1": [
				"Magic Item Table G"
			],
			"Leather Armor of Acid Resistance": [
				"Magic Item Table G"
			],
			"Leather Armor of Cold Resistance": [
				"Magic Item Table G"
			],
			"Leather Armor of Fire Resistance": [
				"Magic Item Table G"
			],
			"Leather Armor of Force Resistance": [
				"Magic Item Table G"
			],
			"Leather Armor of Lightning Resistance": [
				"Magic Item Table G"
			],
			"Leather Armor of Necrotic Resistance": [
				"Magic Item Table G"
			],
			"Leather Armor of Poison Resistance": [
				"Magic Item Table G"
			],
			"Leather Armor of Psychic Resistance": [
				"Magic Item Table G"
			],
			"Leather Armor of Radiant Resistance": [
				"Magic Item Table G"
			],
			"Leather Armor of Thunder Resistance": [
				"Magic Item Table G"
			],
			"Scale Mail +1": [
				"Magic Item Table G",
				"Magic Item Table I"
			],
			"Scale Mail of Acid Resistance": [
				"Magic Item Table G"
			],
			"Scale Mail of Cold Resistance": [
				"Magic Item Table G"
			],
			"Scale Mail of Fire Resistance": [
				"Magic Item Table G"
			],
			"Scale Mail of Force Resistance": [
				"Magic Item Table G"
			],
			"Scale Mail of Lightning Resistance": [
				"Magic Item Table G"
			],
			"Scale Mail of Necrotic Resistance": [
				"Magic Item Table G"
			],
			"Scale Mail of Poison Resistance": [
				"Magic Item Table G"
			],
			"Scale Mail of Psychic Resistance": [
				"Magic Item Table G"
			],
			"Scale Mail of Radiant Resistance": [
				"Magic Item Table G"
			],
			"Scale Mail of Thunder Resistance": [
				"Magic Item Table G"
			],
			"Shield +2": [
				"Magic Item Table G"
			],
			"Shield +3": [
				"Magic Item Table H"
			],
			"Adamantine Half Plate Armor": [
				"Magic Item Table H"
			],
			"Adamantine Plate Armor": [
				"Magic Item Table H"
			],
			"Breastplate +1": [
				"Magic Item Table H"
			],
			"Breastplate of Acid Resistance": [
				"Magic Item Table H"
			],
			"Breastplate of Cold Resistance": [
				"Magic Item Table H"
			],
			"Breastplate of Fire Resistance": [
				"Magic Item Table H"
			],
			"Breastplate of Force Resistance": [
				"Magic Item Table H"
			],
			"Breastplate of Lightning Resistance": [
				"Magic Item Table H"
			],
			"Breastplate of Necrotic Resistance": [
				"Magic Item Table H"
			],
			"Breastplate of Poison Resistance": [
				"Magic Item Table H"
			],
			"Breastplate of Psychic Resistance": [
				"Magic Item Table H"
			],
			"Breastplate of Radiant Resistance": [
				"Magic Item Table H"
			],
			"Breastplate of Thunder Resistance": [
				"Magic Item Table H"
			],
			"Chain Mail +2": [
				"Magic Item Table H"
			],
			"Chain Shirt +2": [
				"Magic Item Table H"
			],
			"Leather Armor +2": [
				"Magic Item Table H"
			],
			"Scale Mail +2": [
				"Magic Item Table H"
			],
			"Splint Armor +1": [
				"Magic Item Table H"
			],
			"Splint Armor of Acid Resistance": [
				"Magic Item Table H"
			],
			"Splint Armor of Cold Resistance": [
				"Magic Item Table H"
			],
			"Splint Armor of Fire Resistance": [
				"Magic Item Table H"
			],
			"Splint Armor of Force Resistance": [
				"Magic Item Table H"
			],
			"Splint Armor of Lightning Resistance": [
				"Magic Item Table H"
			],
			"Splint Armor of Necrotic Resistance": [
				"Magic Item Table H"
			],
			"Splint Armor of Poison Resistance": [
				"Magic Item Table H"
			],
			"Splint Armor of Psychic Resistance": [
				"Magic Item Table H"
			],
			"Splint Armor of Radiant Resistance": [
				"Magic Item Table H"
			],
			"Splint Armor of Thunder Resistance": [
				"Magic Item Table H"
			],
			"Studded Leather Armor +1": [
				"Magic Item Table H"
			],
			"Studded Leather Armor of Acid Resistance": [
				"Magic Item Table H"
			],
			"Studded Leather Armor of Cold Resistance": [
				"Magic Item Table H"
			],
			"Studded Leather Armor of Fire Resistance": [
				"Magic Item Table H"
			],
			"Studded Leather Armor of Force Resistance": [
				"Magic Item Table H"
			],
			"Studded Leather Armor of Lightning Resistance": [
				"Magic Item Table H"
			],
			"Studded Leather Armor of Necrotic Resistance": [
				"Magic Item Table H"
			],
			"Studded Leather Armor of Poison Resistance": [
				"Magic Item Table H"
			],
			"Studded Leather Armor of Psychic Resistance": [
				"Magic Item Table H"
			],
			"Studded Leather Armor of Radiant Resistance": [
				"Magic Item Table H"
			],
			"Studded Leather Armor of Thunder Resistance": [
				"Magic Item Table H"
			],
			"Breastplate +2": [
				"Magic Item Table I"
			],
			"Chain Mail +3": [
				"Magic Item Table I"
			],
			"Chain Shirt +3": [
				"Magic Item Table I"
			],
			"Half Plate Armor +1": [
				"Magic Item Table I"
			],
			"Leather Armor +3": [
				"Magic Item Table I"
			],
			"Plate Armor +1": [
				"Magic Item Table I"
			],
			"Splint Armor +2": [
				"Magic Item Table I"
			],
			"Studded Leather Armor +2": [
				"Magic Item Table I"
			],
			"Half Plate Armor +2": [
				"Magic Item Table I"
			],
			"Plate Armor +2": [
				"Magic Item Table I"
			],
			"Studded Leather Armor +3": [
				"Magic Item Table I"
			],
			"Breastplate +3": [
				"Magic Item Table I"
			],
			"Splint Armor +3": [
				"Magic Item Table I"
			],
			"Half Plate Armor +3": [
				"Magic Item Table I"
			],
			"Plate Armor +3": [
				"Magic Item Table I"
			],
			"Half Plate Armor of Acid Resistance": [
				"Magic Item Table I"
			],
			"Half Plate Armor of Cold Resistance": [
				"Magic Item Table I"
			],
			"Half Plate Armor of Fire Resistance": [
				"Magic Item Table I"
			],
			"Half Plate Armor of Force Resistance": [
				"Magic Item Table I"
			],
			"Half Plate Armor of Lightning Resistance": [
				"Magic Item Table I"
			],
			"Half Plate Armor of Necrotic Resistance": [
				"Magic Item Table I"
			],
			"Half Plate Armor of Poison Resistance": [
				"Magic Item Table I"
			],
			"Half Plate Armor of Psychic Resistance": [
				"Magic Item Table I"
			],
			"Half Plate Armor of Radiant Resistance": [
				"Magic Item Table I"
			],
			"Half Plate Armor of Thunder Resistance": [
				"Magic Item Table I"
			],
			"Plate Armor of Acid Resistance": [
				"Magic Item Table I"
			],
			"Plate Armor of Cold Resistance": [
				"Magic Item Table I"
			],
			"Plate Armor of Fire Resistance": [
				"Magic Item Table I"
			],
			"Plate Armor of Force Resistance": [
				"Magic Item Table I"
			],
			"Plate Armor of Lightning Resistance": [
				"Magic Item Table I"
			],
			"Plate Armor of Necrotic Resistance": [
				"Magic Item Table I"
			],
			"Plate Armor of Poison Resistance": [
				"Magic Item Table I"
			],
			"Plate Armor of Psychic Resistance": [
				"Magic Item Table I"
			],
			"Plate Armor of Radiant Resistance": [
				"Magic Item Table I"
			],
			"Plate Armor of Thunder Resistance": [
				"Magic Item Table I"
			]
		}
	}
}
